experiment,condition,seed,generation_count,gen,population_size,mutation_rate,tournament_size,elite_rate,architecture,parameter_count,input_pattern,weight_profile,best_fitness,avg_fitness
seed_repeat,default_0.05_t3,42,24,0,16,0.05,3,0.2,1x16,242,default,baseline,174.64691605755775,123.93725940568496
seed_repeat,default_0.05_t3,42,24,1,16,0.05,3,0.2,1x16,242,default,baseline,174.64691605755775,148.9639298638253
seed_repeat,default_0.05_t3,42,24,2,16,0.05,3,0.2,1x16,242,default,baseline,174.64691605755775,160.42390611248203
seed_repeat,default_0.05_t3,42,24,3,16,0.05,3,0.2,1x16,242,default,baseline,174.64691605755775,157.5669628087997
seed_repeat,default_0.05_t3,42,24,4,16,0.05,3,0.2,1x16,242,default,baseline,175.73311601712504,164.23801538483656
seed_repeat,default_0.05_t3,42,24,5,16,0.05,3,0.2,1x16,242,default,baseline,175.73311601712504,168.56865332272028
seed_repeat,default_0.05_t3,42,24,6,16,0.05,3,0.2,1x16,242,default,baseline,181.04595937421925,163.04693308673495
seed_repeat,default_0.05_t3,42,24,7,16,0.05,3,0.2,1x16,242,default,baseline,181.04595937421925,174.43551415475696
seed_repeat,default_0.05_t3,42,24,8,16,0.05,3,0.2,1x16,242,default,baseline,189.51639930645035,178.40913634734326
seed_repeat,default_0.05_t3,42,24,9,16,0.05,3,0.2,1x16,242,default,baseline,191.06371560566043,181.1986107018677
seed_repeat,default_0.05_t3,42,24,10,16,0.05,3,0.2,1x16,242,default,baseline,192.8684936039523,186.61038690753907
seed_repeat,default_0.05_t3,42,24,11,16,0.05,3,0.2,1x16,242,default,baseline,193.2444389304991,187.59571831130853
seed_repeat,default_0.05_t3,42,24,12,16,0.05,3,0.2,1x16,242,default,baseline,201.46595515347644,191.1277579053972
seed_repeat,default_0.05_t3,42,24,13,16,0.05,3,0.2,1x16,242,default,baseline,201.46595515347644,194.023417998318
seed_repeat,default_0.05_t3,42,24,14,16,0.05,3,0.2,1x16,242,default,baseline,207.9504699640604,195.6492901170945
seed_repeat,default_0.05_t3,42,24,15,16,0.05,3,0.2,1x16,242,default,baseline,216.4896343896622,199.10776492017902
seed_repeat,default_0.05_t3,42,24,16,16,0.05,3,0.2,1x16,242,default,baseline,227.1099939595582,203.47476562359833
seed_repeat,default_0.05_t3,42,24,17,16,0.05,3,0.2,1x16,242,default,baseline,237.04337215376117,215.14617154052345
seed_repeat,default_0.05_t3,42,24,18,16,0.05,3,0.2,1x16,242,default,baseline,237.04337215376117,220.3149075274634
seed_repeat,default_0.05_t3,42,24,19,16,0.05,3,0.2,1x16,242,default,baseline,238.36310551663848,229.36186104740935
seed_repeat,default_0.05_t3,42,24,20,16,0.05,3,0.2,1x16,242,default,baseline,244.53851842371557,234.49206492460644
seed_repeat,default_0.05_t3,42,24,21,16,0.05,3,0.2,1x16,242,default,baseline,246.51885843893393,239.02489897784602
seed_repeat,default_0.05_t3,42,24,22,16,0.05,3,0.2,1x16,242,default,baseline,249.85659201528796,242.89771888162488
seed_repeat,default_0.05_t3,42,24,23,16,0.05,3,0.2,1x16,242,default,baseline,249.85659201528796,245.86792697423815
seed_repeat,default_0.05_t3,42,24,24,16,0.05,3,0.2,1x16,242,default,baseline,251.0851693890619,247.70110690572403
seed_repeat,default_0.05_t3,43,24,0,16,0.05,3,0.2,1x16,242,default,baseline,173.15606138289232,124.72290905134332
seed_repeat,default_0.05_t3,43,24,1,16,0.05,3,0.2,1x16,242,default,baseline,173.15606138289232,150.26430615530128
seed_repeat,default_0.05_t3,43,24,2,16,0.05,3,0.2,1x16,242,default,baseline,173.15606138289232,155.7818541027758
seed_repeat,default_0.05_t3,43,24,3,16,0.05,3,0.2,1x16,242,default,baseline,175.20696020168583,171.69016608388944
seed_repeat,default_0.05_t3,43,24,4,16,0.05,3,0.2,1x16,242,default,baseline,175.31612099456083,173.33880310772213
seed_repeat,default_0.05_t3,43,24,5,16,0.05,3,0.2,1x16,242,default,baseline,180.24178085092962,174.24790519281134
seed_repeat,default_0.05_t3,43,24,6,16,0.05,3,0.2,1x16,242,default,baseline,180.24178085092962,175.49842200187047
seed_repeat,default_0.05_t3,43,24,7,16,0.05,3,0.2,1x16,242,default,baseline,182.05616110824013,178.981723181118
seed_repeat,default_0.05_t3,43,24,8,16,0.05,3,0.2,1x16,242,default,baseline,182.05616110824013,179.45132426114108
seed_repeat,default_0.05_t3,43,24,9,16,0.05,3,0.2,1x16,242,default,baseline,186.91518196252457,181.53860456998507
seed_repeat,default_0.05_t3,43,24,10,16,0.05,3,0.2,1x16,242,default,baseline,187.03660152145164,182.4380819450007
seed_repeat,default_0.05_t3,43,24,11,16,0.05,3,0.2,1x16,242,default,baseline,189.00196249823074,184.75956957294576
seed_repeat,default_0.05_t3,43,24,12,16,0.05,3,0.2,1x16,242,default,baseline,189.9349304646565,186.23837388327925
seed_repeat,default_0.05_t3,43,24,13,16,0.05,3,0.2,1x16,242,default,baseline,199.75401362312607,189.5414680720853
seed_repeat,default_0.05_t3,43,24,14,16,0.05,3,0.2,1x16,242,default,baseline,209.39590334224113,194.90563859023754
seed_repeat,default_0.05_t3,43,24,15,16,0.05,3,0.2,1x16,242,default,baseline,214.22295133408568,203.18287751702397
seed_repeat,default_0.05_t3,43,24,16,16,0.05,3,0.2,1x16,242,default,baseline,219.6539480246475,206.00853187382694
seed_repeat,default_0.05_t3,43,24,17,16,0.05,3,0.2,1x16,242,default,baseline,219.6539480246475,214.1696783545881
seed_repeat,default_0.05_t3,43,24,18,16,0.05,3,0.2,1x16,242,default,baseline,223.7524350579347,216.4433647922316
seed_repeat,default_0.05_t3,43,24,19,16,0.05,3,0.2,1x16,242,default,baseline,225.37433233571136,220.78950073095154
seed_repeat,default_0.05_t3,43,24,20,16,0.05,3,0.2,1x16,242,default,baseline,227.36087570613455,221.83611540537973
seed_repeat,default_0.05_t3,43,24,21,16,0.05,3,0.2,1x16,242,default,baseline,227.36087570613455,222.82336974762856
seed_repeat,default_0.05_t3,43,24,22,16,0.05,3,0.2,1x16,242,default,baseline,227.61307876818015,225.31617761683515
seed_repeat,default_0.05_t3,43,24,23,16,0.05,3,0.2,1x16,242,default,baseline,228.56808074663303,225.473992653923
seed_repeat,default_0.05_t3,43,24,24,16,0.05,3,0.2,1x16,242,default,baseline,229.11948911724846,226.33227089892588
seed_repeat,default_0.05_t3,44,24,0,16,0.05,3,0.2,1x16,242,default,baseline,175.29002860123632,118.06396367334293
seed_repeat,default_0.05_t3,44,24,1,16,0.05,3,0.2,1x16,242,default,baseline,175.29002860123632,142.8012149356842
seed_repeat,default_0.05_t3,44,24,2,16,0.05,3,0.2,1x16,242,default,baseline,175.29002860123632,147.38241187368334
seed_repeat,default_0.05_t3,44,24,3,16,0.05,3,0.2,1x16,242,default,baseline,177.83604623900192,156.2075035736162
seed_repeat,default_0.05_t3,44,24,4,16,0.05,3,0.2,1x16,242,default,baseline,177.83604623900192,163.223931782735
seed_repeat,default_0.05_t3,44,24,5,16,0.05,3,0.2,1x16,242,default,baseline,179.66967597423496,168.7956577141074
seed_repeat,default_0.05_t3,44,24,6,16,0.05,3,0.2,1x16,242,default,baseline,181.09260359106992,174.38187855523648
seed_repeat,default_0.05_t3,44,24,7,16,0.05,3,0.2,1x16,242,default,baseline,189.2888332219806,179.64147050188967
seed_repeat,default_0.05_t3,44,24,8,16,0.05,3,0.2,1x16,242,default,baseline,189.2888332219806,182.33397063633055
seed_repeat,default_0.05_t3,44,24,9,16,0.05,3,0.2,1x16,242,default,baseline,192.08896761475634,181.58487650369852
seed_repeat,default_0.05_t3,44,24,10,16,0.05,3,0.2,1x16,242,default,baseline,200.63761965609177,182.97355984320444
seed_repeat,default_0.05_t3,44,24,11,16,0.05,3,0.2,1x16,242,default,baseline,200.63761965609177,185.45593433601596
seed_repeat,default_0.05_t3,44,24,12,16,0.05,3,0.2,1x16,242,default,baseline,200.63761965609177,190.51760049039893
seed_repeat,default_0.05_t3,44,24,13,16,0.05,3,0.2,1x16,242,default,baseline,200.63761965609177,189.02587691018977
seed_repeat,default_0.05_t3,44,24,14,16,0.05,3,0.2,1x16,242,default,baseline,205.75322429889232,193.62082110042547
seed_repeat,default_0.05_t3,44,24,15,16,0.05,3,0.2,1x16,242,default,baseline,211.130467051269,198.30842748608612
seed_repeat,default_0.05_t3,44,24,16,16,0.05,3,0.2,1x16,242,default,baseline,218.06895174320277,204.0218192779036
seed_repeat,default_0.05_t3,44,24,17,16,0.05,3,0.2,1x16,242,default,baseline,223.46804655084264,209.86007018268162
seed_repeat,default_0.05_t3,44,24,18,16,0.05,3,0.2,1x16,242,default,baseline,233.22640213152405,215.7187192256182
seed_repeat,default_0.05_t3,44,24,19,16,0.05,3,0.2,1x16,242,default,baseline,238.37767987235574,224.5474181784976
seed_repeat,default_0.05_t3,44,24,20,16,0.05,3,0.2,1x16,242,default,baseline,239.78409147033307,232.2379019330251
seed_repeat,default_0.05_t3,44,24,21,16,0.05,3,0.2,1x16,242,default,baseline,239.98692203473001,235.52293999181802
seed_repeat,default_0.05_t3,44,24,22,16,0.05,3,0.2,1x16,242,default,baseline,244.64785707639834,238.81984234204907
seed_repeat,default_0.05_t3,44,24,23,16,0.05,3,0.2,1x16,242,default,baseline,246.3590526610579,242.20419495980687
seed_repeat,default_0.05_t3,44,24,24,16,0.05,3,0.2,1x16,242,default,baseline,249.45251883665793,244.36452389035423
seed_repeat,default_0.05_t3,45,24,0,16,0.05,3,0.2,1x16,242,default,baseline,176.01205572940387,142.46705767544887
seed_repeat,default_0.05_t3,45,24,1,16,0.05,3,0.2,1x16,242,default,baseline,177.73223184149572,147.8760310440803
seed_repeat,default_0.05_t3,45,24,2,16,0.05,3,0.2,1x16,242,default,baseline,177.73223184149572,159.56246091799306
seed_repeat,default_0.05_t3,45,24,3,16,0.05,3,0.2,1x16,242,default,baseline,177.73223184149572,162.43450689883852
seed_repeat,default_0.05_t3,45,24,4,16,0.05,3,0.2,1x16,242,default,baseline,178.46264546862287,168.77765550339805
seed_repeat,default_0.05_t3,45,24,5,16,0.05,3,0.2,1x16,242,default,baseline,178.46264546862287,167.41593134159058
seed_repeat,default_0.05_t3,45,24,6,16,0.05,3,0.2,1x16,242,default,baseline,178.89617793678488,167.54796963726827
seed_repeat,default_0.05_t3,45,24,7,16,0.05,3,0.2,1x16,242,default,baseline,182.82137749178833,168.72293427591333
seed_repeat,default_0.05_t3,45,24,8,16,0.05,3,0.2,1x16,242,default,baseline,185.66144656506373,173.04232867580882
seed_repeat,default_0.05_t3,45,24,9,16,0.05,3,0.2,1x16,242,default,baseline,186.30776380690168,174.86101919754347
seed_repeat,default_0.05_t3,45,24,10,16,0.05,3,0.2,1x16,242,default,baseline,189.51854683998147,182.40526096441846
seed_repeat,default_0.05_t3,45,24,11,16,0.05,3,0.2,1x16,242,default,baseline,189.51854683998147,183.0187276783745
seed_repeat,default_0.05_t3,45,24,12,16,0.05,3,0.2,1x16,242,default,baseline,199.863880371178,185.13892007111127
seed_repeat,default_0.05_t3,45,24,13,16,0.05,3,0.2,1x16,242,default,baseline,199.863880371178,185.61016324853185
seed_repeat,default_0.05_t3,45,24,14,16,0.05,3,0.2,1x16,242,default,baseline,200.9866140871349,191.31758023163684
seed_repeat,default_0.05_t3,45,24,15,16,0.05,3,0.2,1x16,242,default,baseline,201.8941922020898,197.52308601814832
seed_repeat,default_0.05_t3,45,24,16,16,0.05,3,0.2,1x16,242,default,baseline,206.79207407547727,198.38445050094984
seed_repeat,default_0.05_t3,45,24,17,16,0.05,3,0.2,1x16,242,default,baseline,206.97717357132157,199.4908913821605
seed_repeat,default_0.05_t3,45,24,18,16,0.05,3,0.2,1x16,242,default,baseline,218.34796738863503,202.0030061328317
seed_repeat,default_0.05_t3,45,24,19,16,0.05,3,0.2,1x16,242,default,baseline,218.34796738863503,206.35469216506485
seed_repeat,default_0.05_t3,45,24,20,16,0.05,3,0.2,1x16,242,default,baseline,218.92592674087462,212.31469148509183
seed_repeat,default_0.05_t3,45,24,21,16,0.05,3,0.2,1x16,242,default,baseline,221.42580963507865,216.3668489055105
seed_repeat,default_0.05_t3,45,24,22,16,0.05,3,0.2,1x16,242,default,baseline,224.60984730392255,218.1089437372349
seed_repeat,default_0.05_t3,45,24,23,16,0.05,3,0.2,1x16,242,default,baseline,224.96177014417503,221.36248035278388
seed_repeat,default_0.05_t3,45,24,24,16,0.05,3,0.2,1x16,242,default,baseline,225.3703768733919,221.4238239914401
seed_repeat,default_0.05_t3,46,24,0,16,0.05,3,0.2,1x16,242,default,baseline,164.28817654436307,118.77169150605076
seed_repeat,default_0.05_t3,46,24,1,16,0.05,3,0.2,1x16,242,default,baseline,166.87221288199402,139.34256734628065
seed_repeat,default_0.05_t3,46,24,2,16,0.05,3,0.2,1x16,242,default,baseline,166.93555242352002,133.99019957135062
seed_repeat,default_0.05_t3,46,24,3,16,0.05,3,0.2,1x16,242,default,baseline,166.93555242352002,146.61924826326018
seed_repeat,default_0.05_t3,46,24,4,16,0.05,3,0.2,1x16,242,default,baseline,174.82843892613505,137.13317806451641
seed_repeat,default_0.05_t3,46,24,5,16,0.05,3,0.2,1x16,242,default,baseline,174.82843892613505,152.03120768010567
seed_repeat,default_0.05_t3,46,24,6,16,0.05,3,0.2,1x16,242,default,baseline,174.82843892613505,162.68203178902016
seed_repeat,default_0.05_t3,46,24,7,16,0.05,3,0.2,1x16,242,default,baseline,177.30232748102048,170.04325662442872
seed_repeat,default_0.05_t3,46,24,8,16,0.05,3,0.2,1x16,242,default,baseline,179.20573863583627,171.9795126758786
seed_repeat,default_0.05_t3,46,24,9,16,0.05,3,0.2,1x16,242,default,baseline,192.00101701773895,175.6358067725045
seed_repeat,default_0.05_t3,46,24,10,16,0.05,3,0.2,1x16,242,default,baseline,192.00101701773895,179.0645598881805
seed_repeat,default_0.05_t3,46,24,11,16,0.05,3,0.2,1x16,242,default,baseline,192.00101701773895,181.78074531744412
seed_repeat,default_0.05_t3,46,24,12,16,0.05,3,0.2,1x16,242,default,baseline,193.62118705979185,187.562347723078
seed_repeat,default_0.05_t3,46,24,13,16,0.05,3,0.2,1x16,242,default,baseline,193.62118705979185,191.08509605366575
seed_repeat,default_0.05_t3,46,24,14,16,0.05,3,0.2,1x16,242,default,baseline,195.23838270335372,191.8612251206684
seed_repeat,default_0.05_t3,46,24,15,16,0.05,3,0.2,1x16,242,default,baseline,195.23838270335372,192.67425051350335
seed_repeat,default_0.05_t3,46,24,16,16,0.05,3,0.2,1x16,242,default,baseline,197.36670242282867,194.31076189686704
seed_repeat,default_0.05_t3,46,24,17,16,0.05,3,0.2,1x16,242,default,baseline,216.01663433129906,197.17547728275008
seed_repeat,default_0.05_t3,46,24,18,16,0.05,3,0.2,1x16,242,default,baseline,216.01663433129906,201.8825129511469
seed_repeat,default_0.05_t3,46,24,19,16,0.05,3,0.2,1x16,242,default,baseline,216.16203403940082,207.19752855220105
seed_repeat,default_0.05_t3,46,24,20,16,0.05,3,0.2,1x16,242,default,baseline,216.60832278741512,210.78212518395384
seed_repeat,default_0.05_t3,46,24,21,16,0.05,3,0.2,1x16,242,default,baseline,217.61280430817408,212.84496039779657
seed_repeat,default_0.05_t3,46,24,22,16,0.05,3,0.2,1x16,242,default,baseline,220.029409869411,215.7940313101303
seed_repeat,default_0.05_t3,46,24,23,16,0.05,3,0.2,1x16,242,default,baseline,223.98176840635318,217.83861908084316
seed_repeat,default_0.05_t3,46,24,24,16,0.05,3,0.2,1x16,242,default,baseline,223.98176840635318,219.9842454555607
seed_repeat,fast_best_0.20_t3,42,24,0,16,0.2,3,0.2,1x16,242,default,baseline,174.64691605755775,123.93725940568496
seed_repeat,fast_best_0.20_t3,42,24,1,16,0.2,3,0.2,1x16,242,default,baseline,174.64691605755775,149.9735631191275
seed_repeat,fast_best_0.20_t3,42,24,2,16,0.2,3,0.2,1x16,242,default,baseline,175.77925515143556,162.84905624686684
seed_repeat,fast_best_0.20_t3,42,24,3,16,0.2,3,0.2,1x16,242,default,baseline,184.9181572675499,163.57598979576687
seed_repeat,fast_best_0.20_t3,42,24,4,16,0.2,3,0.2,1x16,242,default,baseline,193.71439699976642,176.28119121837767
seed_repeat,fast_best_0.20_t3,42,24,5,16,0.2,3,0.2,1x16,242,default,baseline,208.9421397845534,182.81092961994028
seed_repeat,fast_best_0.20_t3,42,24,6,16,0.2,3,0.2,1x16,242,default,baseline,221.23497890919347,188.49165310351876
seed_repeat,fast_best_0.20_t3,42,24,7,16,0.2,3,0.2,1x16,242,default,baseline,230.7250220894531,199.56671196231324
seed_repeat,fast_best_0.20_t3,42,24,8,16,0.2,3,0.2,1x16,242,default,baseline,239.51339236690842,210.55456295378008
seed_repeat,fast_best_0.20_t3,42,24,9,16,0.2,3,0.2,1x16,242,default,baseline,239.51339236690842,205.71209210762848
seed_repeat,fast_best_0.20_t3,42,24,10,16,0.2,3,0.2,1x16,242,default,baseline,245.05509484376898,214.98462417290023
seed_repeat,fast_best_0.20_t3,42,24,11,16,0.2,3,0.2,1x16,242,default,baseline,245.05509484376898,217.85784173436542
seed_repeat,fast_best_0.20_t3,42,24,12,16,0.2,3,0.2,1x16,242,default,baseline,245.05509484376898,229.19774958799263
seed_repeat,fast_best_0.20_t3,42,24,13,16,0.2,3,0.2,1x16,242,default,baseline,254.667548905376,238.5029448634368
seed_repeat,fast_best_0.20_t3,42,24,14,16,0.2,3,0.2,1x16,242,default,baseline,254.667548905376,242.83268634080744
seed_repeat,fast_best_0.20_t3,42,24,15,16,0.2,3,0.2,1x16,242,default,baseline,254.667548905376,246.60167417376258
seed_repeat,fast_best_0.20_t3,42,24,16,16,0.2,3,0.2,1x16,242,default,baseline,254.70391860045277,247.6030932565655
seed_repeat,fast_best_0.20_t3,42,24,17,16,0.2,3,0.2,1x16,242,default,baseline,259.6312501766969,250.07100947062457
seed_repeat,fast_best_0.20_t3,42,24,18,16,0.2,3,0.2,1x16,242,default,baseline,261.1077153726386,254.64966573594702
seed_repeat,fast_best_0.20_t3,42,24,19,16,0.2,3,0.2,1x16,242,default,baseline,261.1077153726386,257.7510756482923
seed_repeat,fast_best_0.20_t3,42,24,20,16,0.2,3,0.2,1x16,242,default,baseline,261.1077153726386,258.86946996204665
seed_repeat,fast_best_0.20_t3,42,24,21,16,0.2,3,0.2,1x16,242,default,baseline,261.1077153726386,257.9855341416309
seed_repeat,fast_best_0.20_t3,42,24,22,16,0.2,3,0.2,1x16,242,default,baseline,261.1077153726386,256.9919002561609
seed_repeat,fast_best_0.20_t3,42,24,23,16,0.2,3,0.2,1x16,242,default,baseline,261.9759968882978,259.48051016872637
seed_repeat,fast_best_0.20_t3,42,24,24,16,0.2,3,0.2,1x16,242,default,baseline,261.9759968882978,258.29775787900104
seed_repeat,fast_best_0.20_t3,43,24,0,16,0.2,3,0.2,1x16,242,default,baseline,173.15606138289232,124.72290905134332
seed_repeat,fast_best_0.20_t3,43,24,1,16,0.2,3,0.2,1x16,242,default,baseline,173.15606138289232,150.3495663647777
seed_repeat,fast_best_0.20_t3,43,24,2,16,0.2,3,0.2,1x16,242,default,baseline,175.34537294058197,155.11590522337949
seed_repeat,fast_best_0.20_t3,43,24,3,16,0.2,3,0.2,1x16,242,default,baseline,176.0183446131919,170.73545001070028
seed_repeat,fast_best_0.20_t3,43,24,4,16,0.2,3,0.2,1x16,242,default,baseline,177.17579703442632,173.74373447064417
seed_repeat,fast_best_0.20_t3,43,24,5,16,0.2,3,0.2,1x16,242,default,baseline,181.47949317775385,174.1484329863298
seed_repeat,fast_best_0.20_t3,43,24,6,16,0.2,3,0.2,1x16,242,default,baseline,183.46328239382814,176.4045220415013
seed_repeat,fast_best_0.20_t3,43,24,7,16,0.2,3,0.2,1x16,242,default,baseline,191.36755192840505,180.06722093946487
seed_repeat,fast_best_0.20_t3,43,24,8,16,0.2,3,0.2,1x16,242,default,baseline,191.36755192840505,182.82547049266262
seed_repeat,fast_best_0.20_t3,43,24,9,16,0.2,3,0.2,1x16,242,default,baseline,192.827176304199,186.14973566200575
seed_repeat,fast_best_0.20_t3,43,24,10,16,0.2,3,0.2,1x16,242,default,baseline,201.49574579860854,189.60885542498994
seed_repeat,fast_best_0.20_t3,43,24,11,16,0.2,3,0.2,1x16,242,default,baseline,228.90610075352743,196.74966055823853
seed_repeat,fast_best_0.20_t3,43,24,12,16,0.2,3,0.2,1x16,242,default,baseline,228.90610075352743,203.92508340070052
seed_repeat,fast_best_0.20_t3,43,24,13,16,0.2,3,0.2,1x16,242,default,baseline,232.24538449602653,214.22912520547703
seed_repeat,fast_best_0.20_t3,43,24,14,16,0.2,3,0.2,1x16,242,default,baseline,239.46061264486372,225.75797681823792
seed_repeat,fast_best_0.20_t3,43,24,15,16,0.2,3,0.2,1x16,242,default,baseline,244.21930296805135,232.68202448443418
seed_repeat,fast_best_0.20_t3,43,24,16,16,0.2,3,0.2,1x16,242,default,baseline,255.12513486572294,237.51335186986904
seed_repeat,fast_best_0.20_t3,43,24,17,16,0.2,3,0.2,1x16,242,default,baseline,255.12513486572294,244.83894522203158
seed_repeat,fast_best_0.20_t3,43,24,18,16,0.2,3,0.2,1x16,242,default,baseline,255.12513486572294,250.5097357041259
seed_repeat,fast_best_0.20_t3,43,24,19,16,0.2,3,0.2,1x16,242,default,baseline,256.5765003449878,251.39458635828055
seed_repeat,fast_best_0.20_t3,43,24,20,16,0.2,3,0.2,1x16,242,default,baseline,257.1124553100122,253.16170370582927
seed_repeat,fast_best_0.20_t3,43,24,21,16,0.2,3,0.2,1x16,242,default,baseline,257.1124553100122,253.46607485597838
seed_repeat,fast_best_0.20_t3,43,24,22,16,0.2,3,0.2,1x16,242,default,baseline,259.5569995944711,253.70121043832074
seed_repeat,fast_best_0.20_t3,43,24,23,16,0.2,3,0.2,1x16,242,default,baseline,259.5569995944711,254.80848185234117
seed_repeat,fast_best_0.20_t3,43,24,24,16,0.2,3,0.2,1x16,242,default,baseline,261.266495753943,256.53495450093226
seed_repeat,fast_best_0.20_t3,44,24,0,16,0.2,3,0.2,1x16,242,default,baseline,175.29002860123632,118.06396367334293
seed_repeat,fast_best_0.20_t3,44,24,1,16,0.2,3,0.2,1x16,242,default,baseline,175.29002860123632,142.94647536058045
seed_repeat,fast_best_0.20_t3,44,24,2,16,0.2,3,0.2,1x16,242,default,baseline,175.29002860123632,146.02087411116713
seed_repeat,fast_best_0.20_t3,44,24,3,16,0.2,3,0.2,1x16,242,default,baseline,187.9251555679166,153.89838435953266
seed_repeat,fast_best_0.20_t3,44,24,4,16,0.2,3,0.2,1x16,242,default,baseline,187.9251555679166,150.94701521467437
seed_repeat,fast_best_0.20_t3,44,24,5,16,0.2,3,0.2,1x16,242,default,baseline,201.0003399200608,158.84322460441336
seed_repeat,fast_best_0.20_t3,44,24,6,16,0.2,3,0.2,1x16,242,default,baseline,201.0003399200608,167.58376302871034
seed_repeat,fast_best_0.20_t3,44,24,7,16,0.2,3,0.2,1x16,242,default,baseline,205.011365564112,178.60881139042567
seed_repeat,fast_best_0.20_t3,44,24,8,16,0.2,3,0.2,1x16,242,default,baseline,215.14062824166393,190.05214733185892
seed_repeat,fast_best_0.20_t3,44,24,9,16,0.2,3,0.2,1x16,242,default,baseline,215.57440939154463,201.6713791058663
seed_repeat,fast_best_0.20_t3,44,24,10,16,0.2,3,0.2,1x16,242,default,baseline,223.82086481354082,208.8385466285375
seed_repeat,fast_best_0.20_t3,44,24,11,16,0.2,3,0.2,1x16,242,default,baseline,223.82086481354082,210.429051804413
seed_repeat,fast_best_0.20_t3,44,24,12,16,0.2,3,0.2,1x16,242,default,baseline,226.09051896945294,216.54437841341354
seed_repeat,fast_best_0.20_t3,44,24,13,16,0.2,3,0.2,1x16,242,default,baseline,229.88520306922575,221.9093720429156
seed_repeat,fast_best_0.20_t3,44,24,14,16,0.2,3,0.2,1x16,242,default,baseline,236.355678636429,223.2935790728887
seed_repeat,fast_best_0.20_t3,44,24,15,16,0.2,3,0.2,1x16,242,default,baseline,236.355678636429,222.29136171563164
seed_repeat,fast_best_0.20_t3,44,24,16,16,0.2,3,0.2,1x16,242,default,baseline,242.54716259322302,229.7268749064321
seed_repeat,fast_best_0.20_t3,44,24,17,16,0.2,3,0.2,1x16,242,default,baseline,243.8620478742787,237.16384587553344
seed_repeat,fast_best_0.20_t3,44,24,18,16,0.2,3,0.2,1x16,242,default,baseline,249.00241431266286,242.35335182232882
seed_repeat,fast_best_0.20_t3,44,24,19,16,0.2,3,0.2,1x16,242,default,baseline,250.16009744281575,244.25548517133288
seed_repeat,fast_best_0.20_t3,44,24,20,16,0.2,3,0.2,1x16,242,default,baseline,252.1483850791494,246.74228011952422
seed_repeat,fast_best_0.20_t3,44,24,21,16,0.2,3,0.2,1x16,242,default,baseline,252.1483850791494,247.06671032518426
seed_repeat,fast_best_0.20_t3,44,24,22,16,0.2,3,0.2,1x16,242,default,baseline,253.38747447000378,249.0772615713532
seed_repeat,fast_best_0.20_t3,44,24,23,16,0.2,3,0.2,1x16,242,default,baseline,253.7681866458442,250.83747442339143
seed_repeat,fast_best_0.20_t3,44,24,24,16,0.2,3,0.2,1x16,242,default,baseline,254.79826976525044,248.40979134606886
seed_repeat,fast_best_0.20_t3,45,24,0,16,0.2,3,0.2,1x16,242,default,baseline,176.01205572940387,142.46705767544887
seed_repeat,fast_best_0.20_t3,45,24,1,16,0.2,3,0.2,1x16,242,default,baseline,176.01205572940387,146.86751465819214
seed_repeat,fast_best_0.20_t3,45,24,2,16,0.2,3,0.2,1x16,242,default,baseline,176.54085674620032,158.05820226498446
seed_repeat,fast_best_0.20_t3,45,24,3,16,0.2,3,0.2,1x16,242,default,baseline,180.13313152217847,169.5964185450858
seed_repeat,fast_best_0.20_t3,45,24,4,16,0.2,3,0.2,1x16,242,default,baseline,190.54845327277576,172.03763707215924
seed_repeat,fast_best_0.20_t3,45,24,5,16,0.2,3,0.2,1x16,242,default,baseline,192.78294039718315,171.86284118218254
seed_repeat,fast_best_0.20_t3,45,24,6,16,0.2,3,0.2,1x16,242,default,baseline,192.78294039718315,169.35633353804684
seed_repeat,fast_best_0.20_t3,45,24,7,16,0.2,3,0.2,1x16,242,default,baseline,194.79512607508678,183.0451304331606
seed_repeat,fast_best_0.20_t3,45,24,8,16,0.2,3,0.2,1x16,242,default,baseline,205.36864536123397,186.63672810167446
seed_repeat,fast_best_0.20_t3,45,24,9,16,0.2,3,0.2,1x16,242,default,baseline,217.07498570434865,195.3830981705653
seed_repeat,fast_best_0.20_t3,45,24,10,16,0.2,3,0.2,1x16,242,default,baseline,217.07498570434865,197.6632256638388
seed_repeat,fast_best_0.20_t3,45,24,11,16,0.2,3,0.2,1x16,242,default,baseline,229.9893707500353,204.80435643137952
seed_repeat,fast_best_0.20_t3,45,24,12,16,0.2,3,0.2,1x16,242,default,baseline,229.9893707500353,214.2888483167481
seed_repeat,fast_best_0.20_t3,45,24,13,16,0.2,3,0.2,1x16,242,default,baseline,237.14002850510002,224.94164201430917
seed_repeat,fast_best_0.20_t3,45,24,14,16,0.2,3,0.2,1x16,242,default,baseline,237.1989506612935,227.77030263157283
seed_repeat,fast_best_0.20_t3,45,24,15,16,0.2,3,0.2,1x16,242,default,baseline,242.64372315257475,232.9783651967598
seed_repeat,fast_best_0.20_t3,45,24,16,16,0.2,3,0.2,1x16,242,default,baseline,242.64372315257475,237.64190787886577
seed_repeat,fast_best_0.20_t3,45,24,17,16,0.2,3,0.2,1x16,242,default,baseline,248.25876216872098,240.71832001779728
seed_repeat,fast_best_0.20_t3,45,24,18,16,0.2,3,0.2,1x16,242,default,baseline,250.29822655645114,243.9493411660885
seed_repeat,fast_best_0.20_t3,45,24,19,16,0.2,3,0.2,1x16,242,default,baseline,250.29822655645114,242.31634412931936
seed_repeat,fast_best_0.20_t3,45,24,20,16,0.2,3,0.2,1x16,242,default,baseline,255.00518260153416,244.76104461681004
seed_repeat,fast_best_0.20_t3,45,24,21,16,0.2,3,0.2,1x16,242,default,baseline,255.00518260153416,249.23597063205386
seed_repeat,fast_best_0.20_t3,45,24,22,16,0.2,3,0.2,1x16,242,default,baseline,255.6482457009016,251.459627134661
seed_repeat,fast_best_0.20_t3,45,24,23,16,0.2,3,0.2,1x16,242,default,baseline,255.6482457009016,252.45560979505373
seed_repeat,fast_best_0.20_t3,45,24,24,16,0.2,3,0.2,1x16,242,default,baseline,256.8433862118735,253.27378155728658
seed_repeat,fast_best_0.20_t3,46,24,0,16,0.2,3,0.2,1x16,242,default,baseline,164.28817654436307,118.77169150605076
seed_repeat,fast_best_0.20_t3,46,24,1,16,0.2,3,0.2,1x16,242,default,baseline,167.47709892462336,138.0789232177829
seed_repeat,fast_best_0.20_t3,46,24,2,16,0.2,3,0.2,1x16,242,default,baseline,170.8677701814074,136.10039280304568
seed_repeat,fast_best_0.20_t3,46,24,3,16,0.2,3,0.2,1x16,242,default,baseline,170.8677701814074,146.69308887280351
seed_repeat,fast_best_0.20_t3,46,24,4,16,0.2,3,0.2,1x16,242,default,baseline,185.67684973316864,149.73670523358695
seed_repeat,fast_best_0.20_t3,46,24,5,16,0.2,3,0.2,1x16,242,default,baseline,187.73529992437435,157.92288048655323
seed_repeat,fast_best_0.20_t3,46,24,6,16,0.2,3,0.2,1x16,242,default,baseline,204.35574876457534,174.90833042764203
seed_repeat,fast_best_0.20_t3,46,24,7,16,0.2,3,0.2,1x16,242,default,baseline,204.35574876457534,185.48789750734744
seed_repeat,fast_best_0.20_t3,46,24,8,16,0.2,3,0.2,1x16,242,default,baseline,219.99666406897387,198.78850786541696
seed_repeat,fast_best_0.20_t3,46,24,9,16,0.2,3,0.2,1x16,242,default,baseline,229.6572276503712,209.4284956407983
seed_repeat,fast_best_0.20_t3,46,24,10,16,0.2,3,0.2,1x16,242,default,baseline,230.0465406499749,218.39941194769966
seed_repeat,fast_best_0.20_t3,46,24,11,16,0.2,3,0.2,1x16,242,default,baseline,239.74482299638075,221.2653890141963
seed_repeat,fast_best_0.20_t3,46,24,12,16,0.2,3,0.2,1x16,242,default,baseline,244.11054438136745,233.36832909968868
seed_repeat,fast_best_0.20_t3,46,24,13,16,0.2,3,0.2,1x16,242,default,baseline,246.76961583489424,239.8296486989721
seed_repeat,fast_best_0.20_t3,46,24,14,16,0.2,3,0.2,1x16,242,default,baseline,252.78029650140792,243.49728518716375
seed_repeat,fast_best_0.20_t3,46,24,15,16,0.2,3,0.2,1x16,242,default,baseline,255.9463188111191,251.25110276317076
seed_repeat,fast_best_0.20_t3,46,24,16,16,0.2,3,0.2,1x16,242,default,baseline,256.7695577363156,253.199168568534
seed_repeat,fast_best_0.20_t3,46,24,17,16,0.2,3,0.2,1x16,242,default,baseline,259.2426630800797,254.02686547500412
seed_repeat,fast_best_0.20_t3,46,24,18,16,0.2,3,0.2,1x16,242,default,baseline,259.9669565009431,256.85896644427334
seed_repeat,fast_best_0.20_t3,46,24,19,16,0.2,3,0.2,1x16,242,default,baseline,262.4056188299308,258.4321546499665
seed_repeat,fast_best_0.20_t3,46,24,20,16,0.2,3,0.2,1x16,242,default,baseline,262.52417158733226,259.14548502294707
seed_repeat,fast_best_0.20_t3,46,24,21,16,0.2,3,0.2,1x16,242,default,baseline,262.52417158733226,259.08139621773995
seed_repeat,fast_best_0.20_t3,46,24,22,16,0.2,3,0.2,1x16,242,default,baseline,262.55963351596546,259.5528874796369
seed_repeat,fast_best_0.20_t3,46,24,23,16,0.2,3,0.2,1x16,242,default,baseline,262.55963351596546,259.28517541062047
seed_repeat,fast_best_0.20_t3,46,24,24,16,0.2,3,0.2,1x16,242,default,baseline,262.55963351596546,259.3281608786027
seed_repeat,fast_avg_0.20_t5,42,24,0,16,0.2,5,0.2,1x16,242,default,baseline,174.64691605755775,123.93725940568496
seed_repeat,fast_avg_0.20_t5,42,24,1,16,0.2,5,0.2,1x16,242,default,baseline,174.64691605755775,143.06426926603922
seed_repeat,fast_avg_0.20_t5,42,24,2,16,0.2,5,0.2,1x16,242,default,baseline,178.9474375016876,166.54738463789363
seed_repeat,fast_avg_0.20_t5,42,24,3,16,0.2,5,0.2,1x16,242,default,baseline,188.94087692695587,173.46737204221944
seed_repeat,fast_avg_0.20_t5,42,24,4,16,0.2,5,0.2,1x16,242,default,baseline,194.11362691733444,180.49337880519576
seed_repeat,fast_avg_0.20_t5,42,24,5,16,0.2,5,0.2,1x16,242,default,baseline,202.01973464856437,189.11958249784135
seed_repeat,fast_avg_0.20_t5,42,24,6,16,0.2,5,0.2,1x16,242,default,baseline,202.39452677303717,190.9196168381185
seed_repeat,fast_avg_0.20_t5,42,24,7,16,0.2,5,0.2,1x16,242,default,baseline,223.57172190586513,197.02741676941744
seed_repeat,fast_avg_0.20_t5,42,24,8,16,0.2,5,0.2,1x16,242,default,baseline,225.71356264381217,209.728685048481
seed_repeat,fast_avg_0.20_t5,42,24,9,16,0.2,5,0.2,1x16,242,default,baseline,231.46607825798435,219.30997420296532
seed_repeat,fast_avg_0.20_t5,42,24,10,16,0.2,5,0.2,1x16,242,default,baseline,234.05622387295222,224.7941175620453
seed_repeat,fast_avg_0.20_t5,42,24,11,16,0.2,5,0.2,1x16,242,default,baseline,242.66807642129731,227.8193339105415
seed_repeat,fast_avg_0.20_t5,42,24,12,16,0.2,5,0.2,1x16,242,default,baseline,243.15967294142737,237.27806150414068
seed_repeat,fast_avg_0.20_t5,42,24,13,16,0.2,5,0.2,1x16,242,default,baseline,245.05779914309412,240.54307131347042
seed_repeat,fast_avg_0.20_t5,42,24,14,16,0.2,5,0.2,1x16,242,default,baseline,245.05779914309412,241.64640253598228
seed_repeat,fast_avg_0.20_t5,42,24,15,16,0.2,5,0.2,1x16,242,default,baseline,248.67581212137156,243.58203429336973
seed_repeat,fast_avg_0.20_t5,42,24,16,16,0.2,5,0.2,1x16,242,default,baseline,255.603935540985,247.78879906212137
seed_repeat,fast_avg_0.20_t5,42,24,17,16,0.2,5,0.2,1x16,242,default,baseline,255.603935540985,250.64566993686907
seed_repeat,fast_avg_0.20_t5,42,24,18,16,0.2,5,0.2,1x16,242,default,baseline,255.86449488359804,253.60391137565466
seed_repeat,fast_avg_0.20_t5,42,24,19,16,0.2,5,0.2,1x16,242,default,baseline,257.1471868408097,254.17448857559114
seed_repeat,fast_avg_0.20_t5,42,24,20,16,0.2,5,0.2,1x16,242,default,baseline,257.1471868408097,254.6818966916717
seed_repeat,fast_avg_0.20_t5,42,24,21,16,0.2,5,0.2,1x16,242,default,baseline,257.6149716600046,255.41857567909477
seed_repeat,fast_avg_0.20_t5,42,24,22,16,0.2,5,0.2,1x16,242,default,baseline,258.6648096537491,255.87962613839304
seed_repeat,fast_avg_0.20_t5,42,24,23,16,0.2,5,0.2,1x16,242,default,baseline,260.6576240430328,256.9576131006578
seed_repeat,fast_avg_0.20_t5,42,24,24,16,0.2,5,0.2,1x16,242,default,baseline,260.6576240430328,258.089552421786
seed_repeat,fast_avg_0.20_t5,43,24,0,16,0.2,5,0.2,1x16,242,default,baseline,173.15606138289232,124.72290905134332
seed_repeat,fast_avg_0.20_t5,43,24,1,16,0.2,5,0.2,1x16,242,default,baseline,174.46661892111462,155.17287648197288
seed_repeat,fast_avg_0.20_t5,43,24,2,16,0.2,5,0.2,1x16,242,default,baseline,174.46661892111462,168.7378950380152
seed_repeat,fast_avg_0.20_t5,43,24,3,16,0.2,5,0.2,1x16,242,default,baseline,176.08781215000224,171.05913587904092
seed_repeat,fast_avg_0.20_t5,43,24,4,16,0.2,5,0.2,1x16,242,default,baseline,176.43678841498877,171.62161071970937
seed_repeat,fast_avg_0.20_t5,43,24,5,16,0.2,5,0.2,1x16,242,default,baseline,186.47726341018813,172.955216518761
seed_repeat,fast_avg_0.20_t5,43,24,6,16,0.2,5,0.2,1x16,242,default,baseline,198.4481839979593,178.97703302482546
seed_repeat,fast_avg_0.20_t5,43,24,7,16,0.2,5,0.2,1x16,242,default,baseline,204.0163301882029,185.56241899039372
seed_repeat,fast_avg_0.20_t5,43,24,8,16,0.2,5,0.2,1x16,242,default,baseline,210.9846907921556,195.98070623100904
seed_repeat,fast_avg_0.20_t5,43,24,9,16,0.2,5,0.2,1x16,242,default,baseline,210.9846907921556,203.67127132625197
seed_repeat,fast_avg_0.20_t5,43,24,10,16,0.2,5,0.2,1x16,242,default,baseline,213.27146063138173,206.98641309300325
seed_repeat,fast_avg_0.20_t5,43,24,11,16,0.2,5,0.2,1x16,242,default,baseline,218.34317669531666,210.28355533833604
seed_repeat,fast_avg_0.20_t5,43,24,12,16,0.2,5,0.2,1x16,242,default,baseline,223.41502831588008,211.17064423524025
seed_repeat,fast_avg_0.20_t5,43,24,13,16,0.2,5,0.2,1x16,242,default,baseline,231.75767691130184,217.43367264710102
seed_repeat,fast_avg_0.20_t5,43,24,14,16,0.2,5,0.2,1x16,242,default,baseline,238.71370919869116,227.39027566599714
seed_repeat,fast_avg_0.20_t5,43,24,15,16,0.2,5,0.2,1x16,242,default,baseline,239.58447083315843,231.87242082172133
seed_repeat,fast_avg_0.20_t5,43,24,16,16,0.2,5,0.2,1x16,242,default,baseline,246.44842604258628,236.81504640094246
seed_repeat,fast_avg_0.20_t5,43,24,17,16,0.2,5,0.2,1x16,242,default,baseline,249.949679259721,240.66786334188953
seed_repeat,fast_avg_0.20_t5,43,24,18,16,0.2,5,0.2,1x16,242,default,baseline,249.949679259721,243.65965173420466
seed_repeat,fast_avg_0.20_t5,43,24,19,16,0.2,5,0.2,1x16,242,default,baseline,249.949679259721,245.56056936887762
seed_repeat,fast_avg_0.20_t5,43,24,20,16,0.2,5,0.2,1x16,242,default,baseline,249.949679259721,246.4294575744829
seed_repeat,fast_avg_0.20_t5,43,24,21,16,0.2,5,0.2,1x16,242,default,baseline,255.00271652761535,247.03266492341697
seed_repeat,fast_avg_0.20_t5,43,24,22,16,0.2,5,0.2,1x16,242,default,baseline,259.1051882963696,250.0807298231397
seed_repeat,fast_avg_0.20_t5,43,24,23,16,0.2,5,0.2,1x16,242,default,baseline,259.1051882963696,253.2022233491883
seed_repeat,fast_avg_0.20_t5,43,24,24,16,0.2,5,0.2,1x16,242,default,baseline,259.1051882963696,256.4680480296111
seed_repeat,fast_avg_0.20_t5,44,24,0,16,0.2,5,0.2,1x16,242,default,baseline,175.29002860123632,118.06396367334293
seed_repeat,fast_avg_0.20_t5,44,24,1,16,0.2,5,0.2,1x16,242,default,baseline,175.29002860123632,151.04762006075674
seed_repeat,fast_avg_0.20_t5,44,24,2,16,0.2,5,0.2,1x16,242,default,baseline,178.57348754481683,163.35558727470894
seed_repeat,fast_avg_0.20_t5,44,24,3,16,0.2,5,0.2,1x16,242,default,baseline,181.57107558256598,168.7975550878852
seed_repeat,fast_avg_0.20_t5,44,24,4,16,0.2,5,0.2,1x16,242,default,baseline,184.87153009413623,177.94501924734436
seed_repeat,fast_avg_0.20_t5,44,24,5,16,0.2,5,0.2,1x16,242,default,baseline,192.50220935880253,181.35937871724468
seed_repeat,fast_avg_0.20_t5,44,24,6,16,0.2,5,0.2,1x16,242,default,baseline,205.26103338431483,185.37904369844023
seed_repeat,fast_avg_0.20_t5,44,24,7,16,0.2,5,0.2,1x16,242,default,baseline,207.5357034862875,192.85172033137138
seed_repeat,fast_avg_0.20_t5,44,24,8,16,0.2,5,0.2,1x16,242,default,baseline,210.17737082993955,199.29779073457334
seed_repeat,fast_avg_0.20_t5,44,24,9,16,0.2,5,0.2,1x16,242,default,baseline,223.02226619926768,208.27560564138432
seed_repeat,fast_avg_0.20_t5,44,24,10,16,0.2,5,0.2,1x16,242,default,baseline,223.02226619926768,214.34979826375385
seed_repeat,fast_avg_0.20_t5,44,24,11,16,0.2,5,0.2,1x16,242,default,baseline,230.80174124536364,215.00153353789733
seed_repeat,fast_avg_0.20_t5,44,24,12,16,0.2,5,0.2,1x16,242,default,baseline,233.38902461327223,222.78509664135817
seed_repeat,fast_avg_0.20_t5,44,24,13,16,0.2,5,0.2,1x16,242,default,baseline,238.44950549791577,230.23745515854938
seed_repeat,fast_avg_0.20_t5,44,24,14,16,0.2,5,0.2,1x16,242,default,baseline,240.28671473201672,233.35563792048248
seed_repeat,fast_avg_0.20_t5,44,24,15,16,0.2,5,0.2,1x16,242,default,baseline,242.94032534067537,233.85362597019522
seed_repeat,fast_avg_0.20_t5,44,24,16,16,0.2,5,0.2,1x16,242,default,baseline,244.9188294097308,240.3398617142887
seed_repeat,fast_avg_0.20_t5,44,24,17,16,0.2,5,0.2,1x16,242,default,baseline,248.94378384478904,243.34153212700133
seed_repeat,fast_avg_0.20_t5,44,24,18,16,0.2,5,0.2,1x16,242,default,baseline,251.29216340526347,246.69716226910577
seed_repeat,fast_avg_0.20_t5,44,24,19,16,0.2,5,0.2,1x16,242,default,baseline,252.89108154654906,247.80085640414296
seed_repeat,fast_avg_0.20_t5,44,24,20,16,0.2,5,0.2,1x16,242,default,baseline,252.89108154654906,248.87982025957297
seed_repeat,fast_avg_0.20_t5,44,24,21,16,0.2,5,0.2,1x16,242,default,baseline,255.34390528688812,250.18329774021456
seed_repeat,fast_avg_0.20_t5,44,24,22,16,0.2,5,0.2,1x16,242,default,baseline,255.34390528688812,250.1482334697469
seed_repeat,fast_avg_0.20_t5,44,24,23,16,0.2,5,0.2,1x16,242,default,baseline,257.37512002234195,253.09881987652267
seed_repeat,fast_avg_0.20_t5,44,24,24,16,0.2,5,0.2,1x16,242,default,baseline,257.37512002234195,253.48506399185416
seed_repeat,fast_avg_0.20_t5,45,24,0,16,0.2,5,0.2,1x16,242,default,baseline,176.01205572940387,142.46705767544887
seed_repeat,fast_avg_0.20_t5,45,24,1,16,0.2,5,0.2,1x16,242,default,baseline,176.01205572940387,143.2882752278867
seed_repeat,fast_avg_0.20_t5,45,24,2,16,0.2,5,0.2,1x16,242,default,baseline,176.90116497251313,166.23421962905803
seed_repeat,fast_avg_0.20_t5,45,24,3,16,0.2,5,0.2,1x16,242,default,baseline,178.27912999645343,175.64894050687388
seed_repeat,fast_avg_0.20_t5,45,24,4,16,0.2,5,0.2,1x16,242,default,baseline,178.53263423517558,176.1669604352556
seed_repeat,fast_avg_0.20_t5,45,24,5,16,0.2,5,0.2,1x16,242,default,baseline,180.7758926243834,176.5525854637374
seed_repeat,fast_avg_0.20_t5,45,24,6,16,0.2,5,0.2,1x16,242,default,baseline,180.7758926243834,177.71427444600084
seed_repeat,fast_avg_0.20_t5,45,24,7,16,0.2,5,0.2,1x16,242,default,baseline,184.40908051414402,178.45559709117296
seed_repeat,fast_avg_0.20_t5,45,24,8,16,0.2,5,0.2,1x16,242,default,baseline,188.8656932748435,180.81548639360676
seed_repeat,fast_avg_0.20_t5,45,24,9,16,0.2,5,0.2,1x16,242,default,baseline,202.78194426933797,185.24816369941877
seed_repeat,fast_avg_0.20_t5,45,24,10,16,0.2,5,0.2,1x16,242,default,baseline,231.07146511613465,198.10300681912003
seed_repeat,fast_avg_0.20_t5,45,24,11,16,0.2,5,0.2,1x16,242,default,baseline,235.77096666951914,218.64211206255126
seed_repeat,fast_avg_0.20_t5,45,24,12,16,0.2,5,0.2,1x16,242,default,baseline,244.6942460443103,228.52442882637098
seed_repeat,fast_avg_0.20_t5,45,24,13,16,0.2,5,0.2,1x16,242,default,baseline,248.68878106303902,239.83278161381855
seed_repeat,fast_avg_0.20_t5,45,24,14,16,0.2,5,0.2,1x16,242,default,baseline,255.64619586642903,244.49264463414465
seed_repeat,fast_avg_0.20_t5,45,24,15,16,0.2,5,0.2,1x16,242,default,baseline,257.1859336099143,251.0133165321209
seed_repeat,fast_avg_0.20_t5,45,24,16,16,0.2,5,0.2,1x16,242,default,baseline,258.6415602944952,251.74457356843197
seed_repeat,fast_avg_0.20_t5,45,24,17,16,0.2,5,0.2,1x16,242,default,baseline,258.6415602944952,253.01190227946998
seed_repeat,fast_avg_0.20_t5,45,24,18,16,0.2,5,0.2,1x16,242,default,baseline,260.61212640563343,256.35342851618776
seed_repeat,fast_avg_0.20_t5,45,24,19,16,0.2,5,0.2,1x16,242,default,baseline,261.64194507877227,257.480867842381
seed_repeat,fast_avg_0.20_t5,45,24,20,16,0.2,5,0.2,1x16,242,default,baseline,263.54823377676064,258.8011258500462
seed_repeat,fast_avg_0.20_t5,45,24,21,16,0.2,5,0.2,1x16,242,default,baseline,263.54823377676064,258.0336519727552
seed_repeat,fast_avg_0.20_t5,45,24,22,16,0.2,5,0.2,1x16,242,default,baseline,263.54823377676064,259.8164997585045
seed_repeat,fast_avg_0.20_t5,45,24,23,16,0.2,5,0.2,1x16,242,default,baseline,263.54823377676064,261.26318586858815
seed_repeat,fast_avg_0.20_t5,45,24,24,16,0.2,5,0.2,1x16,242,default,baseline,263.54823377676064,260.44236842263666
seed_repeat,fast_avg_0.20_t5,46,24,0,16,0.2,5,0.2,1x16,242,default,baseline,164.28817654436307,118.77169150605076
seed_repeat,fast_avg_0.20_t5,46,24,1,16,0.2,5,0.2,1x16,242,default,baseline,166.8268949154229,147.74582748515232
seed_repeat,fast_avg_0.20_t5,46,24,2,16,0.2,5,0.2,1x16,242,default,baseline,179.5078916552671,160.2636704029175
seed_repeat,fast_avg_0.20_t5,46,24,3,16,0.2,5,0.2,1x16,242,default,baseline,185.99843017652137,173.9345468529723
seed_repeat,fast_avg_0.20_t5,46,24,4,16,0.2,5,0.2,1x16,242,default,baseline,193.85370016908925,175.44579869379643
seed_repeat,fast_avg_0.20_t5,46,24,5,16,0.2,5,0.2,1x16,242,default,baseline,206.96233241707108,183.05905919688115
seed_repeat,fast_avg_0.20_t5,46,24,6,16,0.2,5,0.2,1x16,242,default,baseline,211.09013810239998,199.13701040622152
seed_repeat,fast_avg_0.20_t5,46,24,7,16,0.2,5,0.2,1x16,242,default,baseline,218.91695779096202,206.87542180984337
seed_repeat,fast_avg_0.20_t5,46,24,8,16,0.2,5,0.2,1x16,242,default,baseline,224.3890722534631,212.59249090202496
seed_repeat,fast_avg_0.20_t5,46,24,9,16,0.2,5,0.2,1x16,242,default,baseline,230.13508114740176,217.81304013349853
seed_repeat,fast_avg_0.20_t5,46,24,10,16,0.2,5,0.2,1x16,242,default,baseline,234.06157075384832,225.05855412324047
seed_repeat,fast_avg_0.20_t5,46,24,11,16,0.2,5,0.2,1x16,242,default,baseline,237.03590203499917,230.04282828736154
seed_repeat,fast_avg_0.20_t5,46,24,12,16,0.2,5,0.2,1x16,242,default,baseline,244.3639001204516,235.1504993911878
seed_repeat,fast_avg_0.20_t5,46,24,13,16,0.2,5,0.2,1x16,242,default,baseline,247.18526383405336,240.46860987115957
seed_repeat,fast_avg_0.20_t5,46,24,14,16,0.2,5,0.2,1x16,242,default,baseline,247.34055398936238,243.86101751283962
seed_repeat,fast_avg_0.20_t5,46,24,15,16,0.2,5,0.2,1x16,242,default,baseline,249.41354095074365,245.47805017214918
seed_repeat,fast_avg_0.20_t5,46,24,16,16,0.2,5,0.2,1x16,242,default,baseline,252.1713815586668,246.3110646969114
seed_repeat,fast_avg_0.20_t5,46,24,17,16,0.2,5,0.2,1x16,242,default,baseline,252.26398226385675,249.07489797628503
seed_repeat,fast_avg_0.20_t5,46,24,18,16,0.2,5,0.2,1x16,242,default,baseline,254.90151655665653,251.1441157712228
seed_repeat,fast_avg_0.20_t5,46,24,19,16,0.2,5,0.2,1x16,242,default,baseline,256.00273771720595,252.48450796506376
seed_repeat,fast_avg_0.20_t5,46,24,20,16,0.2,5,0.2,1x16,242,default,baseline,256.00273771720595,253.73738064359287
seed_repeat,fast_avg_0.20_t5,46,24,21,16,0.2,5,0.2,1x16,242,default,baseline,256.00273771720595,253.6148709886811
seed_repeat,fast_avg_0.20_t5,46,24,22,16,0.2,5,0.2,1x16,242,default,baseline,256.2887695477716,254.79910636753132
seed_repeat,fast_avg_0.20_t5,46,24,23,16,0.2,5,0.2,1x16,242,default,baseline,257.41025139546076,254.59415176798757
seed_repeat,fast_avg_0.20_t5,46,24,24,16,0.2,5,0.2,1x16,242,default,baseline,257.7308945303985,255.06526958469084
seed_repeat,middle_0.10_t5,42,24,0,16,0.1,5,0.2,1x16,242,default,baseline,174.64691605755775,123.93725940568496
seed_repeat,middle_0.10_t5,42,24,1,16,0.1,5,0.2,1x16,242,default,baseline,174.64691605755775,141.5517794563791
seed_repeat,middle_0.10_t5,42,24,2,16,0.1,5,0.2,1x16,242,default,baseline,178.17912989183287,164.64604138444165
seed_repeat,middle_0.10_t5,42,24,3,16,0.1,5,0.2,1x16,242,default,baseline,189.75099759491474,173.17644554237586
seed_repeat,middle_0.10_t5,42,24,4,16,0.1,5,0.2,1x16,242,default,baseline,194.51523753935095,179.21521949316303
seed_repeat,middle_0.10_t5,42,24,5,16,0.1,5,0.2,1x16,242,default,baseline,196.18634126394505,183.58565538300374
seed_repeat,middle_0.10_t5,42,24,6,16,0.1,5,0.2,1x16,242,default,baseline,197.7152790693293,190.03246345258032
seed_repeat,middle_0.10_t5,42,24,7,16,0.1,5,0.2,1x16,242,default,baseline,199.87523232427645,194.20573955650468
seed_repeat,middle_0.10_t5,42,24,8,16,0.1,5,0.2,1x16,242,default,baseline,217.36858836505945,198.31762862612706
seed_repeat,middle_0.10_t5,42,24,9,16,0.1,5,0.2,1x16,242,default,baseline,220.68181253008956,208.7354515396102
seed_repeat,middle_0.10_t5,42,24,10,16,0.1,5,0.2,1x16,242,default,baseline,222.23794746499505,214.9618937353182
seed_repeat,middle_0.10_t5,42,24,11,16,0.1,5,0.2,1x16,242,default,baseline,224.030758350992,217.7077580438475
seed_repeat,middle_0.10_t5,42,24,12,16,0.1,5,0.2,1x16,242,default,baseline,233.4980988054176,223.75889863876367
seed_repeat,middle_0.10_t5,42,24,13,16,0.1,5,0.2,1x16,242,default,baseline,239.01265172544544,230.69811267920528
seed_repeat,middle_0.10_t5,42,24,14,16,0.1,5,0.2,1x16,242,default,baseline,239.21902789243703,232.62318320515658
seed_repeat,middle_0.10_t5,42,24,15,16,0.1,5,0.2,1x16,242,default,baseline,252.01142234300386,237.18203930309744
seed_repeat,middle_0.10_t5,42,24,16,16,0.1,5,0.2,1x16,242,default,baseline,253.28739368617397,242.09451311518967
seed_repeat,middle_0.10_t5,42,24,17,16,0.1,5,0.2,1x16,242,default,baseline,257.9360987088129,250.16846852546007
seed_repeat,middle_0.10_t5,42,24,18,16,0.1,5,0.2,1x16,242,default,baseline,257.9360987088129,254.33819128954872
seed_repeat,middle_0.10_t5,42,24,19,16,0.1,5,0.2,1x16,242,default,baseline,259.227482348277,256.30188053920233
seed_repeat,middle_0.10_t5,42,24,20,16,0.1,5,0.2,1x16,242,default,baseline,259.23968462635605,256.91835321584847
seed_repeat,middle_0.10_t5,42,24,21,16,0.1,5,0.2,1x16,242,default,baseline,260.0545351069288,256.8985745720937
seed_repeat,middle_0.10_t5,42,24,22,16,0.1,5,0.2,1x16,242,default,baseline,261.5931667950051,258.44329697284445
seed_repeat,middle_0.10_t5,42,24,23,16,0.1,5,0.2,1x16,242,default,baseline,261.73709300305853,258.54476957821464
seed_repeat,middle_0.10_t5,42,24,24,16,0.1,5,0.2,1x16,242,default,baseline,261.73709300305853,259.9081722228949
seed_repeat,middle_0.10_t5,43,24,0,16,0.1,5,0.2,1x16,242,default,baseline,173.15606138289232,124.72290905134332
seed_repeat,middle_0.10_t5,43,24,1,16,0.1,5,0.2,1x16,242,default,baseline,173.2613286313503,154.36063642497598
seed_repeat,middle_0.10_t5,43,24,2,16,0.1,5,0.2,1x16,242,default,baseline,174.97087841741234,168.41089263106477
seed_repeat,middle_0.10_t5,43,24,3,16,0.1,5,0.2,1x16,242,default,baseline,176.34881202301997,173.31751784704076
seed_repeat,middle_0.10_t5,43,24,4,16,0.1,5,0.2,1x16,242,default,baseline,176.34881202301997,174.11954226856915
seed_repeat,middle_0.10_t5,43,24,5,16,0.1,5,0.2,1x16,242,default,baseline,178.13714918654105,173.69499009856034
seed_repeat,middle_0.10_t5,43,24,6,16,0.1,5,0.2,1x16,242,default,baseline,180.87643689236614,175.4686363176745
seed_repeat,middle_0.10_t5,43,24,7,16,0.1,5,0.2,1x16,242,default,baseline,198.86189159321975,181.58525019492035
seed_repeat,middle_0.10_t5,43,24,8,16,0.1,5,0.2,1x16,242,default,baseline,204.46025712862772,190.95401180207182
seed_repeat,middle_0.10_t5,43,24,9,16,0.1,5,0.2,1x16,242,default,baseline,208.5414527120962,200.442998478478
seed_repeat,middle_0.10_t5,43,24,10,16,0.1,5,0.2,1x16,242,default,baseline,208.5414527120962,203.50586781871607
seed_repeat,middle_0.10_t5,43,24,11,16,0.1,5,0.2,1x16,242,default,baseline,220.32903990567416,208.2000155441452
seed_repeat,middle_0.10_t5,43,24,12,16,0.1,5,0.2,1x16,242,default,baseline,220.32903990567416,211.8469078819203
seed_repeat,middle_0.10_t5,43,24,13,16,0.1,5,0.2,1x16,242,default,baseline,231.9079996761227,219.42581908213748
seed_repeat,middle_0.10_t5,43,24,14,16,0.1,5,0.2,1x16,242,default,baseline,236.6318641193067,230.1971184885037
seed_repeat,middle_0.10_t5,43,24,15,16,0.1,5,0.2,1x16,242,default,baseline,239.71377065683572,235.40772390488976
seed_repeat,middle_0.10_t5,43,24,16,16,0.1,5,0.2,1x16,242,default,baseline,243.5936428758389,237.11691324049255
seed_repeat,middle_0.10_t5,43,24,17,16,0.1,5,0.2,1x16,242,default,baseline,244.88278195135152,240.7343608753889
seed_repeat,middle_0.10_t5,43,24,18,16,0.1,5,0.2,1x16,242,default,baseline,249.67286325017037,243.72388967992345
seed_repeat,middle_0.10_t5,43,24,19,16,0.1,5,0.2,1x16,242,default,baseline,251.2551685509165,246.88896265694285
seed_repeat,middle_0.10_t5,43,24,20,16,0.1,5,0.2,1x16,242,default,baseline,252.1468567694999,249.13737980125387
seed_repeat,middle_0.10_t5,43,24,21,16,0.1,5,0.2,1x16,242,default,baseline,253.09411412460426,250.58813036654362
seed_repeat,middle_0.10_t5,43,24,22,16,0.1,5,0.2,1x16,242,default,baseline,254.7446688908989,251.37767599255506
seed_repeat,middle_0.10_t5,43,24,23,16,0.1,5,0.2,1x16,242,default,baseline,255.5031402159104,252.86441749104995
seed_repeat,middle_0.10_t5,43,24,24,16,0.1,5,0.2,1x16,242,default,baseline,257.18879948849025,254.39300339664754
seed_repeat,middle_0.10_t5,44,24,0,16,0.1,5,0.2,1x16,242,default,baseline,175.29002860123632,118.06396367334293
seed_repeat,middle_0.10_t5,44,24,1,16,0.1,5,0.2,1x16,242,default,baseline,175.57612653765074,150.47736336179548
seed_repeat,middle_0.10_t5,44,24,2,16,0.1,5,0.2,1x16,242,default,baseline,175.57612653765074,162.29031358911635
seed_repeat,middle_0.10_t5,44,24,3,16,0.1,5,0.2,1x16,242,default,baseline,176.97562705973144,151.9495539686399
seed_repeat,middle_0.10_t5,44,24,4,16,0.1,5,0.2,1x16,242,default,baseline,179.07924990032257,163.85585227385624
seed_repeat,middle_0.10_t5,44,24,5,16,0.1,5,0.2,1x16,242,default,baseline,180.3533065956534,164.01154327989585
seed_repeat,middle_0.10_t5,44,24,6,16,0.1,5,0.2,1x16,242,default,baseline,183.1636994298597,178.23611148216082
seed_repeat,middle_0.10_t5,44,24,7,16,0.1,5,0.2,1x16,242,default,baseline,184.7368113455467,181.20429873121248
seed_repeat,middle_0.10_t5,44,24,8,16,0.1,5,0.2,1x16,242,default,baseline,190.23632942195584,182.37758145924883
seed_repeat,middle_0.10_t5,44,24,9,16,0.1,5,0.2,1x16,242,default,baseline,204.8084638368125,187.1193491091852
seed_repeat,middle_0.10_t5,44,24,10,16,0.1,5,0.2,1x16,242,default,baseline,205.61888695116178,194.0700575145927
seed_repeat,middle_0.10_t5,44,24,11,16,0.1,5,0.2,1x16,242,default,baseline,214.44788620725663,202.34231658664982
seed_repeat,middle_0.10_t5,44,24,12,16,0.1,5,0.2,1x16,242,default,baseline,217.85726785655035,207.30611196047107
seed_repeat,middle_0.10_t5,44,24,13,16,0.1,5,0.2,1x16,242,default,baseline,221.77076146975273,211.59228683617437
seed_repeat,middle_0.10_t5,44,24,14,16,0.1,5,0.2,1x16,242,default,baseline,231.40824844412134,219.31615347372147
seed_repeat,middle_0.10_t5,44,24,15,16,0.1,5,0.2,1x16,242,default,baseline,233.2154877628432,225.17322244930563
seed_repeat,middle_0.10_t5,44,24,16,16,0.1,5,0.2,1x16,242,default,baseline,234.72923111511642,229.9974078903361
seed_repeat,middle_0.10_t5,44,24,17,16,0.1,5,0.2,1x16,242,default,baseline,236.29984721705478,233.05418044149732
seed_repeat,middle_0.10_t5,44,24,18,16,0.1,5,0.2,1x16,242,default,baseline,241.21824299239663,234.36949483598977
seed_repeat,middle_0.10_t5,44,24,19,16,0.1,5,0.2,1x16,242,default,baseline,244.0334513306172,234.53090278506528
seed_repeat,middle_0.10_t5,44,24,20,16,0.1,5,0.2,1x16,242,default,baseline,244.0334513306172,239.11902348995568
seed_repeat,middle_0.10_t5,44,24,21,16,0.1,5,0.2,1x16,242,default,baseline,246.30349680619452,240.9957306566139
seed_repeat,middle_0.10_t5,44,24,22,16,0.1,5,0.2,1x16,242,default,baseline,249.22407255069186,244.20016707243389
seed_repeat,middle_0.10_t5,44,24,23,16,0.1,5,0.2,1x16,242,default,baseline,251.80791407368898,247.18882003423843
seed_repeat,middle_0.10_t5,44,24,24,16,0.1,5,0.2,1x16,242,default,baseline,252.74182780009386,247.48433412737882
seed_repeat,middle_0.10_t5,45,24,0,16,0.1,5,0.2,1x16,242,default,baseline,176.01205572940387,142.46705767544887
seed_repeat,middle_0.10_t5,45,24,1,16,0.1,5,0.2,1x16,242,default,baseline,176.01205572940387,144.14762581866688
seed_repeat,middle_0.10_t5,45,24,2,16,0.1,5,0.2,1x16,242,default,baseline,177.36834423915525,165.41746321921406
seed_repeat,middle_0.10_t5,45,24,3,16,0.1,5,0.2,1x16,242,default,baseline,177.77917998805896,175.84859199099282
seed_repeat,middle_0.10_t5,45,24,4,16,0.1,5,0.2,1x16,242,default,baseline,179.0600711644318,176.70945460686602
seed_repeat,middle_0.10_t5,45,24,5,16,0.1,5,0.2,1x16,242,default,baseline,179.13523513180957,177.52622045262876
seed_repeat,middle_0.10_t5,45,24,6,16,0.1,5,0.2,1x16,242,default,baseline,179.30461974071156,178.02074317396165
seed_repeat,middle_0.10_t5,45,24,7,16,0.1,5,0.2,1x16,242,default,baseline,180.28616287718222,178.17623541742284
seed_repeat,middle_0.10_t5,45,24,8,16,0.1,5,0.2,1x16,242,default,baseline,180.28616287718222,178.4771433769609
seed_repeat,middle_0.10_t5,45,24,9,16,0.1,5,0.2,1x16,242,default,baseline,181.12187997992822,178.87387929317342
seed_repeat,middle_0.10_t5,45,24,10,16,0.1,5,0.2,1x16,242,default,baseline,182.91922453932665,179.49220839066527
seed_repeat,middle_0.10_t5,45,24,11,16,0.1,5,0.2,1x16,242,default,baseline,184.28808952178548,180.77436326487705
seed_repeat,middle_0.10_t5,45,24,12,16,0.1,5,0.2,1x16,242,default,baseline,188.87423736215737,181.7400904336707
seed_repeat,middle_0.10_t5,45,24,13,16,0.1,5,0.2,1x16,242,default,baseline,194.86057975560587,185.4941551391413
seed_repeat,middle_0.10_t5,45,24,14,16,0.1,5,0.2,1x16,242,default,baseline,204.45915275796864,193.88079234417015
seed_repeat,middle_0.10_t5,45,24,15,16,0.1,5,0.2,1x16,242,default,baseline,207.68667688344257,198.8312960449344
seed_repeat,middle_0.10_t5,45,24,16,16,0.1,5,0.2,1x16,242,default,baseline,224.84988216051806,205.66441098344657
seed_repeat,middle_0.10_t5,45,24,17,16,0.1,5,0.2,1x16,242,default,baseline,228.5628570518175,215.44913104956413
seed_repeat,middle_0.10_t5,45,24,18,16,0.1,5,0.2,1x16,242,default,baseline,231.20408175140352,224.77190602168093
seed_repeat,middle_0.10_t5,45,24,19,16,0.1,5,0.2,1x16,242,default,baseline,236.78058738158276,226.74276311568167
seed_repeat,middle_0.10_t5,45,24,20,16,0.1,5,0.2,1x16,242,default,baseline,245.7200140736637,232.71917666075166
seed_repeat,middle_0.10_t5,45,24,21,16,0.1,5,0.2,1x16,242,default,baseline,246.1843705313716,240.0240941198054
seed_repeat,middle_0.10_t5,45,24,22,16,0.1,5,0.2,1x16,242,default,baseline,247.529202452076,243.6820929117152
seed_repeat,middle_0.10_t5,45,24,23,16,0.1,5,0.2,1x16,242,default,baseline,254.61125784946205,246.51700512834577
seed_repeat,middle_0.10_t5,45,24,24,16,0.1,5,0.2,1x16,242,default,baseline,255.58083836246934,250.6505668677466
seed_repeat,middle_0.10_t5,46,24,0,16,0.1,5,0.2,1x16,242,default,baseline,164.28817654436307,118.77169150605076
seed_repeat,middle_0.10_t5,46,24,1,16,0.1,5,0.2,1x16,242,default,baseline,166.36226999077604,147.60085954546696
seed_repeat,middle_0.10_t5,46,24,2,16,0.1,5,0.2,1x16,242,default,baseline,169.84896819956901,148.32284684509682
seed_repeat,middle_0.10_t5,46,24,3,16,0.1,5,0.2,1x16,242,default,baseline,177.074634748496,168.57057714499211
seed_repeat,middle_0.10_t5,46,24,4,16,0.1,5,0.2,1x16,242,default,baseline,184.12071229642905,172.9374734926688
seed_repeat,middle_0.10_t5,46,24,5,16,0.1,5,0.2,1x16,242,default,baseline,186.60995646390774,177.45594616967134
seed_repeat,middle_0.10_t5,46,24,6,16,0.1,5,0.2,1x16,242,default,baseline,191.0050777826159,186.3315042718694
seed_repeat,middle_0.10_t5,46,24,7,16,0.1,5,0.2,1x16,242,default,baseline,197.13981515606466,191.38885037087022
seed_repeat,middle_0.10_t5,46,24,8,16,0.1,5,0.2,1x16,242,default,baseline,197.13981515606466,191.87328859132168
seed_repeat,middle_0.10_t5,46,24,9,16,0.1,5,0.2,1x16,242,default,baseline,206.30144245570455,197.11343070381042
seed_repeat,middle_0.10_t5,46,24,10,16,0.1,5,0.2,1x16,242,default,baseline,216.76369538374485,201.88683913676712
seed_repeat,middle_0.10_t5,46,24,11,16,0.1,5,0.2,1x16,242,default,baseline,216.76998400565486,209.31052160589846
seed_repeat,middle_0.10_t5,46,24,12,16,0.1,5,0.2,1x16,242,default,baseline,227.50178491361376,215.7706787301958
seed_repeat,middle_0.10_t5,46,24,13,16,0.1,5,0.2,1x16,242,default,baseline,231.0241895265384,221.0610917491199
seed_repeat,middle_0.10_t5,46,24,14,16,0.1,5,0.2,1x16,242,default,baseline,234.616642304671,227.7955760822789
seed_repeat,middle_0.10_t5,46,24,15,16,0.1,5,0.2,1x16,242,default,baseline,242.08633388958435,232.26861871486523
seed_repeat,middle_0.10_t5,46,24,16,16,0.1,5,0.2,1x16,242,default,baseline,242.57459991771162,236.78518902486562
seed_repeat,middle_0.10_t5,46,24,17,16,0.1,5,0.2,1x16,242,default,baseline,247.25577333711652,241.05575886365585
seed_repeat,middle_0.10_t5,46,24,18,16,0.1,5,0.2,1x16,242,default,baseline,247.98243396360664,244.01735240535947
seed_repeat,middle_0.10_t5,46,24,19,16,0.1,5,0.2,1x16,242,default,baseline,253.50510622256695,245.50184361205612
seed_repeat,middle_0.10_t5,46,24,20,16,0.1,5,0.2,1x16,242,default,baseline,253.50510622256695,247.7714203486994
seed_repeat,middle_0.10_t5,46,24,21,16,0.1,5,0.2,1x16,242,default,baseline,255.06730559039264,251.56756679972023
seed_repeat,middle_0.10_t5,46,24,22,16,0.1,5,0.2,1x16,242,default,baseline,256.92598943318706,253.99297774766794
seed_repeat,middle_0.10_t5,46,24,23,16,0.1,5,0.2,1x16,242,default,baseline,258.50437187327464,255.13316197928668
seed_repeat,middle_0.10_t5,46,24,24,16,0.1,5,0.2,1x16,242,default,baseline,258.50437187327464,256.67241388476793
mutation_fine,mutation_0.050,42,24,0,16,0.05,5,0.2,1x16,242,default,baseline,174.64691605755775,123.93725940568496
mutation_fine,mutation_0.050,42,24,1,16,0.05,5,0.2,1x16,242,default,baseline,174.64691605755775,142.1684547841573
mutation_fine,mutation_0.050,42,24,2,16,0.05,5,0.2,1x16,242,default,baseline,177.01035448107874,167.1107889966467
mutation_fine,mutation_0.050,42,24,3,16,0.05,5,0.2,1x16,242,default,baseline,178.81533655253514,172.1882184242553
mutation_fine,mutation_0.050,42,24,4,16,0.05,5,0.2,1x16,242,default,baseline,184.18047956333288,177.17516950920788
mutation_fine,mutation_0.050,42,24,5,16,0.05,5,0.2,1x16,242,default,baseline,185.86724757250755,181.59663281813707
mutation_fine,mutation_0.050,42,24,6,16,0.05,5,0.2,1x16,242,default,baseline,194.77452628318554,185.4428832735503
mutation_fine,mutation_0.050,42,24,7,16,0.05,5,0.2,1x16,242,default,baseline,194.77452628318554,189.59728998093357
mutation_fine,mutation_0.050,42,24,8,16,0.05,5,0.2,1x16,242,default,baseline,201.37179924747724,194.02275251673774
mutation_fine,mutation_0.050,42,24,9,16,0.05,5,0.2,1x16,242,default,baseline,204.78498562034554,198.47251021873547
mutation_fine,mutation_0.050,42,24,10,16,0.05,5,0.2,1x16,242,default,baseline,211.39744886156626,200.9126528092572
mutation_fine,mutation_0.050,42,24,11,16,0.05,5,0.2,1x16,242,default,baseline,214.09939896365546,206.17918052512906
mutation_fine,mutation_0.050,42,24,12,16,0.05,5,0.2,1x16,242,default,baseline,214.74089423118807,210.29026685157004
mutation_fine,mutation_0.050,42,24,13,16,0.05,5,0.2,1x16,242,default,baseline,221.19388506018754,214.30901406205635
mutation_fine,mutation_0.050,42,24,14,16,0.05,5,0.2,1x16,242,default,baseline,225.80541133684244,216.99929310282488
mutation_fine,mutation_0.050,42,24,15,16,0.05,5,0.2,1x16,242,default,baseline,228.14726054663066,221.73452546392252
mutation_fine,mutation_0.050,42,24,16,16,0.05,5,0.2,1x16,242,default,baseline,237.11005161260488,225.2147430531952
mutation_fine,mutation_0.050,42,24,17,16,0.05,5,0.2,1x16,242,default,baseline,243.2885710082391,230.4779257606222
mutation_fine,mutation_0.050,42,24,18,16,0.05,5,0.2,1x16,242,default,baseline,243.2885710082391,236.59894727634045
mutation_fine,mutation_0.050,42,24,19,16,0.05,5,0.2,1x16,242,default,baseline,248.57377385267114,241.7947539010915
mutation_fine,mutation_0.050,42,24,20,16,0.05,5,0.2,1x16,242,default,baseline,249.70071168660235,244.72959712825758
mutation_fine,mutation_0.050,42,24,21,16,0.05,5,0.2,1x16,242,default,baseline,252.7553726455115,247.40943883858128
mutation_fine,mutation_0.050,42,24,22,16,0.05,5,0.2,1x16,242,default,baseline,254.20123390095705,250.39395192540388
mutation_fine,mutation_0.050,42,24,23,16,0.05,5,0.2,1x16,242,default,baseline,254.93512517583156,252.81026027890192
mutation_fine,mutation_0.050,42,24,24,16,0.05,5,0.2,1x16,242,default,baseline,257.7925779681517,253.8362442260424
mutation_fine,mutation_0.050,43,24,0,16,0.05,5,0.2,1x16,242,default,baseline,173.15606138289232,124.72290905134332
mutation_fine,mutation_0.050,43,24,1,16,0.05,5,0.2,1x16,242,default,baseline,173.57748106078378,154.56659508208745
mutation_fine,mutation_0.050,43,24,2,16,0.05,5,0.2,1x16,242,default,baseline,175.6220750137858,170.04244749137132
mutation_fine,mutation_0.050,43,24,3,16,0.05,5,0.2,1x16,242,default,baseline,175.6220750137858,174.1794297512979
mutation_fine,mutation_0.050,43,24,4,16,0.05,5,0.2,1x16,242,default,baseline,176.4503704814871,175.38962414386864
mutation_fine,mutation_0.050,43,24,5,16,0.05,5,0.2,1x16,242,default,baseline,179.81168647075935,176.0326858148232
mutation_fine,mutation_0.050,43,24,6,16,0.05,5,0.2,1x16,242,default,baseline,180.78814312420616,177.46634090395773
mutation_fine,mutation_0.050,43,24,7,16,0.05,5,0.2,1x16,242,default,baseline,181.52117048731074,179.545395420009
mutation_fine,mutation_0.050,43,24,8,16,0.05,5,0.2,1x16,242,default,baseline,184.62360166868336,179.63182427981843
mutation_fine,mutation_0.050,43,24,9,16,0.05,5,0.2,1x16,242,default,baseline,187.4851788348833,181.80411474307203
mutation_fine,mutation_0.050,43,24,10,16,0.05,5,0.2,1x16,242,default,baseline,187.4851788348833,183.68401478154482
mutation_fine,mutation_0.050,43,24,11,16,0.05,5,0.2,1x16,242,default,baseline,188.9830825380663,186.30929504382453
mutation_fine,mutation_0.050,43,24,12,16,0.05,5,0.2,1x16,242,default,baseline,190.7950226874128,186.79242861135216
mutation_fine,mutation_0.050,43,24,13,16,0.05,5,0.2,1x16,242,default,baseline,204.38374584055344,189.25829790044423
mutation_fine,mutation_0.050,43,24,14,16,0.05,5,0.2,1x16,242,default,baseline,209.801233391249,198.29471627344586
mutation_fine,mutation_0.050,43,24,15,16,0.05,5,0.2,1x16,242,default,baseline,216.06233462779966,207.18876512700305
mutation_fine,mutation_0.050,43,24,16,16,0.05,5,0.2,1x16,242,default,baseline,220.40723901565786,211.57739583382096
mutation_fine,mutation_0.050,43,24,17,16,0.05,5,0.2,1x16,242,default,baseline,223.36955760198285,214.94546065810516
mutation_fine,mutation_0.050,43,24,18,16,0.05,5,0.2,1x16,242,default,baseline,223.36955760198285,217.58348535257926
mutation_fine,mutation_0.050,43,24,19,16,0.05,5,0.2,1x16,242,default,baseline,225.42124772632695,220.64942010846346
mutation_fine,mutation_0.050,43,24,20,16,0.05,5,0.2,1x16,242,default,baseline,229.92754621307174,223.8749203232929
mutation_fine,mutation_0.050,43,24,21,16,0.05,5,0.2,1x16,242,default,baseline,229.92754621307174,226.03909499780698
mutation_fine,mutation_0.050,43,24,22,16,0.05,5,0.2,1x16,242,default,baseline,231.1714406766278,228.78124984639743
mutation_fine,mutation_0.050,43,24,23,16,0.05,5,0.2,1x16,242,default,baseline,231.6127770625405,229.32869109153916
mutation_fine,mutation_0.050,43,24,24,16,0.05,5,0.2,1x16,242,default,baseline,233.3042421639108,231.12770893458645
mutation_fine,mutation_0.050,44,24,0,16,0.05,5,0.2,1x16,242,default,baseline,175.29002860123632,118.06396367334293
mutation_fine,mutation_0.050,44,24,1,16,0.05,5,0.2,1x16,242,default,baseline,175.29002860123632,151.16557542950798
mutation_fine,mutation_0.050,44,24,2,16,0.05,5,0.2,1x16,242,default,baseline,176.56518416781643,167.95090148542448
mutation_fine,mutation_0.050,44,24,3,16,0.05,5,0.2,1x16,242,default,baseline,177.50339205224333,173.238323966863
mutation_fine,mutation_0.050,44,24,4,16,0.05,5,0.2,1x16,242,default,baseline,178.27692776423822,176.4281468450063
mutation_fine,mutation_0.050,44,24,5,16,0.05,5,0.2,1x16,242,default,baseline,178.75734734746285,176.8999758607838
mutation_fine,mutation_0.050,44,24,6,16,0.05,5,0.2,1x16,242,default,baseline,179.38637450435147,177.93698308335945
mutation_fine,mutation_0.050,44,24,7,16,0.05,5,0.2,1x16,242,default,baseline,179.64407755212665,178.54462658335765
mutation_fine,mutation_0.050,44,24,8,16,0.05,5,0.2,1x16,242,default,baseline,182.87631411374534,179.16938213222446
mutation_fine,mutation_0.050,44,24,9,16,0.05,5,0.2,1x16,242,default,baseline,188.4219092971848,181.21657469582124
mutation_fine,mutation_0.050,44,24,10,16,0.05,5,0.2,1x16,242,default,baseline,188.4219092971848,184.35401896929596
mutation_fine,mutation_0.050,44,24,11,16,0.05,5,0.2,1x16,242,default,baseline,208.34598213123715,189.0700554394703
mutation_fine,mutation_0.050,44,24,12,16,0.05,5,0.2,1x16,242,default,baseline,208.34598213123715,193.77773114363754
mutation_fine,mutation_0.050,44,24,13,16,0.05,5,0.2,1x16,242,default,baseline,216.77248323505563,204.15008855462816
mutation_fine,mutation_0.050,44,24,14,16,0.05,5,0.2,1x16,242,default,baseline,217.02905370813102,211.8833375279918
mutation_fine,mutation_0.050,44,24,15,16,0.05,5,0.2,1x16,242,default,baseline,221.850175575697,214.13879654344188
mutation_fine,mutation_0.050,44,24,16,16,0.05,5,0.2,1x16,242,default,baseline,225.9661915528206,219.27186371021713
mutation_fine,mutation_0.050,44,24,17,16,0.05,5,0.2,1x16,242,default,baseline,229.37716440759107,220.08703035859253
mutation_fine,mutation_0.050,44,24,18,16,0.05,5,0.2,1x16,242,default,baseline,237.39039444451868,226.41105004910042
mutation_fine,mutation_0.050,44,24,19,16,0.05,5,0.2,1x16,242,default,baseline,238.48642361101815,231.48786742663356
mutation_fine,mutation_0.050,44,24,20,16,0.05,5,0.2,1x16,242,default,baseline,242.74477216874362,235.57242251274153
mutation_fine,mutation_0.050,44,24,21,16,0.05,5,0.2,1x16,242,default,baseline,244.2567807161473,240.36245732055468
mutation_fine,mutation_0.050,44,24,22,16,0.05,5,0.2,1x16,242,default,baseline,246.43926297949045,242.71938510126037
mutation_fine,mutation_0.050,44,24,23,16,0.05,5,0.2,1x16,242,default,baseline,249.68189688966027,245.20753212211824
mutation_fine,mutation_0.050,44,24,24,16,0.05,5,0.2,1x16,242,default,baseline,249.68189688966027,247.70741227596895
mutation_fine,mutation_0.050,45,24,0,16,0.05,5,0.2,1x16,242,default,baseline,176.01205572940387,142.46705767544887
mutation_fine,mutation_0.050,45,24,1,16,0.05,5,0.2,1x16,242,default,baseline,176.11548367110004,144.2435442214162
mutation_fine,mutation_0.050,45,24,2,16,0.05,5,0.2,1x16,242,default,baseline,177.56364270463374,165.13472232317713
mutation_fine,mutation_0.050,45,24,3,16,0.05,5,0.2,1x16,242,default,baseline,177.56364270463374,175.437270793251
mutation_fine,mutation_0.050,45,24,4,16,0.05,5,0.2,1x16,242,default,baseline,178.64962913300133,177.3059488411057
mutation_fine,mutation_0.050,45,24,5,16,0.05,5,0.2,1x16,242,default,baseline,179.32760066634194,177.83249038736113
mutation_fine,mutation_0.050,45,24,6,16,0.05,5,0.2,1x16,242,default,baseline,180.0113690887776,178.61941704506165
mutation_fine,mutation_0.050,45,24,7,16,0.05,5,0.2,1x16,242,default,baseline,180.3625330951612,178.73632293472826
mutation_fine,mutation_0.050,45,24,8,16,0.05,5,0.2,1x16,242,default,baseline,180.3625330951612,178.99391825697592
mutation_fine,mutation_0.050,45,24,9,16,0.05,5,0.2,1x16,242,default,baseline,181.3001280086478,179.38941892793417
mutation_fine,mutation_0.050,45,24,10,16,0.05,5,0.2,1x16,242,default,baseline,181.79092760267392,180.26691551248393
mutation_fine,mutation_0.050,45,24,11,16,0.05,5,0.2,1x16,242,default,baseline,184.83822853303047,181.422985387668
mutation_fine,mutation_0.050,45,24,12,16,0.05,5,0.2,1x16,242,default,baseline,187.46239200537258,182.52334200554066
mutation_fine,mutation_0.050,45,24,13,16,0.05,5,0.2,1x16,242,default,baseline,194.40517845600718,185.15472518454834
mutation_fine,mutation_0.050,45,24,14,16,0.05,5,0.2,1x16,242,default,baseline,197.34005713369385,190.48462072626648
mutation_fine,mutation_0.050,45,24,15,16,0.05,5,0.2,1x16,242,default,baseline,202.51491064517336,195.12999472177938
mutation_fine,mutation_0.050,45,24,16,16,0.05,5,0.2,1x16,242,default,baseline,202.8182809631504,198.52680897021008
mutation_fine,mutation_0.050,45,24,17,16,0.05,5,0.2,1x16,242,default,baseline,207.95292287556663,201.50357974741252
mutation_fine,mutation_0.050,45,24,18,16,0.05,5,0.2,1x16,242,default,baseline,217.08273121362583,207.31333343821365
mutation_fine,mutation_0.050,45,24,19,16,0.05,5,0.2,1x16,242,default,baseline,221.23602688480796,212.85422372141772
mutation_fine,mutation_0.050,45,24,20,16,0.05,5,0.2,1x16,242,default,baseline,224.2376152152261,218.1833828955569
mutation_fine,mutation_0.050,45,24,21,16,0.05,5,0.2,1x16,242,default,baseline,230.34112112960722,223.06278295547702
mutation_fine,mutation_0.050,45,24,22,16,0.05,5,0.2,1x16,242,default,baseline,232.68264735806844,226.22225418845323
mutation_fine,mutation_0.050,45,24,23,16,0.05,5,0.2,1x16,242,default,baseline,233.6260054658486,230.3116101317135
mutation_fine,mutation_0.050,45,24,24,16,0.05,5,0.2,1x16,242,default,baseline,233.7404760910223,230.66743114434655
mutation_fine,mutation_0.050,46,24,0,16,0.05,5,0.2,1x16,242,default,baseline,164.28817654436307,118.77169150605076
mutation_fine,mutation_0.050,46,24,1,16,0.05,5,0.2,1x16,242,default,baseline,166.14885271074883,148.00431025494817
mutation_fine,mutation_0.050,46,24,2,16,0.05,5,0.2,1x16,242,default,baseline,171.53877728383105,149.12724609882042
mutation_fine,mutation_0.050,46,24,3,16,0.05,5,0.2,1x16,242,default,baseline,174.59260697900106,168.93005641240768
mutation_fine,mutation_0.050,46,24,4,16,0.05,5,0.2,1x16,242,default,baseline,179.45638669778046,172.17065214746324
mutation_fine,mutation_0.050,46,24,5,16,0.05,5,0.2,1x16,242,default,baseline,179.45638669778046,174.68601090869223
mutation_fine,mutation_0.050,46,24,6,16,0.05,5,0.2,1x16,242,default,baseline,182.96326484132805,178.91591727261135
mutation_fine,mutation_0.050,46,24,7,16,0.05,5,0.2,1x16,242,default,baseline,187.91819649703638,182.04607310555681
mutation_fine,mutation_0.050,46,24,8,16,0.05,5,0.2,1x16,242,default,baseline,191.31882390563698,185.86412404621268
mutation_fine,mutation_0.050,46,24,9,16,0.05,5,0.2,1x16,242,default,baseline,198.38481205144342,189.23872248449067
mutation_fine,mutation_0.050,46,24,10,16,0.05,5,0.2,1x16,242,default,baseline,198.38481205144342,194.69786451850382
mutation_fine,mutation_0.050,46,24,11,16,0.05,5,0.2,1x16,242,default,baseline,208.1106385197857,197.38038623090188
mutation_fine,mutation_0.050,46,24,12,16,0.05,5,0.2,1x16,242,default,baseline,210.00097799299,202.49303014596643
mutation_fine,mutation_0.050,46,24,13,16,0.05,5,0.2,1x16,242,default,baseline,214.69408935341386,206.7240662858875
mutation_fine,mutation_0.050,46,24,14,16,0.05,5,0.2,1x16,242,default,baseline,214.69408935341386,211.05331560008824
mutation_fine,mutation_0.050,46,24,15,16,0.05,5,0.2,1x16,242,default,baseline,217.15674797531818,213.6544013455092
mutation_fine,mutation_0.050,46,24,16,16,0.05,5,0.2,1x16,242,default,baseline,223.61117636480336,216.27082389657954
mutation_fine,mutation_0.050,46,24,17,16,0.05,5,0.2,1x16,242,default,baseline,231.11752696092884,221.39865556451645
mutation_fine,mutation_0.050,46,24,18,16,0.05,5,0.2,1x16,242,default,baseline,238.34517833332035,225.5276712330855
mutation_fine,mutation_0.050,46,24,19,16,0.05,5,0.2,1x16,242,default,baseline,242.32789986117865,233.83480323851094
mutation_fine,mutation_0.050,46,24,20,16,0.05,5,0.2,1x16,242,default,baseline,242.32789986117865,237.97646617233457
mutation_fine,mutation_0.050,46,24,21,16,0.05,5,0.2,1x16,242,default,baseline,245.29515400907513,240.7137182276567
mutation_fine,mutation_0.050,46,24,22,16,0.05,5,0.2,1x16,242,default,baseline,246.32842459144643,244.14137958762174
mutation_fine,mutation_0.050,46,24,23,16,0.05,5,0.2,1x16,242,default,baseline,248.26658570018722,244.60480582951706
mutation_fine,mutation_0.050,46,24,24,16,0.05,5,0.2,1x16,242,default,baseline,250.4444052976027,246.3919266391972
mutation_fine,mutation_0.075,42,24,0,16,0.075,5,0.2,1x16,242,default,baseline,174.64691605755775,123.93725940568496
mutation_fine,mutation_0.075,42,24,1,16,0.075,5,0.2,1x16,242,default,baseline,174.64691605755775,141.97287599026694
mutation_fine,mutation_0.075,42,24,2,16,0.075,5,0.2,1x16,242,default,baseline,176.68695869822085,168.68043038089763
mutation_fine,mutation_0.075,42,24,3,16,0.075,5,0.2,1x16,242,default,baseline,191.8761594575913,173.21650209624016
mutation_fine,mutation_0.075,42,24,4,16,0.075,5,0.2,1x16,242,default,baseline,194.46752309224516,177.64314063631065
mutation_fine,mutation_0.075,42,24,5,16,0.075,5,0.2,1x16,242,default,baseline,194.46752309224516,183.3600532252563
mutation_fine,mutation_0.075,42,24,6,16,0.075,5,0.2,1x16,242,default,baseline,199.6651147514837,190.00204897011878
mutation_fine,mutation_0.075,42,24,7,16,0.075,5,0.2,1x16,242,default,baseline,209.6727725944202,197.8615269727144
mutation_fine,mutation_0.075,42,24,8,16,0.075,5,0.2,1x16,242,default,baseline,221.43438809380586,203.77060149093845
mutation_fine,mutation_0.075,42,24,9,16,0.075,5,0.2,1x16,242,default,baseline,223.93340595265093,211.3515133318226
mutation_fine,mutation_0.075,42,24,10,16,0.075,5,0.2,1x16,242,default,baseline,225.75204997865112,219.00402388010167
mutation_fine,mutation_0.075,42,24,11,16,0.075,5,0.2,1x16,242,default,baseline,228.65436345713843,221.08658966408808
mutation_fine,mutation_0.075,42,24,12,16,0.075,5,0.2,1x16,242,default,baseline,233.55740698646088,226.18721291098274
mutation_fine,mutation_0.075,42,24,13,16,0.075,5,0.2,1x16,242,default,baseline,237.39042946584811,231.85936438884895
mutation_fine,mutation_0.075,42,24,14,16,0.075,5,0.2,1x16,242,default,baseline,243.99441833174308,235.51640316049918
mutation_fine,mutation_0.075,42,24,15,16,0.075,5,0.2,1x16,242,default,baseline,243.99441833174308,239.01311323379383
mutation_fine,mutation_0.075,42,24,16,16,0.075,5,0.2,1x16,242,default,baseline,250.01721037916226,242.33402632210726
mutation_fine,mutation_0.075,42,24,17,16,0.075,5,0.2,1x16,242,default,baseline,255.8086161841914,245.87836125804336
mutation_fine,mutation_0.075,42,24,18,16,0.075,5,0.2,1x16,242,default,baseline,255.8086161841914,249.6138099638831
mutation_fine,mutation_0.075,42,24,19,16,0.075,5,0.2,1x16,242,default,baseline,257.50362398056944,254.72274580338896
mutation_fine,mutation_0.075,42,24,20,16,0.075,5,0.2,1x16,242,default,baseline,258.3946954093826,255.82543080693148
mutation_fine,mutation_0.075,42,24,21,16,0.075,5,0.2,1x16,242,default,baseline,259.9800926469295,255.949385531578
mutation_fine,mutation_0.075,42,24,22,16,0.075,5,0.2,1x16,242,default,baseline,260.873369575677,257.4566784344935
mutation_fine,mutation_0.075,42,24,23,16,0.075,5,0.2,1x16,242,default,baseline,260.9772833102448,258.65517252791676
mutation_fine,mutation_0.075,42,24,24,16,0.075,5,0.2,1x16,242,default,baseline,261.3692421100435,258.80853532315143
mutation_fine,mutation_0.075,43,24,0,16,0.075,5,0.2,1x16,242,default,baseline,173.15606138289232,124.72290905134332
mutation_fine,mutation_0.075,43,24,1,16,0.075,5,0.2,1x16,242,default,baseline,173.15606138289232,154.21083526727935
mutation_fine,mutation_0.075,43,24,2,16,0.075,5,0.2,1x16,242,default,baseline,174.77424367412334,168.47509540567796
mutation_fine,mutation_0.075,43,24,3,16,0.075,5,0.2,1x16,242,default,baseline,175.19862912954812,173.8295541624219
mutation_fine,mutation_0.075,43,24,4,16,0.075,5,0.2,1x16,242,default,baseline,177.14025607739006,175.03610635547932
mutation_fine,mutation_0.075,43,24,5,16,0.075,5,0.2,1x16,242,default,baseline,180.23898848740083,176.06005034011136
mutation_fine,mutation_0.075,43,24,6,16,0.075,5,0.2,1x16,242,default,baseline,180.71220927574723,177.91327980390417
mutation_fine,mutation_0.075,43,24,7,16,0.075,5,0.2,1x16,242,default,baseline,197.4728810996903,181.37307924247054
mutation_fine,mutation_0.075,43,24,8,16,0.075,5,0.2,1x16,242,default,baseline,201.9703828286083,187.7267006693016
mutation_fine,mutation_0.075,43,24,9,16,0.075,5,0.2,1x16,242,default,baseline,203.93323345627073,197.9600718436642
mutation_fine,mutation_0.075,43,24,10,16,0.075,5,0.2,1x16,242,default,baseline,205.49732699171983,200.82160377526742
mutation_fine,mutation_0.075,43,24,11,16,0.075,5,0.2,1x16,242,default,baseline,218.57546644562095,204.96795737786147
mutation_fine,mutation_0.075,43,24,12,16,0.075,5,0.2,1x16,242,default,baseline,224.38418278230057,209.5726284632042
mutation_fine,mutation_0.075,43,24,13,16,0.075,5,0.2,1x16,242,default,baseline,228.62610792797457,219.5979173547603
mutation_fine,mutation_0.075,43,24,14,16,0.075,5,0.2,1x16,242,default,baseline,234.61773619835637,225.49523000697448
mutation_fine,mutation_0.075,43,24,15,16,0.075,5,0.2,1x16,242,default,baseline,234.61773619835637,229.85230889603997
mutation_fine,mutation_0.075,43,24,16,16,0.075,5,0.2,1x16,242,default,baseline,238.07719985039515,232.40809145321862
mutation_fine,mutation_0.075,43,24,17,16,0.075,5,0.2,1x16,242,default,baseline,239.2483695377917,235.7046449575099
mutation_fine,mutation_0.075,43,24,18,16,0.075,5,0.2,1x16,242,default,baseline,243.37500151125914,237.181882507584
mutation_fine,mutation_0.075,43,24,19,16,0.075,5,0.2,1x16,242,default,baseline,244.46190703698403,239.55087163853898
mutation_fine,mutation_0.075,43,24,20,16,0.075,5,0.2,1x16,242,default,baseline,245.4461453358469,242.05633062639805
mutation_fine,mutation_0.075,43,24,21,16,0.075,5,0.2,1x16,242,default,baseline,245.78316356572157,243.57649621447683
mutation_fine,mutation_0.075,43,24,22,16,0.075,5,0.2,1x16,242,default,baseline,248.7843977072814,244.82020721434725
mutation_fine,mutation_0.075,43,24,23,16,0.075,5,0.2,1x16,242,default,baseline,251.50032299195158,246.8262293928154
mutation_fine,mutation_0.075,43,24,24,16,0.075,5,0.2,1x16,242,default,baseline,251.8652453695063,249.57760004986812
mutation_fine,mutation_0.075,44,24,0,16,0.075,5,0.2,1x16,242,default,baseline,175.29002860123632,118.06396367334293
mutation_fine,mutation_0.075,44,24,1,16,0.075,5,0.2,1x16,242,default,baseline,175.6076056030981,150.8064997324228
mutation_fine,mutation_0.075,44,24,2,16,0.075,5,0.2,1x16,242,default,baseline,175.6076056030981,166.31109537127162
mutation_fine,mutation_0.075,44,24,3,16,0.075,5,0.2,1x16,242,default,baseline,177.5911073259602,153.37931527659185
mutation_fine,mutation_0.075,44,24,4,16,0.075,5,0.2,1x16,242,default,baseline,178.12850217339968,166.7012648640944
mutation_fine,mutation_0.075,44,24,5,16,0.075,5,0.2,1x16,242,default,baseline,179.95314101033307,165.66706844792702
mutation_fine,mutation_0.075,44,24,6,16,0.075,5,0.2,1x16,242,default,baseline,182.64513826337466,178.68515437242422
mutation_fine,mutation_0.075,44,24,7,16,0.075,5,0.2,1x16,242,default,baseline,182.64513826337466,180.39581615234266
mutation_fine,mutation_0.075,44,24,8,16,0.075,5,0.2,1x16,242,default,baseline,186.0973309592573,181.09232022673163
mutation_fine,mutation_0.075,44,24,9,16,0.075,5,0.2,1x16,242,default,baseline,193.21276494527137,184.06704443347553
mutation_fine,mutation_0.075,44,24,10,16,0.075,5,0.2,1x16,242,default,baseline,195.0717062642155,189.37047968419068
mutation_fine,mutation_0.075,44,24,11,16,0.075,5,0.2,1x16,242,default,baseline,199.44649046335437,193.57797389834536
mutation_fine,mutation_0.075,44,24,12,16,0.075,5,0.2,1x16,242,default,baseline,203.98953602439082,194.43072546622415
mutation_fine,mutation_0.075,44,24,13,16,0.075,5,0.2,1x16,242,default,baseline,209.35449345735805,201.4803338420545
mutation_fine,mutation_0.075,44,24,14,16,0.075,5,0.2,1x16,242,default,baseline,220.24069977617972,208.83136404255217
mutation_fine,mutation_0.075,44,24,15,16,0.075,5,0.2,1x16,242,default,baseline,232.33206438278356,215.071879028249
mutation_fine,mutation_0.075,44,24,16,16,0.075,5,0.2,1x16,242,default,baseline,240.96155854485312,225.60071861399766
mutation_fine,mutation_0.075,44,24,17,16,0.075,5,0.2,1x16,242,default,baseline,244.55316391707942,234.24598426919283
mutation_fine,mutation_0.075,44,24,18,16,0.075,5,0.2,1x16,242,default,baseline,248.07837407435613,239.8366746931872
mutation_fine,mutation_0.075,44,24,19,16,0.075,5,0.2,1x16,242,default,baseline,248.46746040143944,243.92245083368908
mutation_fine,mutation_0.075,44,24,20,16,0.075,5,0.2,1x16,242,default,baseline,248.46746040143944,246.55827234290678
mutation_fine,mutation_0.075,44,24,21,16,0.075,5,0.2,1x16,242,default,baseline,249.34352691532652,247.60486400246864
mutation_fine,mutation_0.075,44,24,22,16,0.075,5,0.2,1x16,242,default,baseline,251.22566291043108,248.77383001101407
mutation_fine,mutation_0.075,44,24,23,16,0.075,5,0.2,1x16,242,default,baseline,252.1071875095478,250.0503042370893
mutation_fine,mutation_0.075,44,24,24,16,0.075,5,0.2,1x16,242,default,baseline,255.66869628648521,250.54094362184605
mutation_fine,mutation_0.075,45,24,0,16,0.075,5,0.2,1x16,242,default,baseline,176.01205572940387,142.46705767544887
mutation_fine,mutation_0.075,45,24,1,16,0.075,5,0.2,1x16,242,default,baseline,176.6832656798739,144.22577205544343
mutation_fine,mutation_0.075,45,24,2,16,0.075,5,0.2,1x16,242,default,baseline,177.34212802419356,165.0975728832752
mutation_fine,mutation_0.075,45,24,3,16,0.075,5,0.2,1x16,242,default,baseline,177.64458806375555,175.5692742376487
mutation_fine,mutation_0.075,45,24,4,16,0.075,5,0.2,1x16,242,default,baseline,179.44841082927883,176.71362756492894
mutation_fine,mutation_0.075,45,24,5,16,0.075,5,0.2,1x16,242,default,baseline,179.9021266326828,177.84685270756486
mutation_fine,mutation_0.075,45,24,6,16,0.075,5,0.2,1x16,242,default,baseline,180.66821282290047,178.96718613425554
mutation_fine,mutation_0.075,45,24,7,16,0.075,5,0.2,1x16,242,default,baseline,183.78999026579243,179.66898139347285
mutation_fine,mutation_0.075,45,24,8,16,0.075,5,0.2,1x16,242,default,baseline,183.78999026579243,180.481688687717
mutation_fine,mutation_0.075,45,24,9,16,0.075,5,0.2,1x16,242,default,baseline,185.96802584441915,181.33442230469961
mutation_fine,mutation_0.075,45,24,10,16,0.075,5,0.2,1x16,242,default,baseline,191.48400334787436,184.50371151042907
mutation_fine,mutation_0.075,45,24,11,16,0.075,5,0.2,1x16,242,default,baseline,193.24577626355034,186.81879110739476
mutation_fine,mutation_0.075,45,24,12,16,0.075,5,0.2,1x16,242,default,baseline,196.57887135384078,189.9780453693824
mutation_fine,mutation_0.075,45,24,13,16,0.075,5,0.2,1x16,242,default,baseline,208.2678271037783,193.84404789882387
mutation_fine,mutation_0.075,45,24,14,16,0.075,5,0.2,1x16,242,default,baseline,208.2678271037783,201.76390642376822
mutation_fine,mutation_0.075,45,24,15,16,0.075,5,0.2,1x16,242,default,baseline,217.15473204835655,204.78202089122183
mutation_fine,mutation_0.075,45,24,16,16,0.075,5,0.2,1x16,242,default,baseline,224.75867800329277,212.47842097834655
mutation_fine,mutation_0.075,45,24,17,16,0.075,5,0.2,1x16,242,default,baseline,225.74535433556667,216.29206114469716
mutation_fine,mutation_0.075,45,24,18,16,0.075,5,0.2,1x16,242,default,baseline,226.53828749731179,222.4062303965271
mutation_fine,mutation_0.075,45,24,19,16,0.075,5,0.2,1x16,242,default,baseline,228.550231267382,224.42545065671894
mutation_fine,mutation_0.075,45,24,20,16,0.075,5,0.2,1x16,242,default,baseline,234.26287584732086,227.12594906407764
mutation_fine,mutation_0.075,45,24,21,16,0.075,5,0.2,1x16,242,default,baseline,234.77781596966136,230.180637951966
mutation_fine,mutation_0.075,45,24,22,16,0.075,5,0.2,1x16,242,default,baseline,242.2527231976959,231.31933633172264
mutation_fine,mutation_0.075,45,24,23,16,0.075,5,0.2,1x16,242,default,baseline,242.2527231976959,234.3097218077878
mutation_fine,mutation_0.075,45,24,24,16,0.075,5,0.2,1x16,242,default,baseline,242.2527231976959,237.10686411045123
mutation_fine,mutation_0.075,46,24,0,16,0.075,5,0.2,1x16,242,default,baseline,164.28817654436307,118.77169150605076
mutation_fine,mutation_0.075,46,24,1,16,0.075,5,0.2,1x16,242,default,baseline,166.27658191867488,147.80521433115598
mutation_fine,mutation_0.075,46,24,2,16,0.075,5,0.2,1x16,242,default,baseline,171.63483410655644,151.1578087810188
mutation_fine,mutation_0.075,46,24,3,16,0.075,5,0.2,1x16,242,default,baseline,174.0086033433714,169.164323260132
mutation_fine,mutation_0.075,46,24,4,16,0.075,5,0.2,1x16,242,default,baseline,179.66791574088137,172.69272179262566
mutation_fine,mutation_0.075,46,24,5,16,0.075,5,0.2,1x16,242,default,baseline,182.72847202865637,175.1952927068029
mutation_fine,mutation_0.075,46,24,6,16,0.075,5,0.2,1x16,242,default,baseline,186.22375848384655,180.39715064872763
mutation_fine,mutation_0.075,46,24,7,16,0.075,5,0.2,1x16,242,default,baseline,192.11787915022234,185.71983152524618
mutation_fine,mutation_0.075,46,24,8,16,0.075,5,0.2,1x16,242,default,baseline,192.11787915022234,188.64188285531247
mutation_fine,mutation_0.075,46,24,9,16,0.075,5,0.2,1x16,242,default,baseline,202.12518451366242,191.84985381513812
mutation_fine,mutation_0.075,46,24,10,16,0.075,5,0.2,1x16,242,default,baseline,208.46835974642863,197.5091103764759
mutation_fine,mutation_0.075,46,24,11,16,0.075,5,0.2,1x16,242,default,baseline,212.13812494968403,203.081947844527
mutation_fine,mutation_0.075,46,24,12,16,0.075,5,0.2,1x16,242,default,baseline,218.3561991336074,212.043913478832
mutation_fine,mutation_0.075,46,24,13,16,0.075,5,0.2,1x16,242,default,baseline,221.542462236812,217.13441728461834
mutation_fine,mutation_0.075,46,24,14,16,0.075,5,0.2,1x16,242,default,baseline,223.3756927045406,218.3549117449911
mutation_fine,mutation_0.075,46,24,15,16,0.075,5,0.2,1x16,242,default,baseline,229.38992524793787,221.97522913812702
mutation_fine,mutation_0.075,46,24,16,16,0.075,5,0.2,1x16,242,default,baseline,232.81998436609942,226.7044196107302
mutation_fine,mutation_0.075,46,24,17,16,0.075,5,0.2,1x16,242,default,baseline,238.10815585442083,231.64226557120418
mutation_fine,mutation_0.075,46,24,18,16,0.075,5,0.2,1x16,242,default,baseline,242.91572668673967,235.86931221804463
mutation_fine,mutation_0.075,46,24,19,16,0.075,5,0.2,1x16,242,default,baseline,246.30986824285702,239.7035129636123
mutation_fine,mutation_0.075,46,24,20,16,0.075,5,0.2,1x16,242,default,baseline,247.74204885598363,244.59093505072033
mutation_fine,mutation_0.075,46,24,21,16,0.075,5,0.2,1x16,242,default,baseline,250.9734086587376,245.93958917078965
mutation_fine,mutation_0.075,46,24,22,16,0.075,5,0.2,1x16,242,default,baseline,251.61496940173456,248.69629863479554
mutation_fine,mutation_0.075,46,24,23,16,0.075,5,0.2,1x16,242,default,baseline,252.5029437371245,250.4655927894706
mutation_fine,mutation_0.075,46,24,24,16,0.075,5,0.2,1x16,242,default,baseline,252.5029437371245,250.6036917674947
mutation_fine,mutation_0.100,42,24,0,16,0.1,5,0.2,1x16,242,default,baseline,174.64691605755775,123.93725940568496
mutation_fine,mutation_0.100,42,24,1,16,0.1,5,0.2,1x16,242,default,baseline,174.64691605755775,141.5517794563791
mutation_fine,mutation_0.100,42,24,2,16,0.1,5,0.2,1x16,242,default,baseline,178.17912989183287,164.64604138444165
mutation_fine,mutation_0.100,42,24,3,16,0.1,5,0.2,1x16,242,default,baseline,189.75099759491474,173.17644554237586
mutation_fine,mutation_0.100,42,24,4,16,0.1,5,0.2,1x16,242,default,baseline,194.51523753935095,179.21521949316303
mutation_fine,mutation_0.100,42,24,5,16,0.1,5,0.2,1x16,242,default,baseline,196.18634126394505,183.58565538300374
mutation_fine,mutation_0.100,42,24,6,16,0.1,5,0.2,1x16,242,default,baseline,197.7152790693293,190.03246345258032
mutation_fine,mutation_0.100,42,24,7,16,0.1,5,0.2,1x16,242,default,baseline,199.87523232427645,194.20573955650468
mutation_fine,mutation_0.100,42,24,8,16,0.1,5,0.2,1x16,242,default,baseline,217.36858836505945,198.31762862612706
mutation_fine,mutation_0.100,42,24,9,16,0.1,5,0.2,1x16,242,default,baseline,220.68181253008956,208.7354515396102
mutation_fine,mutation_0.100,42,24,10,16,0.1,5,0.2,1x16,242,default,baseline,222.23794746499505,214.9618937353182
mutation_fine,mutation_0.100,42,24,11,16,0.1,5,0.2,1x16,242,default,baseline,224.030758350992,217.7077580438475
mutation_fine,mutation_0.100,42,24,12,16,0.1,5,0.2,1x16,242,default,baseline,233.4980988054176,223.75889863876367
mutation_fine,mutation_0.100,42,24,13,16,0.1,5,0.2,1x16,242,default,baseline,239.01265172544544,230.69811267920528
mutation_fine,mutation_0.100,42,24,14,16,0.1,5,0.2,1x16,242,default,baseline,239.21902789243703,232.62318320515658
mutation_fine,mutation_0.100,42,24,15,16,0.1,5,0.2,1x16,242,default,baseline,252.01142234300386,237.18203930309744
mutation_fine,mutation_0.100,42,24,16,16,0.1,5,0.2,1x16,242,default,baseline,253.28739368617397,242.09451311518967
mutation_fine,mutation_0.100,42,24,17,16,0.1,5,0.2,1x16,242,default,baseline,257.9360987088129,250.16846852546007
mutation_fine,mutation_0.100,42,24,18,16,0.1,5,0.2,1x16,242,default,baseline,257.9360987088129,254.33819128954872
mutation_fine,mutation_0.100,42,24,19,16,0.1,5,0.2,1x16,242,default,baseline,259.227482348277,256.30188053920233
mutation_fine,mutation_0.100,42,24,20,16,0.1,5,0.2,1x16,242,default,baseline,259.23968462635605,256.91835321584847
mutation_fine,mutation_0.100,42,24,21,16,0.1,5,0.2,1x16,242,default,baseline,260.0545351069288,256.8985745720937
mutation_fine,mutation_0.100,42,24,22,16,0.1,5,0.2,1x16,242,default,baseline,261.5931667950051,258.44329697284445
mutation_fine,mutation_0.100,42,24,23,16,0.1,5,0.2,1x16,242,default,baseline,261.73709300305853,258.54476957821464
mutation_fine,mutation_0.100,42,24,24,16,0.1,5,0.2,1x16,242,default,baseline,261.73709300305853,259.9081722228949
mutation_fine,mutation_0.100,43,24,0,16,0.1,5,0.2,1x16,242,default,baseline,173.15606138289232,124.72290905134332
mutation_fine,mutation_0.100,43,24,1,16,0.1,5,0.2,1x16,242,default,baseline,173.2613286313503,154.36063642497598
mutation_fine,mutation_0.100,43,24,2,16,0.1,5,0.2,1x16,242,default,baseline,174.97087841741234,168.41089263106477
mutation_fine,mutation_0.100,43,24,3,16,0.1,5,0.2,1x16,242,default,baseline,176.34881202301997,173.31751784704076
mutation_fine,mutation_0.100,43,24,4,16,0.1,5,0.2,1x16,242,default,baseline,176.34881202301997,174.11954226856915
mutation_fine,mutation_0.100,43,24,5,16,0.1,5,0.2,1x16,242,default,baseline,178.13714918654105,173.69499009856034
mutation_fine,mutation_0.100,43,24,6,16,0.1,5,0.2,1x16,242,default,baseline,180.87643689236614,175.4686363176745
mutation_fine,mutation_0.100,43,24,7,16,0.1,5,0.2,1x16,242,default,baseline,198.86189159321975,181.58525019492035
mutation_fine,mutation_0.100,43,24,8,16,0.1,5,0.2,1x16,242,default,baseline,204.46025712862772,190.95401180207182
mutation_fine,mutation_0.100,43,24,9,16,0.1,5,0.2,1x16,242,default,baseline,208.5414527120962,200.442998478478
mutation_fine,mutation_0.100,43,24,10,16,0.1,5,0.2,1x16,242,default,baseline,208.5414527120962,203.50586781871607
mutation_fine,mutation_0.100,43,24,11,16,0.1,5,0.2,1x16,242,default,baseline,220.32903990567416,208.2000155441452
mutation_fine,mutation_0.100,43,24,12,16,0.1,5,0.2,1x16,242,default,baseline,220.32903990567416,211.8469078819203
mutation_fine,mutation_0.100,43,24,13,16,0.1,5,0.2,1x16,242,default,baseline,231.9079996761227,219.42581908213748
mutation_fine,mutation_0.100,43,24,14,16,0.1,5,0.2,1x16,242,default,baseline,236.6318641193067,230.1971184885037
mutation_fine,mutation_0.100,43,24,15,16,0.1,5,0.2,1x16,242,default,baseline,239.71377065683572,235.40772390488976
mutation_fine,mutation_0.100,43,24,16,16,0.1,5,0.2,1x16,242,default,baseline,243.5936428758389,237.11691324049255
mutation_fine,mutation_0.100,43,24,17,16,0.1,5,0.2,1x16,242,default,baseline,244.88278195135152,240.7343608753889
mutation_fine,mutation_0.100,43,24,18,16,0.1,5,0.2,1x16,242,default,baseline,249.67286325017037,243.72388967992345
mutation_fine,mutation_0.100,43,24,19,16,0.1,5,0.2,1x16,242,default,baseline,251.2551685509165,246.88896265694285
mutation_fine,mutation_0.100,43,24,20,16,0.1,5,0.2,1x16,242,default,baseline,252.1468567694999,249.13737980125387
mutation_fine,mutation_0.100,43,24,21,16,0.1,5,0.2,1x16,242,default,baseline,253.09411412460426,250.58813036654362
mutation_fine,mutation_0.100,43,24,22,16,0.1,5,0.2,1x16,242,default,baseline,254.7446688908989,251.37767599255506
mutation_fine,mutation_0.100,43,24,23,16,0.1,5,0.2,1x16,242,default,baseline,255.5031402159104,252.86441749104995
mutation_fine,mutation_0.100,43,24,24,16,0.1,5,0.2,1x16,242,default,baseline,257.18879948849025,254.39300339664754
mutation_fine,mutation_0.100,44,24,0,16,0.1,5,0.2,1x16,242,default,baseline,175.29002860123632,118.06396367334293
mutation_fine,mutation_0.100,44,24,1,16,0.1,5,0.2,1x16,242,default,baseline,175.57612653765074,150.47736336179548
mutation_fine,mutation_0.100,44,24,2,16,0.1,5,0.2,1x16,242,default,baseline,175.57612653765074,162.29031358911635
mutation_fine,mutation_0.100,44,24,3,16,0.1,5,0.2,1x16,242,default,baseline,176.97562705973144,151.9495539686399
mutation_fine,mutation_0.100,44,24,4,16,0.1,5,0.2,1x16,242,default,baseline,179.07924990032257,163.85585227385624
mutation_fine,mutation_0.100,44,24,5,16,0.1,5,0.2,1x16,242,default,baseline,180.3533065956534,164.01154327989585
mutation_fine,mutation_0.100,44,24,6,16,0.1,5,0.2,1x16,242,default,baseline,183.1636994298597,178.23611148216082
mutation_fine,mutation_0.100,44,24,7,16,0.1,5,0.2,1x16,242,default,baseline,184.7368113455467,181.20429873121248
mutation_fine,mutation_0.100,44,24,8,16,0.1,5,0.2,1x16,242,default,baseline,190.23632942195584,182.37758145924883
mutation_fine,mutation_0.100,44,24,9,16,0.1,5,0.2,1x16,242,default,baseline,204.8084638368125,187.1193491091852
mutation_fine,mutation_0.100,44,24,10,16,0.1,5,0.2,1x16,242,default,baseline,205.61888695116178,194.0700575145927
mutation_fine,mutation_0.100,44,24,11,16,0.1,5,0.2,1x16,242,default,baseline,214.44788620725663,202.34231658664982
mutation_fine,mutation_0.100,44,24,12,16,0.1,5,0.2,1x16,242,default,baseline,217.85726785655035,207.30611196047107
mutation_fine,mutation_0.100,44,24,13,16,0.1,5,0.2,1x16,242,default,baseline,221.77076146975273,211.59228683617437
mutation_fine,mutation_0.100,44,24,14,16,0.1,5,0.2,1x16,242,default,baseline,231.40824844412134,219.31615347372147
mutation_fine,mutation_0.100,44,24,15,16,0.1,5,0.2,1x16,242,default,baseline,233.2154877628432,225.17322244930563
mutation_fine,mutation_0.100,44,24,16,16,0.1,5,0.2,1x16,242,default,baseline,234.72923111511642,229.9974078903361
mutation_fine,mutation_0.100,44,24,17,16,0.1,5,0.2,1x16,242,default,baseline,236.29984721705478,233.05418044149732
mutation_fine,mutation_0.100,44,24,18,16,0.1,5,0.2,1x16,242,default,baseline,241.21824299239663,234.36949483598977
mutation_fine,mutation_0.100,44,24,19,16,0.1,5,0.2,1x16,242,default,baseline,244.0334513306172,234.53090278506528
mutation_fine,mutation_0.100,44,24,20,16,0.1,5,0.2,1x16,242,default,baseline,244.0334513306172,239.11902348995568
mutation_fine,mutation_0.100,44,24,21,16,0.1,5,0.2,1x16,242,default,baseline,246.30349680619452,240.9957306566139
mutation_fine,mutation_0.100,44,24,22,16,0.1,5,0.2,1x16,242,default,baseline,249.22407255069186,244.20016707243389
mutation_fine,mutation_0.100,44,24,23,16,0.1,5,0.2,1x16,242,default,baseline,251.80791407368898,247.18882003423843
mutation_fine,mutation_0.100,44,24,24,16,0.1,5,0.2,1x16,242,default,baseline,252.74182780009386,247.48433412737882
mutation_fine,mutation_0.100,45,24,0,16,0.1,5,0.2,1x16,242,default,baseline,176.01205572940387,142.46705767544887
mutation_fine,mutation_0.100,45,24,1,16,0.1,5,0.2,1x16,242,default,baseline,176.01205572940387,144.14762581866688
mutation_fine,mutation_0.100,45,24,2,16,0.1,5,0.2,1x16,242,default,baseline,177.36834423915525,165.41746321921406
mutation_fine,mutation_0.100,45,24,3,16,0.1,5,0.2,1x16,242,default,baseline,177.77917998805896,175.84859199099282
mutation_fine,mutation_0.100,45,24,4,16,0.1,5,0.2,1x16,242,default,baseline,179.0600711644318,176.70945460686602
mutation_fine,mutation_0.100,45,24,5,16,0.1,5,0.2,1x16,242,default,baseline,179.13523513180957,177.52622045262876
mutation_fine,mutation_0.100,45,24,6,16,0.1,5,0.2,1x16,242,default,baseline,179.30461974071156,178.02074317396165
mutation_fine,mutation_0.100,45,24,7,16,0.1,5,0.2,1x16,242,default,baseline,180.28616287718222,178.17623541742284
mutation_fine,mutation_0.100,45,24,8,16,0.1,5,0.2,1x16,242,default,baseline,180.28616287718222,178.4771433769609
mutation_fine,mutation_0.100,45,24,9,16,0.1,5,0.2,1x16,242,default,baseline,181.12187997992822,178.87387929317342
mutation_fine,mutation_0.100,45,24,10,16,0.1,5,0.2,1x16,242,default,baseline,182.91922453932665,179.49220839066527
mutation_fine,mutation_0.100,45,24,11,16,0.1,5,0.2,1x16,242,default,baseline,184.28808952178548,180.77436326487705
mutation_fine,mutation_0.100,45,24,12,16,0.1,5,0.2,1x16,242,default,baseline,188.87423736215737,181.7400904336707
mutation_fine,mutation_0.100,45,24,13,16,0.1,5,0.2,1x16,242,default,baseline,194.86057975560587,185.4941551391413
mutation_fine,mutation_0.100,45,24,14,16,0.1,5,0.2,1x16,242,default,baseline,204.45915275796864,193.88079234417015
mutation_fine,mutation_0.100,45,24,15,16,0.1,5,0.2,1x16,242,default,baseline,207.68667688344257,198.8312960449344
mutation_fine,mutation_0.100,45,24,16,16,0.1,5,0.2,1x16,242,default,baseline,224.84988216051806,205.66441098344657
mutation_fine,mutation_0.100,45,24,17,16,0.1,5,0.2,1x16,242,default,baseline,228.5628570518175,215.44913104956413
mutation_fine,mutation_0.100,45,24,18,16,0.1,5,0.2,1x16,242,default,baseline,231.20408175140352,224.77190602168093
mutation_fine,mutation_0.100,45,24,19,16,0.1,5,0.2,1x16,242,default,baseline,236.78058738158276,226.74276311568167
mutation_fine,mutation_0.100,45,24,20,16,0.1,5,0.2,1x16,242,default,baseline,245.7200140736637,232.71917666075166
mutation_fine,mutation_0.100,45,24,21,16,0.1,5,0.2,1x16,242,default,baseline,246.1843705313716,240.0240941198054
mutation_fine,mutation_0.100,45,24,22,16,0.1,5,0.2,1x16,242,default,baseline,247.529202452076,243.6820929117152
mutation_fine,mutation_0.100,45,24,23,16,0.1,5,0.2,1x16,242,default,baseline,254.61125784946205,246.51700512834577
mutation_fine,mutation_0.100,45,24,24,16,0.1,5,0.2,1x16,242,default,baseline,255.58083836246934,250.6505668677466
mutation_fine,mutation_0.100,46,24,0,16,0.1,5,0.2,1x16,242,default,baseline,164.28817654436307,118.77169150605076
mutation_fine,mutation_0.100,46,24,1,16,0.1,5,0.2,1x16,242,default,baseline,166.36226999077604,147.60085954546696
mutation_fine,mutation_0.100,46,24,2,16,0.1,5,0.2,1x16,242,default,baseline,169.84896819956901,148.32284684509682
mutation_fine,mutation_0.100,46,24,3,16,0.1,5,0.2,1x16,242,default,baseline,177.074634748496,168.57057714499211
mutation_fine,mutation_0.100,46,24,4,16,0.1,5,0.2,1x16,242,default,baseline,184.12071229642905,172.9374734926688
mutation_fine,mutation_0.100,46,24,5,16,0.1,5,0.2,1x16,242,default,baseline,186.60995646390774,177.45594616967134
mutation_fine,mutation_0.100,46,24,6,16,0.1,5,0.2,1x16,242,default,baseline,191.0050777826159,186.3315042718694
mutation_fine,mutation_0.100,46,24,7,16,0.1,5,0.2,1x16,242,default,baseline,197.13981515606466,191.38885037087022
mutation_fine,mutation_0.100,46,24,8,16,0.1,5,0.2,1x16,242,default,baseline,197.13981515606466,191.87328859132168
mutation_fine,mutation_0.100,46,24,9,16,0.1,5,0.2,1x16,242,default,baseline,206.30144245570455,197.11343070381042
mutation_fine,mutation_0.100,46,24,10,16,0.1,5,0.2,1x16,242,default,baseline,216.76369538374485,201.88683913676712
mutation_fine,mutation_0.100,46,24,11,16,0.1,5,0.2,1x16,242,default,baseline,216.76998400565486,209.31052160589846
mutation_fine,mutation_0.100,46,24,12,16,0.1,5,0.2,1x16,242,default,baseline,227.50178491361376,215.7706787301958
mutation_fine,mutation_0.100,46,24,13,16,0.1,5,0.2,1x16,242,default,baseline,231.0241895265384,221.0610917491199
mutation_fine,mutation_0.100,46,24,14,16,0.1,5,0.2,1x16,242,default,baseline,234.616642304671,227.7955760822789
mutation_fine,mutation_0.100,46,24,15,16,0.1,5,0.2,1x16,242,default,baseline,242.08633388958435,232.26861871486523
mutation_fine,mutation_0.100,46,24,16,16,0.1,5,0.2,1x16,242,default,baseline,242.57459991771162,236.78518902486562
mutation_fine,mutation_0.100,46,24,17,16,0.1,5,0.2,1x16,242,default,baseline,247.25577333711652,241.05575886365585
mutation_fine,mutation_0.100,46,24,18,16,0.1,5,0.2,1x16,242,default,baseline,247.98243396360664,244.01735240535947
mutation_fine,mutation_0.100,46,24,19,16,0.1,5,0.2,1x16,242,default,baseline,253.50510622256695,245.50184361205612
mutation_fine,mutation_0.100,46,24,20,16,0.1,5,0.2,1x16,242,default,baseline,253.50510622256695,247.7714203486994
mutation_fine,mutation_0.100,46,24,21,16,0.1,5,0.2,1x16,242,default,baseline,255.06730559039264,251.56756679972023
mutation_fine,mutation_0.100,46,24,22,16,0.1,5,0.2,1x16,242,default,baseline,256.92598943318706,253.99297774766794
mutation_fine,mutation_0.100,46,24,23,16,0.1,5,0.2,1x16,242,default,baseline,258.50437187327464,255.13316197928668
mutation_fine,mutation_0.100,46,24,24,16,0.1,5,0.2,1x16,242,default,baseline,258.50437187327464,256.67241388476793
mutation_fine,mutation_0.125,42,24,0,16,0.125,5,0.2,1x16,242,default,baseline,174.64691605755775,123.93725940568496
mutation_fine,mutation_0.125,42,24,1,16,0.125,5,0.2,1x16,242,default,baseline,174.64691605755775,142.33123244805316
mutation_fine,mutation_0.125,42,24,2,16,0.125,5,0.2,1x16,242,default,baseline,179.45457899070192,164.53366524364438
mutation_fine,mutation_0.125,42,24,3,16,0.125,5,0.2,1x16,242,default,baseline,189.51227573309188,173.90487849461795
mutation_fine,mutation_0.125,42,24,4,16,0.125,5,0.2,1x16,242,default,baseline,198.84661684450515,179.53754064268847
mutation_fine,mutation_0.125,42,24,5,16,0.125,5,0.2,1x16,242,default,baseline,200.65964362980247,190.9558964557063
mutation_fine,mutation_0.125,42,24,6,16,0.125,5,0.2,1x16,242,default,baseline,205.2409742043626,189.47297604316248
mutation_fine,mutation_0.125,42,24,7,16,0.125,5,0.2,1x16,242,default,baseline,213.3261222558952,197.5711870055674
mutation_fine,mutation_0.125,42,24,8,16,0.125,5,0.2,1x16,242,default,baseline,216.42409993125676,203.32267186395245
mutation_fine,mutation_0.125,42,24,9,16,0.125,5,0.2,1x16,242,default,baseline,223.1709913920448,214.72796788537923
mutation_fine,mutation_0.125,42,24,10,16,0.125,5,0.2,1x16,242,default,baseline,227.6493850294427,216.02663133906555
mutation_fine,mutation_0.125,42,24,11,16,0.125,5,0.2,1x16,242,default,baseline,234.08747902275016,219.3918358538383
mutation_fine,mutation_0.125,42,24,12,16,0.125,5,0.2,1x16,242,default,baseline,234.08747902275016,227.66368795234084
mutation_fine,mutation_0.125,42,24,13,16,0.125,5,0.2,1x16,242,default,baseline,237.99698287133083,230.32028956691795
mutation_fine,mutation_0.125,42,24,14,16,0.125,5,0.2,1x16,242,default,baseline,238.11363817994516,231.7079286131197
mutation_fine,mutation_0.125,42,24,15,16,0.125,5,0.2,1x16,242,default,baseline,241.977679082461,235.60228510639428
mutation_fine,mutation_0.125,42,24,16,16,0.125,5,0.2,1x16,242,default,baseline,247.9316464212521,239.2268202755589
mutation_fine,mutation_0.125,42,24,17,16,0.125,5,0.2,1x16,242,default,baseline,250.11788611687336,243.34527958648022
mutation_fine,mutation_0.125,42,24,18,16,0.125,5,0.2,1x16,242,default,baseline,252.7324117642351,245.58830626284725
mutation_fine,mutation_0.125,42,24,19,16,0.125,5,0.2,1x16,242,default,baseline,252.7324117642351,249.20866069650003
mutation_fine,mutation_0.125,42,24,20,16,0.125,5,0.2,1x16,242,default,baseline,253.29490057564723,251.32131140118312
mutation_fine,mutation_0.125,42,24,21,16,0.125,5,0.2,1x16,242,default,baseline,254.91357646288822,252.63931108639315
mutation_fine,mutation_0.125,42,24,22,16,0.125,5,0.2,1x16,242,default,baseline,254.91357646288822,252.1990848956189
mutation_fine,mutation_0.125,42,24,23,16,0.125,5,0.2,1x16,242,default,baseline,254.96845335873618,253.50214002510302
mutation_fine,mutation_0.125,42,24,24,16,0.125,5,0.2,1x16,242,default,baseline,255.75421095790168,253.8592474696987
mutation_fine,mutation_0.125,43,24,0,16,0.125,5,0.2,1x16,242,default,baseline,173.15606138289232,124.72290905134332
mutation_fine,mutation_0.125,43,24,1,16,0.125,5,0.2,1x16,242,default,baseline,175.93418409948083,154.93807438540293
mutation_fine,mutation_0.125,43,24,2,16,0.125,5,0.2,1x16,242,default,baseline,175.93418409948083,168.8872842044105
mutation_fine,mutation_0.125,43,24,3,16,0.125,5,0.2,1x16,242,default,baseline,175.93418409948083,174.2785737358002
mutation_fine,mutation_0.125,43,24,4,16,0.125,5,0.2,1x16,242,default,baseline,176.23484814247115,174.12560686948393
mutation_fine,mutation_0.125,43,24,5,16,0.125,5,0.2,1x16,242,default,baseline,178.9069709043497,174.10498749072434
mutation_fine,mutation_0.125,43,24,6,16,0.125,5,0.2,1x16,242,default,baseline,180.62107239083832,176.1997129169747
mutation_fine,mutation_0.125,43,24,7,16,0.125,5,0.2,1x16,242,default,baseline,183.27449002916984,178.8419123887964
mutation_fine,mutation_0.125,43,24,8,16,0.125,5,0.2,1x16,242,default,baseline,184.9738539939535,179.58376004152473
mutation_fine,mutation_0.125,43,24,9,16,0.125,5,0.2,1x16,242,default,baseline,186.43482819646812,183.40502585150668
mutation_fine,mutation_0.125,43,24,10,16,0.125,5,0.2,1x16,242,default,baseline,192.84499177979092,185.98922376851647
mutation_fine,mutation_0.125,43,24,11,16,0.125,5,0.2,1x16,242,default,baseline,198.3574640491384,191.0627186504687
mutation_fine,mutation_0.125,43,24,12,16,0.125,5,0.2,1x16,242,default,baseline,199.32835648103224,192.86741291927518
mutation_fine,mutation_0.125,43,24,13,16,0.125,5,0.2,1x16,242,default,baseline,213.21560542907815,199.13725814432226
mutation_fine,mutation_0.125,43,24,14,16,0.125,5,0.2,1x16,242,default,baseline,223.3424314564538,207.41906304796393
mutation_fine,mutation_0.125,43,24,15,16,0.125,5,0.2,1x16,242,default,baseline,227.96216918785876,220.31144930815978
mutation_fine,mutation_0.125,43,24,16,16,0.125,5,0.2,1x16,242,default,baseline,236.06741371521863,225.14759291102817
mutation_fine,mutation_0.125,43,24,17,16,0.125,5,0.2,1x16,242,default,baseline,236.06741371521863,228.45242353605408
mutation_fine,mutation_0.125,43,24,18,16,0.125,5,0.2,1x16,242,default,baseline,237.20797834479993,232.32621689799555
mutation_fine,mutation_0.125,43,24,19,16,0.125,5,0.2,1x16,242,default,baseline,238.9366402772647,233.98923816353624
mutation_fine,mutation_0.125,43,24,20,16,0.125,5,0.2,1x16,242,default,baseline,238.9366402772647,236.1488987122845
mutation_fine,mutation_0.125,43,24,21,16,0.125,5,0.2,1x16,242,default,baseline,241.89992040337668,235.97416712268188
mutation_fine,mutation_0.125,43,24,22,16,0.125,5,0.2,1x16,242,default,baseline,245.05185664611284,238.83549836877063
mutation_fine,mutation_0.125,43,24,23,16,0.125,5,0.2,1x16,242,default,baseline,247.75188941824234,241.56239116385592
mutation_fine,mutation_0.125,43,24,24,16,0.125,5,0.2,1x16,242,default,baseline,247.75188941824234,244.46016209488693
mutation_fine,mutation_0.125,44,24,0,16,0.125,5,0.2,1x16,242,default,baseline,175.29002860123632,118.06396367334293
mutation_fine,mutation_0.125,44,24,1,16,0.125,5,0.2,1x16,242,default,baseline,175.5354434788485,150.92084845084906
mutation_fine,mutation_0.125,44,24,2,16,0.125,5,0.2,1x16,242,default,baseline,176.21810871157345,163.5239784618517
mutation_fine,mutation_0.125,44,24,3,16,0.125,5,0.2,1x16,242,default,baseline,182.40538290600824,167.23023242558327
mutation_fine,mutation_0.125,44,24,4,16,0.125,5,0.2,1x16,242,default,baseline,186.9072701024916,175.83771927237214
mutation_fine,mutation_0.125,44,24,5,16,0.125,5,0.2,1x16,242,default,baseline,200.24646111785913,181.80562880923554
mutation_fine,mutation_0.125,44,24,6,16,0.125,5,0.2,1x16,242,default,baseline,202.27751269230174,191.56149050298012
mutation_fine,mutation_0.125,44,24,7,16,0.125,5,0.2,1x16,242,default,baseline,203.01197046620194,196.7787626339598
mutation_fine,mutation_0.125,44,24,8,16,0.125,5,0.2,1x16,242,default,baseline,210.84901520826685,201.32965495032343
mutation_fine,mutation_0.125,44,24,9,16,0.125,5,0.2,1x16,242,default,baseline,214.70971255461944,203.93373981735712
mutation_fine,mutation_0.125,44,24,10,16,0.125,5,0.2,1x16,242,default,baseline,221.13880726521953,208.32351979063822
mutation_fine,mutation_0.125,44,24,11,16,0.125,5,0.2,1x16,242,default,baseline,221.13880726521953,215.10439230411612
mutation_fine,mutation_0.125,44,24,12,16,0.125,5,0.2,1x16,242,default,baseline,227.23498818030785,219.27961124089967
mutation_fine,mutation_0.125,44,24,13,16,0.125,5,0.2,1x16,242,default,baseline,229.99512414606747,224.2674048987259
mutation_fine,mutation_0.125,44,24,14,16,0.125,5,0.2,1x16,242,default,baseline,231.89806845827098,226.53882209063943
mutation_fine,mutation_0.125,44,24,15,16,0.125,5,0.2,1x16,242,default,baseline,236.049405857288,227.74668445073368
mutation_fine,mutation_0.125,44,24,16,16,0.125,5,0.2,1x16,242,default,baseline,239.64102704007894,232.1538356674007
mutation_fine,mutation_0.125,44,24,17,16,0.125,5,0.2,1x16,242,default,baseline,239.74451028483156,235.91221261203032
mutation_fine,mutation_0.125,44,24,18,16,0.125,5,0.2,1x16,242,default,baseline,245.2720454666528,238.84047412318614
mutation_fine,mutation_0.125,44,24,19,16,0.125,5,0.2,1x16,242,default,baseline,247.2517091387735,240.16920502013357
mutation_fine,mutation_0.125,44,24,20,16,0.125,5,0.2,1x16,242,default,baseline,252.0353917231007,244.71537061776456
mutation_fine,mutation_0.125,44,24,21,16,0.125,5,0.2,1x16,242,default,baseline,254.3278200868544,249.21752325783456
mutation_fine,mutation_0.125,44,24,22,16,0.125,5,0.2,1x16,242,default,baseline,255.8878740976567,251.52610994625846
mutation_fine,mutation_0.125,44,24,23,16,0.125,5,0.2,1x16,242,default,baseline,257.2241695918394,253.48282719908764
mutation_fine,mutation_0.125,44,24,24,16,0.125,5,0.2,1x16,242,default,baseline,258.6797681812557,253.97268093570315
mutation_fine,mutation_0.125,45,24,0,16,0.125,5,0.2,1x16,242,default,baseline,176.01205572940387,142.46705767544887
mutation_fine,mutation_0.125,45,24,1,16,0.125,5,0.2,1x16,242,default,baseline,176.0259698826542,143.90309617431063
mutation_fine,mutation_0.125,45,24,2,16,0.125,5,0.2,1x16,242,default,baseline,177.42788341900265,166.50250657002465
mutation_fine,mutation_0.125,45,24,3,16,0.125,5,0.2,1x16,242,default,baseline,178.10991254368696,176.39161931889015
mutation_fine,mutation_0.125,45,24,4,16,0.125,5,0.2,1x16,242,default,baseline,178.19061311818777,176.6223387120213
mutation_fine,mutation_0.125,45,24,5,16,0.125,5,0.2,1x16,242,default,baseline,178.19061311818777,177.16255151382654
mutation_fine,mutation_0.125,45,24,6,16,0.125,5,0.2,1x16,242,default,baseline,179.3704858700458,177.28357789474762
mutation_fine,mutation_0.125,45,24,7,16,0.125,5,0.2,1x16,242,default,baseline,180.40942919320696,177.27128324006787
mutation_fine,mutation_0.125,45,24,8,16,0.125,5,0.2,1x16,242,default,baseline,180.5275079150257,177.9183313016748
mutation_fine,mutation_0.125,45,24,9,16,0.125,5,0.2,1x16,242,default,baseline,180.78709700972738,178.36172120028837
mutation_fine,mutation_0.125,45,24,10,16,0.125,5,0.2,1x16,242,default,baseline,185.135481663992,179.47318154338708
mutation_fine,mutation_0.125,45,24,11,16,0.125,5,0.2,1x16,242,default,baseline,190.27460485613574,183.19195230409179
mutation_fine,mutation_0.125,45,24,12,16,0.125,5,0.2,1x16,242,default,baseline,195.0627235682103,186.23205381723903
mutation_fine,mutation_0.125,45,24,13,16,0.125,5,0.2,1x16,242,default,baseline,214.5467871568702,193.34151960108795
mutation_fine,mutation_0.125,45,24,14,16,0.125,5,0.2,1x16,242,default,baseline,226.42651893830967,199.14390559817662
mutation_fine,mutation_0.125,45,24,15,16,0.125,5,0.2,1x16,242,default,baseline,231.29166382659037,213.21012286007146
mutation_fine,mutation_0.125,45,24,16,16,0.125,5,0.2,1x16,242,default,baseline,241.79182141257962,225.51329666783047
mutation_fine,mutation_0.125,45,24,17,16,0.125,5,0.2,1x16,242,default,baseline,244.7825354372569,235.08369635581312
mutation_fine,mutation_0.125,45,24,18,16,0.125,5,0.2,1x16,242,default,baseline,250.06166072405009,241.85184534264667
mutation_fine,mutation_0.125,45,24,19,16,0.125,5,0.2,1x16,242,default,baseline,254.0360024174142,246.68816066614525
mutation_fine,mutation_0.125,45,24,20,16,0.125,5,0.2,1x16,242,default,baseline,255.80582403483643,250.46044913011121
mutation_fine,mutation_0.125,45,24,21,16,0.125,5,0.2,1x16,242,default,baseline,258.3015134602552,252.61135218036665
mutation_fine,mutation_0.125,45,24,22,16,0.125,5,0.2,1x16,242,default,baseline,258.3015134602552,254.56767667719777
mutation_fine,mutation_0.125,45,24,23,16,0.125,5,0.2,1x16,242,default,baseline,259.11002885512653,256.23259669036963
mutation_fine,mutation_0.125,45,24,24,16,0.125,5,0.2,1x16,242,default,baseline,259.5566380968884,257.48389948334665
mutation_fine,mutation_0.125,46,24,0,16,0.125,5,0.2,1x16,242,default,baseline,164.28817654436307,118.77169150605076
mutation_fine,mutation_0.125,46,24,1,16,0.125,5,0.2,1x16,242,default,baseline,165.86974373186106,147.53845590186455
mutation_fine,mutation_0.125,46,24,2,16,0.125,5,0.2,1x16,242,default,baseline,169.5168673858603,148.56640361127393
mutation_fine,mutation_0.125,46,24,3,16,0.125,5,0.2,1x16,242,default,baseline,178.23037775985773,169.1161011278396
mutation_fine,mutation_0.125,46,24,4,16,0.125,5,0.2,1x16,242,default,baseline,194.66987705863522,174.19240289485174
mutation_fine,mutation_0.125,46,24,5,16,0.125,5,0.2,1x16,242,default,baseline,199.7855519900403,180.74113914638542
mutation_fine,mutation_0.125,46,24,6,16,0.125,5,0.2,1x16,242,default,baseline,205.7785214689693,194.6327589192059
mutation_fine,mutation_0.125,46,24,7,16,0.125,5,0.2,1x16,242,default,baseline,213.04520536273046,202.75357987628075
mutation_fine,mutation_0.125,46,24,8,16,0.125,5,0.2,1x16,242,default,baseline,214.18196829198013,205.5800347049837
mutation_fine,mutation_0.125,46,24,9,16,0.125,5,0.2,1x16,242,default,baseline,225.70761362746558,214.5599961936532
mutation_fine,mutation_0.125,46,24,10,16,0.125,5,0.2,1x16,242,default,baseline,229.95278576981858,220.26664354045067
mutation_fine,mutation_0.125,46,24,11,16,0.125,5,0.2,1x16,242,default,baseline,234.79417001163637,226.54814259289168
mutation_fine,mutation_0.125,46,24,12,16,0.125,5,0.2,1x16,242,default,baseline,234.79417001163637,229.14540668327328
mutation_fine,mutation_0.125,46,24,13,16,0.125,5,0.2,1x16,242,default,baseline,237.7214703221049,231.65811072978943
mutation_fine,mutation_0.125,46,24,14,16,0.125,5,0.2,1x16,242,default,baseline,245.62009016468645,234.27804772832854
mutation_fine,mutation_0.125,46,24,15,16,0.125,5,0.2,1x16,242,default,baseline,248.55679278890995,238.42551591190735
mutation_fine,mutation_0.125,46,24,16,16,0.125,5,0.2,1x16,242,default,baseline,252.57655428200366,244.89944730222578
mutation_fine,mutation_0.125,46,24,17,16,0.125,5,0.2,1x16,242,default,baseline,253.00487513588843,249.24058505936898
mutation_fine,mutation_0.125,46,24,18,16,0.125,5,0.2,1x16,242,default,baseline,254.523689828827,251.35396322097805
mutation_fine,mutation_0.125,46,24,19,16,0.125,5,0.2,1x16,242,default,baseline,256.0377288066519,253.28847909582024
mutation_fine,mutation_0.125,46,24,20,16,0.125,5,0.2,1x16,242,default,baseline,256.8967918033037,254.3160878486578
mutation_fine,mutation_0.125,46,24,21,16,0.125,5,0.2,1x16,242,default,baseline,257.5658653082021,254.33136182876626
mutation_fine,mutation_0.125,46,24,22,16,0.125,5,0.2,1x16,242,default,baseline,257.5658653082021,255.8154604626498
mutation_fine,mutation_0.125,46,24,23,16,0.125,5,0.2,1x16,242,default,baseline,258.29788234457675,255.35893057130681
mutation_fine,mutation_0.125,46,24,24,16,0.125,5,0.2,1x16,242,default,baseline,259.47586491766765,257.0269144621799
mutation_fine,mutation_0.150,42,24,0,16,0.15,5,0.2,1x16,242,default,baseline,174.64691605755775,123.93725940568496
mutation_fine,mutation_0.150,42,24,1,16,0.15,5,0.2,1x16,242,default,baseline,174.64691605755775,142.42201737881408
mutation_fine,mutation_0.150,42,24,2,16,0.15,5,0.2,1x16,242,default,baseline,179.1024081488423,164.73139664974576
mutation_fine,mutation_0.150,42,24,3,16,0.15,5,0.2,1x16,242,default,baseline,187.45590678720112,173.00901855228904
mutation_fine,mutation_0.150,42,24,4,16,0.15,5,0.2,1x16,242,default,baseline,197.0387976297488,180.55535479310404
mutation_fine,mutation_0.150,42,24,5,16,0.15,5,0.2,1x16,242,default,baseline,197.2542878075206,186.9961141090502
mutation_fine,mutation_0.150,42,24,6,16,0.15,5,0.2,1x16,242,default,baseline,199.39695293112933,186.6840351723269
mutation_fine,mutation_0.150,42,24,7,16,0.15,5,0.2,1x16,242,default,baseline,208.15950799820249,193.20835314342267
mutation_fine,mutation_0.150,42,24,8,16,0.15,5,0.2,1x16,242,default,baseline,216.7148954677382,203.9661020530092
mutation_fine,mutation_0.150,42,24,9,16,0.15,5,0.2,1x16,242,default,baseline,229.36217618627273,212.46345602106763
mutation_fine,mutation_0.150,42,24,10,16,0.15,5,0.2,1x16,242,default,baseline,230.85093874734818,222.15482966918646
mutation_fine,mutation_0.150,42,24,11,16,0.15,5,0.2,1x16,242,default,baseline,239.14710524505594,229.17181893646296
mutation_fine,mutation_0.150,42,24,12,16,0.15,5,0.2,1x16,242,default,baseline,239.14710524505594,234.3500096137407
mutation_fine,mutation_0.150,42,24,13,16,0.15,5,0.2,1x16,242,default,baseline,242.95759881880633,237.23675267126993
mutation_fine,mutation_0.150,42,24,14,16,0.15,5,0.2,1x16,242,default,baseline,245.46712647314396,239.2571875000418
mutation_fine,mutation_0.150,42,24,15,16,0.15,5,0.2,1x16,242,default,baseline,248.16508368283337,242.9787756501662
mutation_fine,mutation_0.150,42,24,16,16,0.15,5,0.2,1x16,242,default,baseline,250.70387809616471,245.22182774443158
mutation_fine,mutation_0.150,42,24,17,16,0.15,5,0.2,1x16,242,default,baseline,253.69718700295107,249.20586322906502
mutation_fine,mutation_0.150,42,24,18,16,0.15,5,0.2,1x16,242,default,baseline,253.81703167086383,251.49467539629342
mutation_fine,mutation_0.150,42,24,19,16,0.15,5,0.2,1x16,242,default,baseline,259.7317485360494,253.50592208265408
mutation_fine,mutation_0.150,42,24,20,16,0.15,5,0.2,1x16,242,default,baseline,261.15656034330954,256.5318996234775
mutation_fine,mutation_0.150,42,24,21,16,0.15,5,0.2,1x16,242,default,baseline,261.15656034330954,257.6516964244175
mutation_fine,mutation_0.150,42,24,22,16,0.15,5,0.2,1x16,242,default,baseline,262.0860818736444,259.76358648546034
mutation_fine,mutation_0.150,42,24,23,16,0.15,5,0.2,1x16,242,default,baseline,262.2125577088959,259.79363438501
mutation_fine,mutation_0.150,42,24,24,16,0.15,5,0.2,1x16,242,default,baseline,262.23569777071185,259.87255343446753
mutation_fine,mutation_0.150,43,24,0,16,0.15,5,0.2,1x16,242,default,baseline,173.15606138289232,124.72290905134332
mutation_fine,mutation_0.150,43,24,1,16,0.15,5,0.2,1x16,242,default,baseline,175.9485719905237,154.50395156171052
mutation_fine,mutation_0.150,43,24,2,16,0.15,5,0.2,1x16,242,default,baseline,175.9485719905237,168.37667174185063
mutation_fine,mutation_0.150,43,24,3,16,0.15,5,0.2,1x16,242,default,baseline,176.04814545178667,174.25939624780057
mutation_fine,mutation_0.150,43,24,4,16,0.15,5,0.2,1x16,242,default,baseline,178.12411478265398,174.57395117275593
mutation_fine,mutation_0.150,43,24,5,16,0.15,5,0.2,1x16,242,default,baseline,180.1043448699981,174.54548980690657
mutation_fine,mutation_0.150,43,24,6,16,0.15,5,0.2,1x16,242,default,baseline,184.40133817391575,177.38464525189252
mutation_fine,mutation_0.150,43,24,7,16,0.15,5,0.2,1x16,242,default,baseline,190.28750578266454,182.06685088109438
mutation_fine,mutation_0.150,43,24,8,16,0.15,5,0.2,1x16,242,default,baseline,193.7177814481503,184.75485362389298
mutation_fine,mutation_0.150,43,24,9,16,0.15,5,0.2,1x16,242,default,baseline,195.02158626184706,189.63876244610748
mutation_fine,mutation_0.150,43,24,10,16,0.15,5,0.2,1x16,242,default,baseline,201.0083992733509,192.92800834737605
mutation_fine,mutation_0.150,43,24,11,16,0.15,5,0.2,1x16,242,default,baseline,203.90396692197322,198.39074527973517
mutation_fine,mutation_0.150,43,24,12,16,0.15,5,0.2,1x16,242,default,baseline,209.76533803822144,198.84001389157658
mutation_fine,mutation_0.150,43,24,13,16,0.15,5,0.2,1x16,242,default,baseline,220.54080528763245,207.66946584925893
mutation_fine,mutation_0.150,43,24,14,16,0.15,5,0.2,1x16,242,default,baseline,221.2081935224067,211.70971751517595
mutation_fine,mutation_0.150,43,24,15,16,0.15,5,0.2,1x16,242,default,baseline,232.2485012298623,221.65587126475737
mutation_fine,mutation_0.150,43,24,16,16,0.15,5,0.2,1x16,242,default,baseline,233.87908641856268,224.3357101761921
mutation_fine,mutation_0.150,43,24,17,16,0.15,5,0.2,1x16,242,default,baseline,237.41204413355888,232.12323874006506
mutation_fine,mutation_0.150,43,24,18,16,0.15,5,0.2,1x16,242,default,baseline,242.37973270730615,234.78561592633574
mutation_fine,mutation_0.150,43,24,19,16,0.15,5,0.2,1x16,242,default,baseline,243.21954664568443,236.4079240484847
mutation_fine,mutation_0.150,43,24,20,16,0.15,5,0.2,1x16,242,default,baseline,243.32079251792916,237.4992433350394
mutation_fine,mutation_0.150,43,24,21,16,0.15,5,0.2,1x16,242,default,baseline,247.42947110681473,239.7732068504166
mutation_fine,mutation_0.150,43,24,22,16,0.15,5,0.2,1x16,242,default,baseline,249.5066079148012,243.49269064869281
mutation_fine,mutation_0.150,43,24,23,16,0.15,5,0.2,1x16,242,default,baseline,252.27120622806285,245.49257708509288
mutation_fine,mutation_0.150,43,24,24,16,0.15,5,0.2,1x16,242,default,baseline,252.27120622806285,249.03252571344063
mutation_fine,mutation_0.150,44,24,0,16,0.15,5,0.2,1x16,242,default,baseline,175.29002860123632,118.06396367334293
mutation_fine,mutation_0.150,44,24,1,16,0.15,5,0.2,1x16,242,default,baseline,175.29002860123632,150.34464217666923
mutation_fine,mutation_0.150,44,24,2,16,0.15,5,0.2,1x16,242,default,baseline,179.06119215443118,163.6160588359173
mutation_fine,mutation_0.150,44,24,3,16,0.15,5,0.2,1x16,242,default,baseline,184.806605102743,168.90073357182817
mutation_fine,mutation_0.150,44,24,4,16,0.15,5,0.2,1x16,242,default,baseline,190.9379536361226,179.36827566029854
mutation_fine,mutation_0.150,44,24,5,16,0.15,5,0.2,1x16,242,default,baseline,196.09875234181575,182.14130886978123
mutation_fine,mutation_0.150,44,24,6,16,0.15,5,0.2,1x16,242,default,baseline,197.74718091148247,189.69907557955514
mutation_fine,mutation_0.150,44,24,7,16,0.15,5,0.2,1x16,242,default,baseline,199.9739213665329,191.57105800436705
mutation_fine,mutation_0.150,44,24,8,16,0.15,5,0.2,1x16,242,default,baseline,201.2468861869733,195.1959988801335
mutation_fine,mutation_0.150,44,24,9,16,0.15,5,0.2,1x16,242,default,baseline,202.6742240264478,198.52804616379456
mutation_fine,mutation_0.150,44,24,10,16,0.15,5,0.2,1x16,242,default,baseline,206.6825323912883,201.40820911726445
mutation_fine,mutation_0.150,44,24,11,16,0.15,5,0.2,1x16,242,default,baseline,206.6825323912883,202.6775743795181
mutation_fine,mutation_0.150,44,24,12,16,0.15,5,0.2,1x16,242,default,baseline,214.79214200293166,205.63486455403938
mutation_fine,mutation_0.150,44,24,13,16,0.15,5,0.2,1x16,242,default,baseline,220.67269529140094,211.16986026942214
mutation_fine,mutation_0.150,44,24,14,16,0.15,5,0.2,1x16,242,default,baseline,220.67269529140094,214.6981465203902
mutation_fine,mutation_0.150,44,24,15,16,0.15,5,0.2,1x16,242,default,baseline,221.53540796628346,214.6441527699157
mutation_fine,mutation_0.150,44,24,16,16,0.15,5,0.2,1x16,242,default,baseline,228.9194634407678,221.12992937454226
mutation_fine,mutation_0.150,44,24,17,16,0.15,5,0.2,1x16,242,default,baseline,233.47835202409215,226.70671915107337
mutation_fine,mutation_0.150,44,24,18,16,0.15,5,0.2,1x16,242,default,baseline,241.90762941450313,229.10718969523253
mutation_fine,mutation_0.150,44,24,19,16,0.15,5,0.2,1x16,242,default,baseline,244.36521498393694,234.6905158059606
mutation_fine,mutation_0.150,44,24,20,16,0.15,5,0.2,1x16,242,default,baseline,244.74558695634315,240.13316218571885
mutation_fine,mutation_0.150,44,24,21,16,0.15,5,0.2,1x16,242,default,baseline,250.4258031515609,244.91419266718066
mutation_fine,mutation_0.150,44,24,22,16,0.15,5,0.2,1x16,242,default,baseline,251.1718141676389,245.47636689372567
mutation_fine,mutation_0.150,44,24,23,16,0.15,5,0.2,1x16,242,default,baseline,257.74311319251876,248.29866919321807
mutation_fine,mutation_0.150,44,24,24,16,0.15,5,0.2,1x16,242,default,baseline,260.1740316789001,251.2676447561629
mutation_fine,mutation_0.150,45,24,0,16,0.15,5,0.2,1x16,242,default,baseline,176.01205572940387,142.46705767544887
mutation_fine,mutation_0.150,45,24,1,16,0.15,5,0.2,1x16,242,default,baseline,176.03922255461418,143.22787804903152
mutation_fine,mutation_0.150,45,24,2,16,0.15,5,0.2,1x16,242,default,baseline,176.03922255461418,166.02721821575744
mutation_fine,mutation_0.150,45,24,3,16,0.15,5,0.2,1x16,242,default,baseline,177.74990747232357,175.35554749815302
mutation_fine,mutation_0.150,45,24,4,16,0.15,5,0.2,1x16,242,default,baseline,178.4462505114136,175.7623454121872
mutation_fine,mutation_0.150,45,24,5,16,0.15,5,0.2,1x16,242,default,baseline,178.9582437774502,177.47907308640657
mutation_fine,mutation_0.150,45,24,6,16,0.15,5,0.2,1x16,242,default,baseline,180.12105663161236,176.95022479657237
mutation_fine,mutation_0.150,45,24,7,16,0.15,5,0.2,1x16,242,default,baseline,187.06130099869586,177.91164348207104
mutation_fine,mutation_0.150,45,24,8,16,0.15,5,0.2,1x16,242,default,baseline,188.144656995737,180.4812141003192
mutation_fine,mutation_0.150,45,24,9,16,0.15,5,0.2,1x16,242,default,baseline,200.9838016670472,185.13770405767247
mutation_fine,mutation_0.150,45,24,10,16,0.15,5,0.2,1x16,242,default,baseline,203.80324440395498,192.89963588592315
mutation_fine,mutation_0.150,45,24,11,16,0.15,5,0.2,1x16,242,default,baseline,220.9163950482357,204.84169650836117
mutation_fine,mutation_0.150,45,24,12,16,0.15,5,0.2,1x16,242,default,baseline,228.16749665081846,213.31464856797106
mutation_fine,mutation_0.150,45,24,13,16,0.15,5,0.2,1x16,242,default,baseline,232.97342074205835,219.4293899142406
mutation_fine,mutation_0.150,45,24,14,16,0.15,5,0.2,1x16,242,default,baseline,240.35343167835907,225.9459456079325
mutation_fine,mutation_0.150,45,24,15,16,0.15,5,0.2,1x16,242,default,baseline,242.21520247789962,235.14338445905224
mutation_fine,mutation_0.150,45,24,16,16,0.15,5,0.2,1x16,242,default,baseline,247.24004260194,237.48084668997396
mutation_fine,mutation_0.150,45,24,17,16,0.15,5,0.2,1x16,242,default,baseline,247.46738493971546,242.0960361259007
mutation_fine,mutation_0.150,45,24,18,16,0.15,5,0.2,1x16,242,default,baseline,251.63102653029182,246.4872432847385
mutation_fine,mutation_0.150,45,24,19,16,0.15,5,0.2,1x16,242,default,baseline,256.5364436225961,249.93845905591724
mutation_fine,mutation_0.150,45,24,20,16,0.15,5,0.2,1x16,242,default,baseline,256.5364436225961,251.77565263456466
mutation_fine,mutation_0.150,45,24,21,16,0.15,5,0.2,1x16,242,default,baseline,256.5364436225961,253.02024289095652
mutation_fine,mutation_0.150,45,24,22,16,0.15,5,0.2,1x16,242,default,baseline,258.5156036583022,254.7708167769187
mutation_fine,mutation_0.150,45,24,23,16,0.15,5,0.2,1x16,242,default,baseline,258.58215755713854,255.80073116427826
mutation_fine,mutation_0.150,45,24,24,16,0.15,5,0.2,1x16,242,default,baseline,259.9059978585275,256.04836942632966
mutation_fine,mutation_0.150,46,24,0,16,0.15,5,0.2,1x16,242,default,baseline,164.28817654436307,118.77169150605076
mutation_fine,mutation_0.150,46,24,1,16,0.15,5,0.2,1x16,242,default,baseline,165.82970331801576,147.18460180654293
mutation_fine,mutation_0.150,46,24,2,16,0.15,5,0.2,1x16,242,default,baseline,168.9071258390743,144.75276575894105
mutation_fine,mutation_0.150,46,24,3,16,0.15,5,0.2,1x16,242,default,baseline,172.88607824522427,154.34949316336775
mutation_fine,mutation_0.150,46,24,4,16,0.15,5,0.2,1x16,242,default,baseline,182.8569843065627,171.58924046306208
mutation_fine,mutation_0.150,46,24,5,16,0.15,5,0.2,1x16,242,default,baseline,190.15480855579384,176.80291369199472
mutation_fine,mutation_0.150,46,24,6,16,0.15,5,0.2,1x16,242,default,baseline,202.90574072915697,183.26615304901463
mutation_fine,mutation_0.150,46,24,7,16,0.15,5,0.2,1x16,242,default,baseline,207.73413658156267,195.38690086800693
mutation_fine,mutation_0.150,46,24,8,16,0.15,5,0.2,1x16,242,default,baseline,208.11654892053392,200.99864225076786
mutation_fine,mutation_0.150,46,24,9,16,0.15,5,0.2,1x16,242,default,baseline,218.2805227856171,209.4081336188308
mutation_fine,mutation_0.150,46,24,10,16,0.15,5,0.2,1x16,242,default,baseline,225.11009224575477,215.30573533353765
mutation_fine,mutation_0.150,46,24,11,16,0.15,5,0.2,1x16,242,default,baseline,230.0042941038219,221.7346279789802
mutation_fine,mutation_0.150,46,24,12,16,0.15,5,0.2,1x16,242,default,baseline,233.723282202242,227.84298096824864
mutation_fine,mutation_0.150,46,24,13,16,0.15,5,0.2,1x16,242,default,baseline,237.82091713712143,232.47519163474982
mutation_fine,mutation_0.150,46,24,14,16,0.15,5,0.2,1x16,242,default,baseline,241.6246310643543,235.27616782118793
mutation_fine,mutation_0.150,46,24,15,16,0.15,5,0.2,1x16,242,default,baseline,247.05881197767766,238.99798564744034
mutation_fine,mutation_0.150,46,24,16,16,0.15,5,0.2,1x16,242,default,baseline,249.56312809855763,245.1281996317268
mutation_fine,mutation_0.150,46,24,17,16,0.15,5,0.2,1x16,242,default,baseline,251.70498289422875,247.3408471071262
mutation_fine,mutation_0.150,46,24,18,16,0.15,5,0.2,1x16,242,default,baseline,251.70498289422875,248.3981608310914
mutation_fine,mutation_0.150,46,24,19,16,0.15,5,0.2,1x16,242,default,baseline,251.70498289422875,247.94526693335916
mutation_fine,mutation_0.150,46,24,20,16,0.15,5,0.2,1x16,242,default,baseline,252.9613819847154,249.81535897691768
mutation_fine,mutation_0.150,46,24,21,16,0.15,5,0.2,1x16,242,default,baseline,253.3401021828886,248.49839445034655
mutation_fine,mutation_0.150,46,24,22,16,0.15,5,0.2,1x16,242,default,baseline,254.2333566611723,252.33359563321565
mutation_fine,mutation_0.150,46,24,23,16,0.15,5,0.2,1x16,242,default,baseline,254.8245796817829,251.54204767099554
mutation_fine,mutation_0.150,46,24,24,16,0.15,5,0.2,1x16,242,default,baseline,255.42878793211008,252.64192694273765
mutation_fine,mutation_0.175,42,24,0,16,0.175,5,0.2,1x16,242,default,baseline,174.64691605755775,123.93725940568496
mutation_fine,mutation_0.175,42,24,1,16,0.175,5,0.2,1x16,242,default,baseline,174.64691605755775,142.7955985506711
mutation_fine,mutation_0.175,42,24,2,16,0.175,5,0.2,1x16,242,default,baseline,177.70255839031847,166.39468538388235
mutation_fine,mutation_0.175,42,24,3,16,0.175,5,0.2,1x16,242,default,baseline,187.9161972036514,172.69937626889003
mutation_fine,mutation_0.175,42,24,4,16,0.175,5,0.2,1x16,242,default,baseline,191.7888075301876,180.34377188778768
mutation_fine,mutation_0.175,42,24,5,16,0.175,5,0.2,1x16,242,default,baseline,195.748444311148,184.95892261176795
mutation_fine,mutation_0.175,42,24,6,16,0.175,5,0.2,1x16,242,default,baseline,208.48533524551235,187.46713620447616
mutation_fine,mutation_0.175,42,24,7,16,0.175,5,0.2,1x16,242,default,baseline,217.10085900093156,198.12541253120926
mutation_fine,mutation_0.175,42,24,8,16,0.175,5,0.2,1x16,242,default,baseline,217.10085900093156,204.0250538505833
mutation_fine,mutation_0.175,42,24,9,16,0.175,5,0.2,1x16,242,default,baseline,218.61601081802434,206.458948529853
mutation_fine,mutation_0.175,42,24,10,16,0.175,5,0.2,1x16,242,default,baseline,225.21835570477074,213.55077260303807
mutation_fine,mutation_0.175,42,24,11,16,0.175,5,0.2,1x16,242,default,baseline,234.08050270064206,218.6113483949744
mutation_fine,mutation_0.175,42,24,12,16,0.175,5,0.2,1x16,242,default,baseline,240.87353660125345,229.73856294200888
mutation_fine,mutation_0.175,42,24,13,16,0.175,5,0.2,1x16,242,default,baseline,243.12909832493222,235.0327543787099
mutation_fine,mutation_0.175,42,24,14,16,0.175,5,0.2,1x16,242,default,baseline,244.1953642998077,239.61894200953554
mutation_fine,mutation_0.175,42,24,15,16,0.175,5,0.2,1x16,242,default,baseline,250.67909307624944,243.33043647505704
mutation_fine,mutation_0.175,42,24,16,16,0.175,5,0.2,1x16,242,default,baseline,251.29331847080857,245.61207224153566
mutation_fine,mutation_0.175,42,24,17,16,0.175,5,0.2,1x16,242,default,baseline,254.17221303628148,248.4075011572213
mutation_fine,mutation_0.175,42,24,18,16,0.175,5,0.2,1x16,242,default,baseline,256.2921715007252,250.50283279515727
mutation_fine,mutation_0.175,42,24,19,16,0.175,5,0.2,1x16,242,default,baseline,258.0777986163118,253.58675686329468
mutation_fine,mutation_0.175,42,24,20,16,0.175,5,0.2,1x16,242,default,baseline,259.4313634873731,255.41604789912498
mutation_fine,mutation_0.175,42,24,21,16,0.175,5,0.2,1x16,242,default,baseline,261.8556132212675,257.65516525466626
mutation_fine,mutation_0.175,42,24,22,16,0.175,5,0.2,1x16,242,default,baseline,263.81057854316595,259.15682620446466
mutation_fine,mutation_0.175,42,24,23,16,0.175,5,0.2,1x16,242,default,baseline,263.81057854316595,261.32717875476413
mutation_fine,mutation_0.175,42,24,24,16,0.175,5,0.2,1x16,242,default,baseline,263.81057854316595,260.65342847971874
mutation_fine,mutation_0.175,43,24,0,16,0.175,5,0.2,1x16,242,default,baseline,173.15606138289232,124.72290905134332
mutation_fine,mutation_0.175,43,24,1,16,0.175,5,0.2,1x16,242,default,baseline,174.89355700101024,155.42945535770642
mutation_fine,mutation_0.175,43,24,2,16,0.175,5,0.2,1x16,242,default,baseline,174.89355700101024,168.24369982093256
mutation_fine,mutation_0.175,43,24,3,16,0.175,5,0.2,1x16,242,default,baseline,181.68213149621232,171.18909026009902
mutation_fine,mutation_0.175,43,24,4,16,0.175,5,0.2,1x16,242,default,baseline,182.8164090303227,172.3472985742364
mutation_fine,mutation_0.175,43,24,5,16,0.175,5,0.2,1x16,242,default,baseline,202.30697407509993,175.93990877370743
mutation_fine,mutation_0.175,43,24,6,16,0.175,5,0.2,1x16,242,default,baseline,211.90243742305088,188.595459754736
mutation_fine,mutation_0.175,43,24,7,16,0.175,5,0.2,1x16,242,default,baseline,211.90243742305088,199.53860300358377
mutation_fine,mutation_0.175,43,24,8,16,0.175,5,0.2,1x16,242,default,baseline,213.31156070428494,207.78607473063192
mutation_fine,mutation_0.175,43,24,9,16,0.175,5,0.2,1x16,242,default,baseline,219.98059983461133,212.28944118133762
mutation_fine,mutation_0.175,43,24,10,16,0.175,5,0.2,1x16,242,default,baseline,229.5712114359486,216.7598003429602
mutation_fine,mutation_0.175,43,24,11,16,0.175,5,0.2,1x16,242,default,baseline,230.48449153256234,224.35515709019086
mutation_fine,mutation_0.175,43,24,12,16,0.175,5,0.2,1x16,242,default,baseline,237.22477433506515,228.72451118986598
mutation_fine,mutation_0.175,43,24,13,16,0.175,5,0.2,1x16,242,default,baseline,243.65946183371946,233.64025765137148
mutation_fine,mutation_0.175,43,24,14,16,0.175,5,0.2,1x16,242,default,baseline,247.56566283643338,239.22781688285187
mutation_fine,mutation_0.175,43,24,15,16,0.175,5,0.2,1x16,242,default,baseline,249.1914338572554,242.3364402363585
mutation_fine,mutation_0.175,43,24,16,16,0.175,5,0.2,1x16,242,default,baseline,249.63221675258856,246.7798376825067
mutation_fine,mutation_0.175,43,24,17,16,0.175,5,0.2,1x16,242,default,baseline,250.57900587029872,247.9000464998516
mutation_fine,mutation_0.175,43,24,18,16,0.175,5,0.2,1x16,242,default,baseline,250.70311902411822,248.8898059994147
mutation_fine,mutation_0.175,43,24,19,16,0.175,5,0.2,1x16,242,default,baseline,252.38553144971104,249.48308079715778
mutation_fine,mutation_0.175,43,24,20,16,0.175,5,0.2,1x16,242,default,baseline,252.75683033497242,249.28939989414377
mutation_fine,mutation_0.175,43,24,21,16,0.175,5,0.2,1x16,242,default,baseline,253.06277313909018,250.166182462655
mutation_fine,mutation_0.175,43,24,22,16,0.175,5,0.2,1x16,242,default,baseline,253.64228688569642,251.49389463066228
mutation_fine,mutation_0.175,43,24,23,16,0.175,5,0.2,1x16,242,default,baseline,255.0401094649479,252.08579647873114
mutation_fine,mutation_0.175,43,24,24,16,0.175,5,0.2,1x16,242,default,baseline,255.23373914552977,252.3710293898872
mutation_fine,mutation_0.175,44,24,0,16,0.175,5,0.2,1x16,242,default,baseline,175.29002860123632,118.06396367334293
mutation_fine,mutation_0.175,44,24,1,16,0.175,5,0.2,1x16,242,default,baseline,175.29002860123632,150.7312129038509
mutation_fine,mutation_0.175,44,24,2,16,0.175,5,0.2,1x16,242,default,baseline,178.69038077017916,167.14258741407124
mutation_fine,mutation_0.175,44,24,3,16,0.175,5,0.2,1x16,242,default,baseline,180.92023438001075,160.69798719390587
mutation_fine,mutation_0.175,44,24,4,16,0.175,5,0.2,1x16,242,default,baseline,185.3690240117828,179.68890849881316
mutation_fine,mutation_0.175,44,24,5,16,0.175,5,0.2,1x16,242,default,baseline,189.50540204382094,183.52402461764962
mutation_fine,mutation_0.175,44,24,6,16,0.175,5,0.2,1x16,242,default,baseline,199.16945741122385,185.6422172282065
mutation_fine,mutation_0.175,44,24,7,16,0.175,5,0.2,1x16,242,default,baseline,202.56845424202078,187.49953937175715
mutation_fine,mutation_0.175,44,24,8,16,0.175,5,0.2,1x16,242,default,baseline,210.69613009405782,198.9940168616974
mutation_fine,mutation_0.175,44,24,9,16,0.175,5,0.2,1x16,242,default,baseline,215.6871940233654,203.92357949914583
mutation_fine,mutation_0.175,44,24,10,16,0.175,5,0.2,1x16,242,default,baseline,221.87455530019497,211.64431894120474
mutation_fine,mutation_0.175,44,24,11,16,0.175,5,0.2,1x16,242,default,baseline,225.53406764781022,213.84497198980907
mutation_fine,mutation_0.175,44,24,12,16,0.175,5,0.2,1x16,242,default,baseline,230.76685089667296,219.99566218411493
mutation_fine,mutation_0.175,44,24,13,16,0.175,5,0.2,1x16,242,default,baseline,235.9457022343517,225.88708887628547
mutation_fine,mutation_0.175,44,24,14,16,0.175,5,0.2,1x16,242,default,baseline,237.9586392014626,230.93244294340818
mutation_fine,mutation_0.175,44,24,15,16,0.175,5,0.2,1x16,242,default,baseline,239.6155215317362,233.5498021908737
mutation_fine,mutation_0.175,44,24,16,16,0.175,5,0.2,1x16,242,default,baseline,241.55655372814627,238.2149221420114
mutation_fine,mutation_0.175,44,24,17,16,0.175,5,0.2,1x16,242,default,baseline,243.43148376754473,239.8359051963377
mutation_fine,mutation_0.175,44,24,18,16,0.175,5,0.2,1x16,242,default,baseline,246.3995305276718,241.85712249746106
mutation_fine,mutation_0.175,44,24,19,16,0.175,5,0.2,1x16,242,default,baseline,248.05303092372657,243.824521407934
mutation_fine,mutation_0.175,44,24,20,16,0.175,5,0.2,1x16,242,default,baseline,248.05303092372657,245.81519159913648
mutation_fine,mutation_0.175,44,24,21,16,0.175,5,0.2,1x16,242,default,baseline,254.3937932721377,246.7371778181632
mutation_fine,mutation_0.175,44,24,22,16,0.175,5,0.2,1x16,242,default,baseline,254.63019002929752,248.42167814441143
mutation_fine,mutation_0.175,44,24,23,16,0.175,5,0.2,1x16,242,default,baseline,255.07460334492993,252.0228014946196
mutation_fine,mutation_0.175,44,24,24,16,0.175,5,0.2,1x16,242,default,baseline,258.72650305894393,253.94547060499863
mutation_fine,mutation_0.175,45,24,0,16,0.175,5,0.2,1x16,242,default,baseline,176.01205572940387,142.46705767544887
mutation_fine,mutation_0.175,45,24,1,16,0.175,5,0.2,1x16,242,default,baseline,176.01205572940387,143.06122713107465
mutation_fine,mutation_0.175,45,24,2,16,0.175,5,0.2,1x16,242,default,baseline,176.29746618890178,165.56305060438746
mutation_fine,mutation_0.175,45,24,3,16,0.175,5,0.2,1x16,242,default,baseline,178.01227328857755,175.1186870536561
mutation_fine,mutation_0.175,45,24,4,16,0.175,5,0.2,1x16,242,default,baseline,178.2920622295385,176.01259712989352
mutation_fine,mutation_0.175,45,24,5,16,0.175,5,0.2,1x16,242,default,baseline,178.59965180572397,177.08179553034634
mutation_fine,mutation_0.175,45,24,6,16,0.175,5,0.2,1x16,242,default,baseline,180.53849468725224,176.92498185490194
mutation_fine,mutation_0.175,45,24,7,16,0.175,5,0.2,1x16,242,default,baseline,181.01679574751086,178.4650002733319
mutation_fine,mutation_0.175,45,24,8,16,0.175,5,0.2,1x16,242,default,baseline,185.19583798844798,179.98015616001277
mutation_fine,mutation_0.175,45,24,9,16,0.175,5,0.2,1x16,242,default,baseline,190.7916023469957,182.67575061238506
mutation_fine,mutation_0.175,45,24,10,16,0.175,5,0.2,1x16,242,default,baseline,210.17005108649505,188.61567801206417
mutation_fine,mutation_0.175,45,24,11,16,0.175,5,0.2,1x16,242,default,baseline,220.19233475288866,200.65383111009203
mutation_fine,mutation_0.175,45,24,12,16,0.175,5,0.2,1x16,242,default,baseline,223.8880208523899,210.68987354271292
mutation_fine,mutation_0.175,45,24,13,16,0.175,5,0.2,1x16,242,default,baseline,230.3100431996293,220.61810192521574
mutation_fine,mutation_0.175,45,24,14,16,0.175,5,0.2,1x16,242,default,baseline,243.49363580089096,228.10392885615013
mutation_fine,mutation_0.175,45,24,15,16,0.175,5,0.2,1x16,242,default,baseline,246.78081764391948,236.04447788147075
mutation_fine,mutation_0.175,45,24,16,16,0.175,5,0.2,1x16,242,default,baseline,248.00901667051437,241.92752199903074
mutation_fine,mutation_0.175,45,24,17,16,0.175,5,0.2,1x16,242,default,baseline,251.21056731793834,243.71912470382753
mutation_fine,mutation_0.175,45,24,18,16,0.175,5,0.2,1x16,242,default,baseline,254.78225123265236,248.26818385060722
mutation_fine,mutation_0.175,45,24,19,16,0.175,5,0.2,1x16,242,default,baseline,254.91728146958923,251.31630510876656
mutation_fine,mutation_0.175,45,24,20,16,0.175,5,0.2,1x16,242,default,baseline,256.8300587249046,252.4273207752712
mutation_fine,mutation_0.175,45,24,21,16,0.175,5,0.2,1x16,242,default,baseline,260.52358697658156,254.57468361346946
mutation_fine,mutation_0.175,45,24,22,16,0.175,5,0.2,1x16,242,default,baseline,260.52358697658156,254.42121632687036
mutation_fine,mutation_0.175,45,24,23,16,0.175,5,0.2,1x16,242,default,baseline,260.52358697658156,256.21594074665927
mutation_fine,mutation_0.175,45,24,24,16,0.175,5,0.2,1x16,242,default,baseline,260.52358697658156,255.4503004782433
mutation_fine,mutation_0.175,46,24,0,16,0.175,5,0.2,1x16,242,default,baseline,164.28817654436307,118.77169150605076
mutation_fine,mutation_0.175,46,24,1,16,0.175,5,0.2,1x16,242,default,baseline,166.50557881967498,147.428894432457
mutation_fine,mutation_0.175,46,24,2,16,0.175,5,0.2,1x16,242,default,baseline,178.42039688822973,151.5596417726856
mutation_fine,mutation_0.175,46,24,3,16,0.175,5,0.2,1x16,242,default,baseline,178.94008558961718,164.07341489094063
mutation_fine,mutation_0.175,46,24,4,16,0.175,5,0.2,1x16,242,default,baseline,183.66481990797098,173.44679302300074
mutation_fine,mutation_0.175,46,24,5,16,0.175,5,0.2,1x16,242,default,baseline,183.66481990797098,176.93310857560516
mutation_fine,mutation_0.175,46,24,6,16,0.175,5,0.2,1x16,242,default,baseline,190.4790450642337,179.6596807652572
mutation_fine,mutation_0.175,46,24,7,16,0.175,5,0.2,1x16,242,default,baseline,195.59432030939956,183.92875589335168
mutation_fine,mutation_0.175,46,24,8,16,0.175,5,0.2,1x16,242,default,baseline,203.88901167097106,189.7596213718859
mutation_fine,mutation_0.175,46,24,9,16,0.175,5,0.2,1x16,242,default,baseline,220.38429256405982,199.1313816714926
mutation_fine,mutation_0.175,46,24,10,16,0.175,5,0.2,1x16,242,default,baseline,230.56789102134348,214.75948065011573
mutation_fine,mutation_0.175,46,24,11,16,0.175,5,0.2,1x16,242,default,baseline,242.4606219475173,226.28801938035662
mutation_fine,mutation_0.175,46,24,12,16,0.175,5,0.2,1x16,242,default,baseline,246.95862752711335,234.47793310477914
mutation_fine,mutation_0.175,46,24,13,16,0.175,5,0.2,1x16,242,default,baseline,248.08121926186936,242.0829191907217
mutation_fine,mutation_0.175,46,24,14,16,0.175,5,0.2,1x16,242,default,baseline,250.500293132899,246.36095486053705
mutation_fine,mutation_0.175,46,24,15,16,0.175,5,0.2,1x16,242,default,baseline,251.14762521794938,247.4072360610682
mutation_fine,mutation_0.175,46,24,16,16,0.175,5,0.2,1x16,242,default,baseline,255.5532899692064,249.62289533636564
mutation_fine,mutation_0.175,46,24,17,16,0.175,5,0.2,1x16,242,default,baseline,258.3019244060822,252.8221051758324
mutation_fine,mutation_0.175,46,24,18,16,0.175,5,0.2,1x16,242,default,baseline,260.9589018079256,256.7023449426948
mutation_fine,mutation_0.175,46,24,19,16,0.175,5,0.2,1x16,242,default,baseline,261.8716376080763,258.84307576666845
mutation_fine,mutation_0.175,46,24,20,16,0.175,5,0.2,1x16,242,default,baseline,261.8747095175265,259.66488163786255
mutation_fine,mutation_0.175,46,24,21,16,0.175,5,0.2,1x16,242,default,baseline,261.8747095175265,259.8620599850218
mutation_fine,mutation_0.175,46,24,22,16,0.175,5,0.2,1x16,242,default,baseline,262.3434509621044,260.54344035273755
mutation_fine,mutation_0.175,46,24,23,16,0.175,5,0.2,1x16,242,default,baseline,262.3434509621044,259.7826747147848
mutation_fine,mutation_0.175,46,24,24,16,0.175,5,0.2,1x16,242,default,baseline,262.56648181338807,261.03389324575915
mutation_fine,mutation_0.200,42,24,0,16,0.2,5,0.2,1x16,242,default,baseline,174.64691605755775,123.93725940568496
mutation_fine,mutation_0.200,42,24,1,16,0.2,5,0.2,1x16,242,default,baseline,174.64691605755775,143.06426926603922
mutation_fine,mutation_0.200,42,24,2,16,0.2,5,0.2,1x16,242,default,baseline,178.9474375016876,166.54738463789363
mutation_fine,mutation_0.200,42,24,3,16,0.2,5,0.2,1x16,242,default,baseline,188.94087692695587,173.46737204221944
mutation_fine,mutation_0.200,42,24,4,16,0.2,5,0.2,1x16,242,default,baseline,194.11362691733444,180.49337880519576
mutation_fine,mutation_0.200,42,24,5,16,0.2,5,0.2,1x16,242,default,baseline,202.01973464856437,189.11958249784135
mutation_fine,mutation_0.200,42,24,6,16,0.2,5,0.2,1x16,242,default,baseline,202.39452677303717,190.9196168381185
mutation_fine,mutation_0.200,42,24,7,16,0.2,5,0.2,1x16,242,default,baseline,223.57172190586513,197.02741676941744
mutation_fine,mutation_0.200,42,24,8,16,0.2,5,0.2,1x16,242,default,baseline,225.71356264381217,209.728685048481
mutation_fine,mutation_0.200,42,24,9,16,0.2,5,0.2,1x16,242,default,baseline,231.46607825798435,219.30997420296532
mutation_fine,mutation_0.200,42,24,10,16,0.2,5,0.2,1x16,242,default,baseline,234.05622387295222,224.7941175620453
mutation_fine,mutation_0.200,42,24,11,16,0.2,5,0.2,1x16,242,default,baseline,242.66807642129731,227.8193339105415
mutation_fine,mutation_0.200,42,24,12,16,0.2,5,0.2,1x16,242,default,baseline,243.15967294142737,237.27806150414068
mutation_fine,mutation_0.200,42,24,13,16,0.2,5,0.2,1x16,242,default,baseline,245.05779914309412,240.54307131347042
mutation_fine,mutation_0.200,42,24,14,16,0.2,5,0.2,1x16,242,default,baseline,245.05779914309412,241.64640253598228
mutation_fine,mutation_0.200,42,24,15,16,0.2,5,0.2,1x16,242,default,baseline,248.67581212137156,243.58203429336973
mutation_fine,mutation_0.200,42,24,16,16,0.2,5,0.2,1x16,242,default,baseline,255.603935540985,247.78879906212137
mutation_fine,mutation_0.200,42,24,17,16,0.2,5,0.2,1x16,242,default,baseline,255.603935540985,250.64566993686907
mutation_fine,mutation_0.200,42,24,18,16,0.2,5,0.2,1x16,242,default,baseline,255.86449488359804,253.60391137565466
mutation_fine,mutation_0.200,42,24,19,16,0.2,5,0.2,1x16,242,default,baseline,257.1471868408097,254.17448857559114
mutation_fine,mutation_0.200,42,24,20,16,0.2,5,0.2,1x16,242,default,baseline,257.1471868408097,254.6818966916717
mutation_fine,mutation_0.200,42,24,21,16,0.2,5,0.2,1x16,242,default,baseline,257.6149716600046,255.41857567909477
mutation_fine,mutation_0.200,42,24,22,16,0.2,5,0.2,1x16,242,default,baseline,258.6648096537491,255.87962613839304
mutation_fine,mutation_0.200,42,24,23,16,0.2,5,0.2,1x16,242,default,baseline,260.6576240430328,256.9576131006578
mutation_fine,mutation_0.200,42,24,24,16,0.2,5,0.2,1x16,242,default,baseline,260.6576240430328,258.089552421786
mutation_fine,mutation_0.200,43,24,0,16,0.2,5,0.2,1x16,242,default,baseline,173.15606138289232,124.72290905134332
mutation_fine,mutation_0.200,43,24,1,16,0.2,5,0.2,1x16,242,default,baseline,174.46661892111462,155.17287648197288
mutation_fine,mutation_0.200,43,24,2,16,0.2,5,0.2,1x16,242,default,baseline,174.46661892111462,168.7378950380152
mutation_fine,mutation_0.200,43,24,3,16,0.2,5,0.2,1x16,242,default,baseline,176.08781215000224,171.05913587904092
mutation_fine,mutation_0.200,43,24,4,16,0.2,5,0.2,1x16,242,default,baseline,176.43678841498877,171.62161071970937
mutation_fine,mutation_0.200,43,24,5,16,0.2,5,0.2,1x16,242,default,baseline,186.47726341018813,172.955216518761
mutation_fine,mutation_0.200,43,24,6,16,0.2,5,0.2,1x16,242,default,baseline,198.4481839979593,178.97703302482546
mutation_fine,mutation_0.200,43,24,7,16,0.2,5,0.2,1x16,242,default,baseline,204.0163301882029,185.56241899039372
mutation_fine,mutation_0.200,43,24,8,16,0.2,5,0.2,1x16,242,default,baseline,210.9846907921556,195.98070623100904
mutation_fine,mutation_0.200,43,24,9,16,0.2,5,0.2,1x16,242,default,baseline,210.9846907921556,203.67127132625197
mutation_fine,mutation_0.200,43,24,10,16,0.2,5,0.2,1x16,242,default,baseline,213.27146063138173,206.98641309300325
mutation_fine,mutation_0.200,43,24,11,16,0.2,5,0.2,1x16,242,default,baseline,218.34317669531666,210.28355533833604
mutation_fine,mutation_0.200,43,24,12,16,0.2,5,0.2,1x16,242,default,baseline,223.41502831588008,211.17064423524025
mutation_fine,mutation_0.200,43,24,13,16,0.2,5,0.2,1x16,242,default,baseline,231.75767691130184,217.43367264710102
mutation_fine,mutation_0.200,43,24,14,16,0.2,5,0.2,1x16,242,default,baseline,238.71370919869116,227.39027566599714
mutation_fine,mutation_0.200,43,24,15,16,0.2,5,0.2,1x16,242,default,baseline,239.58447083315843,231.87242082172133
mutation_fine,mutation_0.200,43,24,16,16,0.2,5,0.2,1x16,242,default,baseline,246.44842604258628,236.81504640094246
mutation_fine,mutation_0.200,43,24,17,16,0.2,5,0.2,1x16,242,default,baseline,249.949679259721,240.66786334188953
mutation_fine,mutation_0.200,43,24,18,16,0.2,5,0.2,1x16,242,default,baseline,249.949679259721,243.65965173420466
mutation_fine,mutation_0.200,43,24,19,16,0.2,5,0.2,1x16,242,default,baseline,249.949679259721,245.56056936887762
mutation_fine,mutation_0.200,43,24,20,16,0.2,5,0.2,1x16,242,default,baseline,249.949679259721,246.4294575744829
mutation_fine,mutation_0.200,43,24,21,16,0.2,5,0.2,1x16,242,default,baseline,255.00271652761535,247.03266492341697
mutation_fine,mutation_0.200,43,24,22,16,0.2,5,0.2,1x16,242,default,baseline,259.1051882963696,250.0807298231397
mutation_fine,mutation_0.200,43,24,23,16,0.2,5,0.2,1x16,242,default,baseline,259.1051882963696,253.2022233491883
mutation_fine,mutation_0.200,43,24,24,16,0.2,5,0.2,1x16,242,default,baseline,259.1051882963696,256.4680480296111
mutation_fine,mutation_0.200,44,24,0,16,0.2,5,0.2,1x16,242,default,baseline,175.29002860123632,118.06396367334293
mutation_fine,mutation_0.200,44,24,1,16,0.2,5,0.2,1x16,242,default,baseline,175.29002860123632,151.04762006075674
mutation_fine,mutation_0.200,44,24,2,16,0.2,5,0.2,1x16,242,default,baseline,178.57348754481683,163.35558727470894
mutation_fine,mutation_0.200,44,24,3,16,0.2,5,0.2,1x16,242,default,baseline,181.57107558256598,168.7975550878852
mutation_fine,mutation_0.200,44,24,4,16,0.2,5,0.2,1x16,242,default,baseline,184.87153009413623,177.94501924734436
mutation_fine,mutation_0.200,44,24,5,16,0.2,5,0.2,1x16,242,default,baseline,192.50220935880253,181.35937871724468
mutation_fine,mutation_0.200,44,24,6,16,0.2,5,0.2,1x16,242,default,baseline,205.26103338431483,185.37904369844023
mutation_fine,mutation_0.200,44,24,7,16,0.2,5,0.2,1x16,242,default,baseline,207.5357034862875,192.85172033137138
mutation_fine,mutation_0.200,44,24,8,16,0.2,5,0.2,1x16,242,default,baseline,210.17737082993955,199.29779073457334
mutation_fine,mutation_0.200,44,24,9,16,0.2,5,0.2,1x16,242,default,baseline,223.02226619926768,208.27560564138432
mutation_fine,mutation_0.200,44,24,10,16,0.2,5,0.2,1x16,242,default,baseline,223.02226619926768,214.34979826375385
mutation_fine,mutation_0.200,44,24,11,16,0.2,5,0.2,1x16,242,default,baseline,230.80174124536364,215.00153353789733
mutation_fine,mutation_0.200,44,24,12,16,0.2,5,0.2,1x16,242,default,baseline,233.38902461327223,222.78509664135817
mutation_fine,mutation_0.200,44,24,13,16,0.2,5,0.2,1x16,242,default,baseline,238.44950549791577,230.23745515854938
mutation_fine,mutation_0.200,44,24,14,16,0.2,5,0.2,1x16,242,default,baseline,240.28671473201672,233.35563792048248
mutation_fine,mutation_0.200,44,24,15,16,0.2,5,0.2,1x16,242,default,baseline,242.94032534067537,233.85362597019522
mutation_fine,mutation_0.200,44,24,16,16,0.2,5,0.2,1x16,242,default,baseline,244.9188294097308,240.3398617142887
mutation_fine,mutation_0.200,44,24,17,16,0.2,5,0.2,1x16,242,default,baseline,248.94378384478904,243.34153212700133
mutation_fine,mutation_0.200,44,24,18,16,0.2,5,0.2,1x16,242,default,baseline,251.29216340526347,246.69716226910577
mutation_fine,mutation_0.200,44,24,19,16,0.2,5,0.2,1x16,242,default,baseline,252.89108154654906,247.80085640414296
mutation_fine,mutation_0.200,44,24,20,16,0.2,5,0.2,1x16,242,default,baseline,252.89108154654906,248.87982025957297
mutation_fine,mutation_0.200,44,24,21,16,0.2,5,0.2,1x16,242,default,baseline,255.34390528688812,250.18329774021456
mutation_fine,mutation_0.200,44,24,22,16,0.2,5,0.2,1x16,242,default,baseline,255.34390528688812,250.1482334697469
mutation_fine,mutation_0.200,44,24,23,16,0.2,5,0.2,1x16,242,default,baseline,257.37512002234195,253.09881987652267
mutation_fine,mutation_0.200,44,24,24,16,0.2,5,0.2,1x16,242,default,baseline,257.37512002234195,253.48506399185416
mutation_fine,mutation_0.200,45,24,0,16,0.2,5,0.2,1x16,242,default,baseline,176.01205572940387,142.46705767544887
mutation_fine,mutation_0.200,45,24,1,16,0.2,5,0.2,1x16,242,default,baseline,176.01205572940387,143.2882752278867
mutation_fine,mutation_0.200,45,24,2,16,0.2,5,0.2,1x16,242,default,baseline,176.90116497251313,166.23421962905803
mutation_fine,mutation_0.200,45,24,3,16,0.2,5,0.2,1x16,242,default,baseline,178.27912999645343,175.64894050687388
mutation_fine,mutation_0.200,45,24,4,16,0.2,5,0.2,1x16,242,default,baseline,178.53263423517558,176.1669604352556
mutation_fine,mutation_0.200,45,24,5,16,0.2,5,0.2,1x16,242,default,baseline,180.7758926243834,176.5525854637374
mutation_fine,mutation_0.200,45,24,6,16,0.2,5,0.2,1x16,242,default,baseline,180.7758926243834,177.71427444600084
mutation_fine,mutation_0.200,45,24,7,16,0.2,5,0.2,1x16,242,default,baseline,184.40908051414402,178.45559709117296
mutation_fine,mutation_0.200,45,24,8,16,0.2,5,0.2,1x16,242,default,baseline,188.8656932748435,180.81548639360676
mutation_fine,mutation_0.200,45,24,9,16,0.2,5,0.2,1x16,242,default,baseline,202.78194426933797,185.24816369941877
mutation_fine,mutation_0.200,45,24,10,16,0.2,5,0.2,1x16,242,default,baseline,231.07146511613465,198.10300681912003
mutation_fine,mutation_0.200,45,24,11,16,0.2,5,0.2,1x16,242,default,baseline,235.77096666951914,218.64211206255126
mutation_fine,mutation_0.200,45,24,12,16,0.2,5,0.2,1x16,242,default,baseline,244.6942460443103,228.52442882637098
mutation_fine,mutation_0.200,45,24,13,16,0.2,5,0.2,1x16,242,default,baseline,248.68878106303902,239.83278161381855
mutation_fine,mutation_0.200,45,24,14,16,0.2,5,0.2,1x16,242,default,baseline,255.64619586642903,244.49264463414465
mutation_fine,mutation_0.200,45,24,15,16,0.2,5,0.2,1x16,242,default,baseline,257.1859336099143,251.0133165321209
mutation_fine,mutation_0.200,45,24,16,16,0.2,5,0.2,1x16,242,default,baseline,258.6415602944952,251.74457356843197
mutation_fine,mutation_0.200,45,24,17,16,0.2,5,0.2,1x16,242,default,baseline,258.6415602944952,253.01190227946998
mutation_fine,mutation_0.200,45,24,18,16,0.2,5,0.2,1x16,242,default,baseline,260.61212640563343,256.35342851618776
mutation_fine,mutation_0.200,45,24,19,16,0.2,5,0.2,1x16,242,default,baseline,261.64194507877227,257.480867842381
mutation_fine,mutation_0.200,45,24,20,16,0.2,5,0.2,1x16,242,default,baseline,263.54823377676064,258.8011258500462
mutation_fine,mutation_0.200,45,24,21,16,0.2,5,0.2,1x16,242,default,baseline,263.54823377676064,258.0336519727552
mutation_fine,mutation_0.200,45,24,22,16,0.2,5,0.2,1x16,242,default,baseline,263.54823377676064,259.8164997585045
mutation_fine,mutation_0.200,45,24,23,16,0.2,5,0.2,1x16,242,default,baseline,263.54823377676064,261.26318586858815
mutation_fine,mutation_0.200,45,24,24,16,0.2,5,0.2,1x16,242,default,baseline,263.54823377676064,260.44236842263666
mutation_fine,mutation_0.200,46,24,0,16,0.2,5,0.2,1x16,242,default,baseline,164.28817654436307,118.77169150605076
mutation_fine,mutation_0.200,46,24,1,16,0.2,5,0.2,1x16,242,default,baseline,166.8268949154229,147.74582748515232
mutation_fine,mutation_0.200,46,24,2,16,0.2,5,0.2,1x16,242,default,baseline,179.5078916552671,160.2636704029175
mutation_fine,mutation_0.200,46,24,3,16,0.2,5,0.2,1x16,242,default,baseline,185.99843017652137,173.9345468529723
mutation_fine,mutation_0.200,46,24,4,16,0.2,5,0.2,1x16,242,default,baseline,193.85370016908925,175.44579869379643
mutation_fine,mutation_0.200,46,24,5,16,0.2,5,0.2,1x16,242,default,baseline,206.96233241707108,183.05905919688115
mutation_fine,mutation_0.200,46,24,6,16,0.2,5,0.2,1x16,242,default,baseline,211.09013810239998,199.13701040622152
mutation_fine,mutation_0.200,46,24,7,16,0.2,5,0.2,1x16,242,default,baseline,218.91695779096202,206.87542180984337
mutation_fine,mutation_0.200,46,24,8,16,0.2,5,0.2,1x16,242,default,baseline,224.3890722534631,212.59249090202496
mutation_fine,mutation_0.200,46,24,9,16,0.2,5,0.2,1x16,242,default,baseline,230.13508114740176,217.81304013349853
mutation_fine,mutation_0.200,46,24,10,16,0.2,5,0.2,1x16,242,default,baseline,234.06157075384832,225.05855412324047
mutation_fine,mutation_0.200,46,24,11,16,0.2,5,0.2,1x16,242,default,baseline,237.03590203499917,230.04282828736154
mutation_fine,mutation_0.200,46,24,12,16,0.2,5,0.2,1x16,242,default,baseline,244.3639001204516,235.1504993911878
mutation_fine,mutation_0.200,46,24,13,16,0.2,5,0.2,1x16,242,default,baseline,247.18526383405336,240.46860987115957
mutation_fine,mutation_0.200,46,24,14,16,0.2,5,0.2,1x16,242,default,baseline,247.34055398936238,243.86101751283962
mutation_fine,mutation_0.200,46,24,15,16,0.2,5,0.2,1x16,242,default,baseline,249.41354095074365,245.47805017214918
mutation_fine,mutation_0.200,46,24,16,16,0.2,5,0.2,1x16,242,default,baseline,252.1713815586668,246.3110646969114
mutation_fine,mutation_0.200,46,24,17,16,0.2,5,0.2,1x16,242,default,baseline,252.26398226385675,249.07489797628503
mutation_fine,mutation_0.200,46,24,18,16,0.2,5,0.2,1x16,242,default,baseline,254.90151655665653,251.1441157712228
mutation_fine,mutation_0.200,46,24,19,16,0.2,5,0.2,1x16,242,default,baseline,256.00273771720595,252.48450796506376
mutation_fine,mutation_0.200,46,24,20,16,0.2,5,0.2,1x16,242,default,baseline,256.00273771720595,253.73738064359287
mutation_fine,mutation_0.200,46,24,21,16,0.2,5,0.2,1x16,242,default,baseline,256.00273771720595,253.6148709886811
mutation_fine,mutation_0.200,46,24,22,16,0.2,5,0.2,1x16,242,default,baseline,256.2887695477716,254.79910636753132
mutation_fine,mutation_0.200,46,24,23,16,0.2,5,0.2,1x16,242,default,baseline,257.41025139546076,254.59415176798757
mutation_fine,mutation_0.200,46,24,24,16,0.2,5,0.2,1x16,242,default,baseline,257.7308945303985,255.06526958469084
mutation_fine,mutation_0.250,42,24,0,16,0.25,5,0.2,1x16,242,default,baseline,174.64691605755775,123.93725940568496
mutation_fine,mutation_0.250,42,24,1,16,0.25,5,0.2,1x16,242,default,baseline,174.64691605755775,142.4086134965853
mutation_fine,mutation_0.250,42,24,2,16,0.25,5,0.2,1x16,242,default,baseline,185.91366895808767,166.36711311989552
mutation_fine,mutation_0.250,42,24,3,16,0.25,5,0.2,1x16,242,default,baseline,186.75805489066187,173.55621186684414
mutation_fine,mutation_0.250,42,24,4,16,0.25,5,0.2,1x16,242,default,baseline,195.13154440406507,180.21435796000634
mutation_fine,mutation_0.250,42,24,5,16,0.25,5,0.2,1x16,242,default,baseline,204.15787489574876,190.28582530824025
mutation_fine,mutation_0.250,42,24,6,16,0.25,5,0.2,1x16,242,default,baseline,216.30470909706025,198.9313881971421
mutation_fine,mutation_0.250,42,24,7,16,0.25,5,0.2,1x16,242,default,baseline,225.46884328700406,210.32989217577835
mutation_fine,mutation_0.250,42,24,8,16,0.25,5,0.2,1x16,242,default,baseline,230.0404206684345,220.54470791414496
mutation_fine,mutation_0.250,42,24,9,16,0.25,5,0.2,1x16,242,default,baseline,233.3378892716164,223.1913028968812
mutation_fine,mutation_0.250,42,24,10,16,0.25,5,0.2,1x16,242,default,baseline,236.8337468835248,227.44315361452868
mutation_fine,mutation_0.250,42,24,11,16,0.25,5,0.2,1x16,242,default,baseline,246.19023327736073,233.490199444602
mutation_fine,mutation_0.250,42,24,12,16,0.25,5,0.2,1x16,242,default,baseline,251.2358464125812,239.20598324322089
mutation_fine,mutation_0.250,42,24,13,16,0.25,5,0.2,1x16,242,default,baseline,251.2358464125812,243.8707606746862
mutation_fine,mutation_0.250,42,24,14,16,0.25,5,0.2,1x16,242,default,baseline,253.08976899876305,248.48395041396614
mutation_fine,mutation_0.250,42,24,15,16,0.25,5,0.2,1x16,242,default,baseline,254.86906564910194,250.15171650868425
mutation_fine,mutation_0.250,42,24,16,16,0.25,5,0.2,1x16,242,default,baseline,254.86906564910194,251.08927236004743
mutation_fine,mutation_0.250,42,24,17,16,0.25,5,0.2,1x16,242,default,baseline,255.1561979072291,252.13658198247037
mutation_fine,mutation_0.250,42,24,18,16,0.25,5,0.2,1x16,242,default,baseline,256.4718982533717,252.89283958379167
mutation_fine,mutation_0.250,42,24,19,16,0.25,5,0.2,1x16,242,default,baseline,256.70987670028717,252.40581544431527
mutation_fine,mutation_0.250,42,24,20,16,0.25,5,0.2,1x16,242,default,baseline,257.15109380083396,254.7824567625405
mutation_fine,mutation_0.250,42,24,21,16,0.25,5,0.2,1x16,242,default,baseline,260.0633005832562,256.2922051998279
mutation_fine,mutation_0.250,42,24,22,16,0.25,5,0.2,1x16,242,default,baseline,260.0633005832562,257.3013527143836
mutation_fine,mutation_0.250,42,24,23,16,0.25,5,0.2,1x16,242,default,baseline,260.0633005832562,257.10450137383793
mutation_fine,mutation_0.250,42,24,24,16,0.25,5,0.2,1x16,242,default,baseline,260.0633005832562,257.323885976972
mutation_fine,mutation_0.250,43,24,0,16,0.25,5,0.2,1x16,242,default,baseline,173.15606138289232,124.72290905134332
mutation_fine,mutation_0.250,43,24,1,16,0.25,5,0.2,1x16,242,default,baseline,175.38548638442393,155.59142822762036
mutation_fine,mutation_0.250,43,24,2,16,0.25,5,0.2,1x16,242,default,baseline,175.38548638442393,168.13911598391184
mutation_fine,mutation_0.250,43,24,3,16,0.25,5,0.2,1x16,242,default,baseline,177.41924179961367,171.24605955660184
mutation_fine,mutation_0.250,43,24,4,16,0.25,5,0.2,1x16,242,default,baseline,179.2225006426965,170.0530394545241
mutation_fine,mutation_0.250,43,24,5,16,0.25,5,0.2,1x16,242,default,baseline,180.81576723567818,172.21311225300667
mutation_fine,mutation_0.250,43,24,6,16,0.25,5,0.2,1x16,242,default,baseline,193.5798952068851,179.873577517701
mutation_fine,mutation_0.250,43,24,7,16,0.25,5,0.2,1x16,242,default,baseline,206.08140736246992,190.36237859521236
mutation_fine,mutation_0.250,43,24,8,16,0.25,5,0.2,1x16,242,default,baseline,212.32956871215453,197.67968718471366
mutation_fine,mutation_0.250,43,24,9,16,0.25,5,0.2,1x16,242,default,baseline,218.00624820624557,207.65660810007557
mutation_fine,mutation_0.250,43,24,10,16,0.25,5,0.2,1x16,242,default,baseline,222.2038371132952,212.33276473841858
mutation_fine,mutation_0.250,43,24,11,16,0.25,5,0.2,1x16,242,default,baseline,231.84013795124753,217.8266104789432
mutation_fine,mutation_0.250,43,24,12,16,0.25,5,0.2,1x16,242,default,baseline,240.66520073900972,223.61640317153444
mutation_fine,mutation_0.250,43,24,13,16,0.25,5,0.2,1x16,242,default,baseline,240.66520073900972,233.8441166142445
mutation_fine,mutation_0.250,43,24,14,16,0.25,5,0.2,1x16,242,default,baseline,246.37914755489368,238.39926977446862
mutation_fine,mutation_0.250,43,24,15,16,0.25,5,0.2,1x16,242,default,baseline,246.37914755489368,238.12413386961452
mutation_fine,mutation_0.250,43,24,16,16,0.25,5,0.2,1x16,242,default,baseline,248.0386578670275,240.46394410966963
mutation_fine,mutation_0.250,43,24,17,16,0.25,5,0.2,1x16,242,default,baseline,248.0386578670275,243.5906534569075
mutation_fine,mutation_0.250,43,24,18,16,0.25,5,0.2,1x16,242,default,baseline,249.44624042878053,243.9941753996123
mutation_fine,mutation_0.250,43,24,19,16,0.25,5,0.2,1x16,242,default,baseline,254.8366259991172,245.76173940291937
mutation_fine,mutation_0.250,43,24,20,16,0.25,5,0.2,1x16,242,default,baseline,254.8366259991172,249.00745997978873
mutation_fine,mutation_0.250,43,24,21,16,0.25,5,0.2,1x16,242,default,baseline,254.8366259991172,249.77616290718908
mutation_fine,mutation_0.250,43,24,22,16,0.25,5,0.2,1x16,242,default,baseline,255.27611583832316,252.43070884628335
mutation_fine,mutation_0.250,43,24,23,16,0.25,5,0.2,1x16,242,default,baseline,255.27611583832316,251.74351028123178
mutation_fine,mutation_0.250,43,24,24,16,0.25,5,0.2,1x16,242,default,baseline,257.57929511287546,253.73755526996766
mutation_fine,mutation_0.250,44,24,0,16,0.25,5,0.2,1x16,242,default,baseline,175.29002860123632,118.06396367334293
mutation_fine,mutation_0.250,44,24,1,16,0.25,5,0.2,1x16,242,default,baseline,175.29002860123632,150.17104254885675
mutation_fine,mutation_0.250,44,24,2,16,0.25,5,0.2,1x16,242,default,baseline,179.06591524486856,164.35052420014142
mutation_fine,mutation_0.250,44,24,3,16,0.25,5,0.2,1x16,242,default,baseline,179.79355049868565,169.7308643743516
mutation_fine,mutation_0.250,44,24,4,16,0.25,5,0.2,1x16,242,default,baseline,180.18269220941994,176.41795157130923
mutation_fine,mutation_0.250,44,24,5,16,0.25,5,0.2,1x16,242,default,baseline,182.85514934409622,178.08846597256863
mutation_fine,mutation_0.250,44,24,6,16,0.25,5,0.2,1x16,242,default,baseline,182.91331787991857,178.57829315698453
mutation_fine,mutation_0.250,44,24,7,16,0.25,5,0.2,1x16,242,default,baseline,183.38999975197265,179.694435066989
mutation_fine,mutation_0.250,44,24,8,16,0.25,5,0.2,1x16,242,default,baseline,192.19768933696582,182.72300579805943
mutation_fine,mutation_0.250,44,24,9,16,0.25,5,0.2,1x16,242,default,baseline,205.16442092231938,189.34075177166773
mutation_fine,mutation_0.250,44,24,10,16,0.25,5,0.2,1x16,242,default,baseline,232.70431689775273,203.09317708668576
mutation_fine,mutation_0.250,44,24,11,16,0.25,5,0.2,1x16,242,default,baseline,234.01828231692247,215.03329381465863
mutation_fine,mutation_0.250,44,24,12,16,0.25,5,0.2,1x16,242,default,baseline,239.37286080130724,228.08745018689098
mutation_fine,mutation_0.250,44,24,13,16,0.25,5,0.2,1x16,242,default,baseline,243.55229217083215,232.51209802369692
mutation_fine,mutation_0.250,44,24,14,16,0.25,5,0.2,1x16,242,default,baseline,247.43314388165606,237.26798098063102
mutation_fine,mutation_0.250,44,24,15,16,0.25,5,0.2,1x16,242,default,baseline,247.56903106450739,242.6301240298871
mutation_fine,mutation_0.250,44,24,16,16,0.25,5,0.2,1x16,242,default,baseline,248.77224334572685,245.78025498607985
mutation_fine,mutation_0.250,44,24,17,16,0.25,5,0.2,1x16,242,default,baseline,254.05522283748482,246.01294652850675
mutation_fine,mutation_0.250,44,24,18,16,0.25,5,0.2,1x16,242,default,baseline,254.8520276976524,248.93849852783285
mutation_fine,mutation_0.250,44,24,19,16,0.25,5,0.2,1x16,242,default,baseline,255.78711838572949,251.99755616753492
mutation_fine,mutation_0.250,44,24,20,16,0.25,5,0.2,1x16,242,default,baseline,256.0347731383131,253.2834082647463
mutation_fine,mutation_0.250,44,24,21,16,0.25,5,0.2,1x16,242,default,baseline,257.3264630347087,254.784434324232
mutation_fine,mutation_0.250,44,24,22,16,0.25,5,0.2,1x16,242,default,baseline,257.4717323485577,254.7051589794767
mutation_fine,mutation_0.250,44,24,23,16,0.25,5,0.2,1x16,242,default,baseline,258.0936751172854,256.724723164333
mutation_fine,mutation_0.250,44,24,24,16,0.25,5,0.2,1x16,242,default,baseline,258.3234654899028,256.0996046168377
mutation_fine,mutation_0.250,45,24,0,16,0.25,5,0.2,1x16,242,default,baseline,176.01205572940387,142.46705767544887
mutation_fine,mutation_0.250,45,24,1,16,0.25,5,0.2,1x16,242,default,baseline,176.01205572940387,142.00562811226035
mutation_fine,mutation_0.250,45,24,2,16,0.25,5,0.2,1x16,242,default,baseline,177.81728708938164,167.13701686075797
mutation_fine,mutation_0.250,45,24,3,16,0.25,5,0.2,1x16,242,default,baseline,179.6145016869372,175.45160395674623
mutation_fine,mutation_0.250,45,24,4,16,0.25,5,0.2,1x16,242,default,baseline,184.73993654563935,177.28162946091277
mutation_fine,mutation_0.250,45,24,5,16,0.25,5,0.2,1x16,242,default,baseline,197.00154942183173,180.41406577527127
mutation_fine,mutation_0.250,45,24,6,16,0.25,5,0.2,1x16,242,default,baseline,219.79833159686962,190.15878323279412
mutation_fine,mutation_0.250,45,24,7,16,0.25,5,0.2,1x16,242,default,baseline,241.84110842216964,205.02820864684517
mutation_fine,mutation_0.250,45,24,8,16,0.25,5,0.2,1x16,242,default,baseline,244.82156063311632,228.53454447339058
mutation_fine,mutation_0.250,45,24,9,16,0.25,5,0.2,1x16,242,default,baseline,246.95567951848057,237.84693756368947
mutation_fine,mutation_0.250,45,24,10,16,0.25,5,0.2,1x16,242,default,baseline,251.8220512723192,244.38768623395453
mutation_fine,mutation_0.250,45,24,11,16,0.25,5,0.2,1x16,242,default,baseline,256.0179695175612,249.9964276748645
mutation_fine,mutation_0.250,45,24,12,16,0.25,5,0.2,1x16,242,default,baseline,256.0179695175612,250.97598669465782
mutation_fine,mutation_0.250,45,24,13,16,0.25,5,0.2,1x16,242,default,baseline,256.840719470839,251.81001010371753
mutation_fine,mutation_0.250,45,24,14,16,0.25,5,0.2,1x16,242,default,baseline,258.3819588906008,252.7694384471572
mutation_fine,mutation_0.250,45,24,15,16,0.25,5,0.2,1x16,242,default,baseline,258.3819588906008,254.92143638883317
mutation_fine,mutation_0.250,45,24,16,16,0.25,5,0.2,1x16,242,default,baseline,260.2716126324749,253.18877414891767
mutation_fine,mutation_0.250,45,24,17,16,0.25,5,0.2,1x16,242,default,baseline,261.21238703276975,257.5227462948409
mutation_fine,mutation_0.250,45,24,18,16,0.25,5,0.2,1x16,242,default,baseline,262.56950173057135,258.82503742911524
mutation_fine,mutation_0.250,45,24,19,16,0.25,5,0.2,1x16,242,default,baseline,262.7618903433871,260.28638820363693
mutation_fine,mutation_0.250,45,24,20,16,0.25,5,0.2,1x16,242,default,baseline,263.6061080968348,259.9888628228476
mutation_fine,mutation_0.250,45,24,21,16,0.25,5,0.2,1x16,242,default,baseline,263.6061080968348,261.2907315333466
mutation_fine,mutation_0.250,45,24,22,16,0.25,5,0.2,1x16,242,default,baseline,264.337902766375,262.1476459382699
mutation_fine,mutation_0.250,45,24,23,16,0.25,5,0.2,1x16,242,default,baseline,264.4307600623631,262.4319157546041
mutation_fine,mutation_0.250,45,24,24,16,0.25,5,0.2,1x16,242,default,baseline,264.4307600623631,261.57510716830893
mutation_fine,mutation_0.250,46,24,0,16,0.25,5,0.2,1x16,242,default,baseline,164.28817654436307,118.77169150605076
mutation_fine,mutation_0.250,46,24,1,16,0.25,5,0.2,1x16,242,default,baseline,167.20723666528824,147.65139362300528
mutation_fine,mutation_0.250,46,24,2,16,0.25,5,0.2,1x16,242,default,baseline,170.5230408027736,145.72917275317604
mutation_fine,mutation_0.250,46,24,3,16,0.25,5,0.2,1x16,242,default,baseline,176.34674126835705,159.84592746727458
mutation_fine,mutation_0.250,46,24,4,16,0.25,5,0.2,1x16,242,default,baseline,183.59992306927322,153.91288815581055
mutation_fine,mutation_0.250,46,24,5,16,0.25,5,0.2,1x16,242,default,baseline,183.59992306927322,153.72026807305312
mutation_fine,mutation_0.250,46,24,6,16,0.25,5,0.2,1x16,242,default,baseline,186.15255429916607,168.0971183746992
mutation_fine,mutation_0.250,46,24,7,16,0.25,5,0.2,1x16,242,default,baseline,189.34362958901502,176.59050891984668
mutation_fine,mutation_0.250,46,24,8,16,0.25,5,0.2,1x16,242,default,baseline,205.95120080505305,174.50058146507646
mutation_fine,mutation_0.250,46,24,9,16,0.25,5,0.2,1x16,242,default,baseline,220.6300076417341,196.37375195189438
mutation_fine,mutation_0.250,46,24,10,16,0.25,5,0.2,1x16,242,default,baseline,235.60102154082097,203.93526859464828
mutation_fine,mutation_0.250,46,24,11,16,0.25,5,0.2,1x16,242,default,baseline,247.597541554156,224.5261219080445
mutation_fine,mutation_0.250,46,24,12,16,0.25,5,0.2,1x16,242,default,baseline,252.9890663426052,232.2918205692385
mutation_fine,mutation_0.250,46,24,13,16,0.25,5,0.2,1x16,242,default,baseline,253.28296043151974,239.64137282271554
mutation_fine,mutation_0.250,46,24,14,16,0.25,5,0.2,1x16,242,default,baseline,255.73584878897267,245.30199386854727
mutation_fine,mutation_0.250,46,24,15,16,0.25,5,0.2,1x16,242,default,baseline,258.2629234562435,252.900357257159
mutation_fine,mutation_0.250,46,24,16,16,0.25,5,0.2,1x16,242,default,baseline,259.24789261630224,256.7933597876912
mutation_fine,mutation_0.250,46,24,17,16,0.25,5,0.2,1x16,242,default,baseline,260.4189098907882,258.1168976022773
mutation_fine,mutation_0.250,46,24,18,16,0.25,5,0.2,1x16,242,default,baseline,260.51968738376763,258.338717107868
mutation_fine,mutation_0.250,46,24,19,16,0.25,5,0.2,1x16,242,default,baseline,260.8504191925524,258.02781082058834
mutation_fine,mutation_0.250,46,24,20,16,0.25,5,0.2,1x16,242,default,baseline,260.8504191925524,258.1973118504693
mutation_fine,mutation_0.250,46,24,21,16,0.25,5,0.2,1x16,242,default,baseline,260.8504191925524,258.08564263325263
mutation_fine,mutation_0.250,46,24,22,16,0.25,5,0.2,1x16,242,default,baseline,262.49643405861616,259.3222783464486
mutation_fine,mutation_0.250,46,24,23,16,0.25,5,0.2,1x16,242,default,baseline,262.99490537157016,260.09111471948967
mutation_fine,mutation_0.250,46,24,24,16,0.25,5,0.2,1x16,242,default,baseline,262.99490537157016,260.33794197891143
mutation_fine,mutation_0.300,42,24,0,16,0.3,5,0.2,1x16,242,default,baseline,174.64691605755775,123.93725940568496
mutation_fine,mutation_0.300,42,24,1,16,0.3,5,0.2,1x16,242,default,baseline,174.64691605755775,142.48469828003897
mutation_fine,mutation_0.300,42,24,2,16,0.3,5,0.2,1x16,242,default,baseline,182.00141194580482,166.73646494659738
mutation_fine,mutation_0.300,42,24,3,16,0.3,5,0.2,1x16,242,default,baseline,184.24803857157275,172.98770330126817
mutation_fine,mutation_0.300,42,24,4,16,0.3,5,0.2,1x16,242,default,baseline,194.3230241381931,172.945013433409
mutation_fine,mutation_0.300,42,24,5,16,0.3,5,0.2,1x16,242,default,baseline,217.29478923318914,188.73710843600287
mutation_fine,mutation_0.300,42,24,6,16,0.3,5,0.2,1x16,242,default,baseline,231.59909375316306,194.62952468469746
mutation_fine,mutation_0.300,42,24,7,16,0.3,5,0.2,1x16,242,default,baseline,234.64344068693612,215.38915894865875
mutation_fine,mutation_0.300,42,24,8,16,0.3,5,0.2,1x16,242,default,baseline,250.78063130373425,230.7158846489224
mutation_fine,mutation_0.300,42,24,9,16,0.3,5,0.2,1x16,242,default,baseline,250.78063130373425,236.25226766093235
mutation_fine,mutation_0.300,42,24,10,16,0.3,5,0.2,1x16,242,default,baseline,253.8149146350398,246.74356951263448
mutation_fine,mutation_0.300,42,24,11,16,0.3,5,0.2,1x16,242,default,baseline,259.237842407448,249.96217684658933
mutation_fine,mutation_0.300,42,24,12,16,0.3,5,0.2,1x16,242,default,baseline,262.6130765045599,253.90796777922645
mutation_fine,mutation_0.300,42,24,13,16,0.3,5,0.2,1x16,242,default,baseline,262.6130765045599,256.3887958658817
mutation_fine,mutation_0.300,42,24,14,16,0.3,5,0.2,1x16,242,default,baseline,262.6130765045599,257.3689327104903
mutation_fine,mutation_0.300,42,24,15,16,0.3,5,0.2,1x16,242,default,baseline,262.6130765045599,258.8721676548465
mutation_fine,mutation_0.300,42,24,16,16,0.3,5,0.2,1x16,242,default,baseline,263.4766947820461,260.21443502127994
mutation_fine,mutation_0.300,42,24,17,16,0.3,5,0.2,1x16,242,default,baseline,263.62650525348795,259.6711304603473
mutation_fine,mutation_0.300,42,24,18,16,0.3,5,0.2,1x16,242,default,baseline,263.62650525348795,260.98827135618717
mutation_fine,mutation_0.300,42,24,19,16,0.3,5,0.2,1x16,242,default,baseline,263.62650525348795,260.62509289706486
mutation_fine,mutation_0.300,42,24,20,16,0.3,5,0.2,1x16,242,default,baseline,263.62650525348795,261.3098733894657
mutation_fine,mutation_0.300,42,24,21,16,0.3,5,0.2,1x16,242,default,baseline,263.62650525348795,260.35082085729863
mutation_fine,mutation_0.300,42,24,22,16,0.3,5,0.2,1x16,242,default,baseline,264.3173804152554,261.4469114273976
mutation_fine,mutation_0.300,42,24,23,16,0.3,5,0.2,1x16,242,default,baseline,264.3173804152554,261.3663704318218
mutation_fine,mutation_0.300,42,24,24,16,0.3,5,0.2,1x16,242,default,baseline,264.3173804152554,260.45188490481434
mutation_fine,mutation_0.300,43,24,0,16,0.3,5,0.2,1x16,242,default,baseline,173.15606138289232,124.72290905134332
mutation_fine,mutation_0.300,43,24,1,16,0.3,5,0.2,1x16,242,default,baseline,175.32807065706876,155.19257392561863
mutation_fine,mutation_0.300,43,24,2,16,0.3,5,0.2,1x16,242,default,baseline,175.32807065706876,167.39582844793426
mutation_fine,mutation_0.300,43,24,3,16,0.3,5,0.2,1x16,242,default,baseline,175.7320184324588,172.2063125815061
mutation_fine,mutation_0.300,43,24,4,16,0.3,5,0.2,1x16,242,default,baseline,176.20447952081096,173.19250571436038
mutation_fine,mutation_0.300,43,24,5,16,0.3,5,0.2,1x16,242,default,baseline,177.67383574435996,172.84199889491174
mutation_fine,mutation_0.300,43,24,6,16,0.3,5,0.2,1x16,242,default,baseline,182.59322239926152,175.99000542349614
mutation_fine,mutation_0.300,43,24,7,16,0.3,5,0.2,1x16,242,default,baseline,185.70215949313754,178.89300655019116
mutation_fine,mutation_0.300,43,24,8,16,0.3,5,0.2,1x16,242,default,baseline,190.5291254396517,181.16583713072637
mutation_fine,mutation_0.300,43,24,9,16,0.3,5,0.2,1x16,242,default,baseline,194.1655392555963,187.08810155553545
mutation_fine,mutation_0.300,43,24,10,16,0.3,5,0.2,1x16,242,default,baseline,197.72325107357545,188.54424596490253
mutation_fine,mutation_0.300,43,24,11,16,0.3,5,0.2,1x16,242,default,baseline,207.4518423550502,195.33900114325127
mutation_fine,mutation_0.300,43,24,12,16,0.3,5,0.2,1x16,242,default,baseline,221.088507076962,201.7366049615015
mutation_fine,mutation_0.300,43,24,13,16,0.3,5,0.2,1x16,242,default,baseline,227.01577166577812,213.99050222306406
mutation_fine,mutation_0.300,43,24,14,16,0.3,5,0.2,1x16,242,default,baseline,231.27500191953715,223.64994263661708
mutation_fine,mutation_0.300,43,24,15,16,0.3,5,0.2,1x16,242,default,baseline,236.1614119283169,228.26341594798112
mutation_fine,mutation_0.300,43,24,16,16,0.3,5,0.2,1x16,242,default,baseline,240.64113620758906,230.7730504906138
mutation_fine,mutation_0.300,43,24,17,16,0.3,5,0.2,1x16,242,default,baseline,242.32139144307112,231.16051353400098
mutation_fine,mutation_0.300,43,24,18,16,0.3,5,0.2,1x16,242,default,baseline,243.78763776725123,236.63776593710514
mutation_fine,mutation_0.300,43,24,19,16,0.3,5,0.2,1x16,242,default,baseline,248.03687957459266,240.30199149328632
mutation_fine,mutation_0.300,43,24,20,16,0.3,5,0.2,1x16,242,default,baseline,248.60577889813987,243.36695593129966
mutation_fine,mutation_0.300,43,24,21,16,0.3,5,0.2,1x16,242,default,baseline,250.31253516282067,242.72169543665382
mutation_fine,mutation_0.300,43,24,22,16,0.3,5,0.2,1x16,242,default,baseline,253.1652363388069,247.18575558077328
mutation_fine,mutation_0.300,43,24,23,16,0.3,5,0.2,1x16,242,default,baseline,254.2648279272388,249.84081457183225
mutation_fine,mutation_0.300,43,24,24,16,0.3,5,0.2,1x16,242,default,baseline,254.2648279272388,247.7572203053046
mutation_fine,mutation_0.300,44,24,0,16,0.3,5,0.2,1x16,242,default,baseline,175.29002860123632,118.06396367334293
mutation_fine,mutation_0.300,44,24,1,16,0.3,5,0.2,1x16,242,default,baseline,175.29002860123632,150.51354221996738
mutation_fine,mutation_0.300,44,24,2,16,0.3,5,0.2,1x16,242,default,baseline,179.34918433984313,165.46465862753632
mutation_fine,mutation_0.300,44,24,3,16,0.3,5,0.2,1x16,242,default,baseline,191.41553865778303,174.4317337691749
mutation_fine,mutation_0.300,44,24,4,16,0.3,5,0.2,1x16,242,default,baseline,191.41553865778303,174.6535196042169
mutation_fine,mutation_0.300,44,24,5,16,0.3,5,0.2,1x16,242,default,baseline,200.67205382869486,175.7726465313059
mutation_fine,mutation_0.300,44,24,6,16,0.3,5,0.2,1x16,242,default,baseline,217.09994922682614,185.4610154681193
mutation_fine,mutation_0.300,44,24,7,16,0.3,5,0.2,1x16,242,default,baseline,217.40960048500355,199.46757222278654
mutation_fine,mutation_0.300,44,24,8,16,0.3,5,0.2,1x16,242,default,baseline,224.80939898639502,210.83376746449923
mutation_fine,mutation_0.300,44,24,9,16,0.3,5,0.2,1x16,242,default,baseline,238.43588404686898,220.70054926633003
mutation_fine,mutation_0.300,44,24,10,16,0.3,5,0.2,1x16,242,default,baseline,245.76382547820918,235.34035092391423
mutation_fine,mutation_0.300,44,24,11,16,0.3,5,0.2,1x16,242,default,baseline,246.7135553860339,237.72396465834322
mutation_fine,mutation_0.300,44,24,12,16,0.3,5,0.2,1x16,242,default,baseline,253.78279375288986,242.71262827318264
mutation_fine,mutation_0.300,44,24,13,16,0.3,5,0.2,1x16,242,default,baseline,253.78279375288986,246.19932942560715
mutation_fine,mutation_0.300,44,24,14,16,0.3,5,0.2,1x16,242,default,baseline,253.78279375288986,248.78754908191416
mutation_fine,mutation_0.300,44,24,15,16,0.3,5,0.2,1x16,242,default,baseline,253.81359426276308,250.39992006694183
mutation_fine,mutation_0.300,44,24,16,16,0.3,5,0.2,1x16,242,default,baseline,257.65618777234306,252.50247030409298
mutation_fine,mutation_0.300,44,24,17,16,0.3,5,0.2,1x16,242,default,baseline,258.41335397170144,253.67661603741954
mutation_fine,mutation_0.300,44,24,18,16,0.3,5,0.2,1x16,242,default,baseline,259.6717937495053,253.9122607819791
mutation_fine,mutation_0.300,44,24,19,16,0.3,5,0.2,1x16,242,default,baseline,260.993020554444,257.0136278292562
mutation_fine,mutation_0.300,44,24,20,16,0.3,5,0.2,1x16,242,default,baseline,260.993020554444,256.3328599420385
mutation_fine,mutation_0.300,44,24,21,16,0.3,5,0.2,1x16,242,default,baseline,260.993020554444,257.7867717225845
mutation_fine,mutation_0.300,44,24,22,16,0.3,5,0.2,1x16,242,default,baseline,260.993020554444,258.2878616989967
mutation_fine,mutation_0.300,44,24,23,16,0.3,5,0.2,1x16,242,default,baseline,261.432536978454,258.4245418408011
mutation_fine,mutation_0.300,44,24,24,16,0.3,5,0.2,1x16,242,default,baseline,261.432536978454,258.0566855287633
mutation_fine,mutation_0.300,45,24,0,16,0.3,5,0.2,1x16,242,default,baseline,176.01205572940387,142.46705767544887
mutation_fine,mutation_0.300,45,24,1,16,0.3,5,0.2,1x16,242,default,baseline,176.01205572940387,142.45172036933488
mutation_fine,mutation_0.300,45,24,2,16,0.3,5,0.2,1x16,242,default,baseline,176.10134287038443,166.40035012320408
mutation_fine,mutation_0.300,45,24,3,16,0.3,5,0.2,1x16,242,default,baseline,180.68757547930417,173.9395196629567
mutation_fine,mutation_0.300,45,24,4,16,0.3,5,0.2,1x16,242,default,baseline,180.68757547930417,176.12754705326228
mutation_fine,mutation_0.300,45,24,5,16,0.3,5,0.2,1x16,242,default,baseline,197.3504306721486,180.13055609122412
mutation_fine,mutation_0.300,45,24,6,16,0.3,5,0.2,1x16,242,default,baseline,211.87855809640047,189.4646298950024
mutation_fine,mutation_0.300,45,24,7,16,0.3,5,0.2,1x16,242,default,baseline,218.16670541573362,196.87346539312887
mutation_fine,mutation_0.300,45,24,8,16,0.3,5,0.2,1x16,242,default,baseline,218.16670541573362,206.3885588485194
mutation_fine,mutation_0.300,45,24,9,16,0.3,5,0.2,1x16,242,default,baseline,230.04837241437335,215.07272478741586
mutation_fine,mutation_0.300,45,24,10,16,0.3,5,0.2,1x16,242,default,baseline,240.11041990031356,222.85813936515245
mutation_fine,mutation_0.300,45,24,11,16,0.3,5,0.2,1x16,242,default,baseline,242.98835363048852,230.67652786961685
mutation_fine,mutation_0.300,45,24,12,16,0.3,5,0.2,1x16,242,default,baseline,252.56140133661643,237.78226279809383
mutation_fine,mutation_0.300,45,24,13,16,0.3,5,0.2,1x16,242,default,baseline,252.56140133661643,244.96289079035103
mutation_fine,mutation_0.300,45,24,14,16,0.3,5,0.2,1x16,242,default,baseline,254.08786636322645,247.23414916161084
mutation_fine,mutation_0.300,45,24,15,16,0.3,5,0.2,1x16,242,default,baseline,255.83521576299503,248.67391490704279
mutation_fine,mutation_0.300,45,24,16,16,0.3,5,0.2,1x16,242,default,baseline,255.83521576299503,249.83935157950367
mutation_fine,mutation_0.300,45,24,17,16,0.3,5,0.2,1x16,242,default,baseline,257.09927584467795,248.67915943202843
mutation_fine,mutation_0.300,45,24,18,16,0.3,5,0.2,1x16,242,default,baseline,257.29364171389045,252.05621469659332
mutation_fine,mutation_0.300,45,24,19,16,0.3,5,0.2,1x16,242,default,baseline,258.9353521958699,252.33769122986928
mutation_fine,mutation_0.300,45,24,20,16,0.3,5,0.2,1x16,242,default,baseline,258.9353521958699,253.37379870958597
mutation_fine,mutation_0.300,45,24,21,16,0.3,5,0.2,1x16,242,default,baseline,258.9353521958699,254.83155071589425
mutation_fine,mutation_0.300,45,24,22,16,0.3,5,0.2,1x16,242,default,baseline,258.9353521958699,254.4888974533301
mutation_fine,mutation_0.300,45,24,23,16,0.3,5,0.2,1x16,242,default,baseline,259.7255706276018,255.61911385360835
mutation_fine,mutation_0.300,45,24,24,16,0.3,5,0.2,1x16,242,default,baseline,259.7255706276018,256.57027992865653
mutation_fine,mutation_0.300,46,24,0,16,0.3,5,0.2,1x16,242,default,baseline,164.28817654436307,118.77169150605076
mutation_fine,mutation_0.300,46,24,1,16,0.3,5,0.2,1x16,242,default,baseline,167.28889548868187,147.55050356969184
mutation_fine,mutation_0.300,46,24,2,16,0.3,5,0.2,1x16,242,default,baseline,171.92156857105095,148.1718731157735
mutation_fine,mutation_0.300,46,24,3,16,0.3,5,0.2,1x16,242,default,baseline,175.63857973029133,168.04034990207043
mutation_fine,mutation_0.300,46,24,4,16,0.3,5,0.2,1x16,242,default,baseline,189.46171607937674,173.03323978871225
mutation_fine,mutation_0.300,46,24,5,16,0.3,5,0.2,1x16,242,default,baseline,199.95746887366394,179.57826764622592
mutation_fine,mutation_0.300,46,24,6,16,0.3,5,0.2,1x16,242,default,baseline,212.3150225542273,195.03730584117272
mutation_fine,mutation_0.300,46,24,7,16,0.3,5,0.2,1x16,242,default,baseline,226.65187657472373,209.24100934919568
mutation_fine,mutation_0.300,46,24,8,16,0.3,5,0.2,1x16,242,default,baseline,232.42284988620224,214.92414180788182
mutation_fine,mutation_0.300,46,24,9,16,0.3,5,0.2,1x16,242,default,baseline,241.15431468268667,227.23480290961476
mutation_fine,mutation_0.300,46,24,10,16,0.3,5,0.2,1x16,242,default,baseline,242.56319209290984,231.29366856281425
mutation_fine,mutation_0.300,46,24,11,16,0.3,5,0.2,1x16,242,default,baseline,247.793655308477,237.6461300574256
mutation_fine,mutation_0.300,46,24,12,16,0.3,5,0.2,1x16,242,default,baseline,253.28556999430117,245.09808037317157
mutation_fine,mutation_0.300,46,24,13,16,0.3,5,0.2,1x16,242,default,baseline,255.04064290358215,247.4945443771403
mutation_fine,mutation_0.300,46,24,14,16,0.3,5,0.2,1x16,242,default,baseline,255.04064290358215,250.24211709885074
mutation_fine,mutation_0.300,46,24,15,16,0.3,5,0.2,1x16,242,default,baseline,256.6947875984685,251.29607819512427
mutation_fine,mutation_0.300,46,24,16,16,0.3,5,0.2,1x16,242,default,baseline,259.03862719876344,251.76003284824017
mutation_fine,mutation_0.300,46,24,17,16,0.3,5,0.2,1x16,242,default,baseline,259.97076434446416,256.50914168499617
mutation_fine,mutation_0.300,46,24,18,16,0.3,5,0.2,1x16,242,default,baseline,260.08032237543637,256.4827624501889
mutation_fine,mutation_0.300,46,24,19,16,0.3,5,0.2,1x16,242,default,baseline,260.19980231990905,255.31818054191422
mutation_fine,mutation_0.300,46,24,20,16,0.3,5,0.2,1x16,242,default,baseline,261.2545326795498,256.32616116551304
mutation_fine,mutation_0.300,46,24,21,16,0.3,5,0.2,1x16,242,default,baseline,262.2416953006051,259.4141089533498
mutation_fine,mutation_0.300,46,24,22,16,0.3,5,0.2,1x16,242,default,baseline,262.6189487532647,258.7199734516477
mutation_fine,mutation_0.300,46,24,23,16,0.3,5,0.2,1x16,242,default,baseline,262.6189487532647,259.1095197034437
mutation_fine,mutation_0.300,46,24,24,16,0.3,5,0.2,1x16,242,default,baseline,262.7795476357269,259.32835156093336
long_run,default_0.05_t3,42,36,0,16,0.05,3,0.2,1x16,242,default,baseline,174.64691605755775,123.93725940568496
long_run,default_0.05_t3,42,36,1,16,0.05,3,0.2,1x16,242,default,baseline,174.64691605755775,148.9639298638253
long_run,default_0.05_t3,42,36,2,16,0.05,3,0.2,1x16,242,default,baseline,174.64691605755775,160.42390611248203
long_run,default_0.05_t3,42,36,3,16,0.05,3,0.2,1x16,242,default,baseline,174.64691605755775,157.5669628087997
long_run,default_0.05_t3,42,36,4,16,0.05,3,0.2,1x16,242,default,baseline,175.73311601712504,164.23801538483656
long_run,default_0.05_t3,42,36,5,16,0.05,3,0.2,1x16,242,default,baseline,175.73311601712504,168.56865332272028
long_run,default_0.05_t3,42,36,6,16,0.05,3,0.2,1x16,242,default,baseline,181.04595937421925,163.04693308673495
long_run,default_0.05_t3,42,36,7,16,0.05,3,0.2,1x16,242,default,baseline,181.04595937421925,174.43551415475696
long_run,default_0.05_t3,42,36,8,16,0.05,3,0.2,1x16,242,default,baseline,189.51639930645035,178.40913634734326
long_run,default_0.05_t3,42,36,9,16,0.05,3,0.2,1x16,242,default,baseline,191.06371560566043,181.1986107018677
long_run,default_0.05_t3,42,36,10,16,0.05,3,0.2,1x16,242,default,baseline,192.8684936039523,186.61038690753907
long_run,default_0.05_t3,42,36,11,16,0.05,3,0.2,1x16,242,default,baseline,193.2444389304991,187.59571831130853
long_run,default_0.05_t3,42,36,12,16,0.05,3,0.2,1x16,242,default,baseline,201.46595515347644,191.1277579053972
long_run,default_0.05_t3,42,36,13,16,0.05,3,0.2,1x16,242,default,baseline,201.46595515347644,194.023417998318
long_run,default_0.05_t3,42,36,14,16,0.05,3,0.2,1x16,242,default,baseline,207.9504699640604,195.6492901170945
long_run,default_0.05_t3,42,36,15,16,0.05,3,0.2,1x16,242,default,baseline,216.4896343896622,199.10776492017902
long_run,default_0.05_t3,42,36,16,16,0.05,3,0.2,1x16,242,default,baseline,227.1099939595582,203.47476562359833
long_run,default_0.05_t3,42,36,17,16,0.05,3,0.2,1x16,242,default,baseline,237.04337215376117,215.14617154052345
long_run,default_0.05_t3,42,36,18,16,0.05,3,0.2,1x16,242,default,baseline,237.04337215376117,220.3149075274634
long_run,default_0.05_t3,42,36,19,16,0.05,3,0.2,1x16,242,default,baseline,238.36310551663848,229.36186104740935
long_run,default_0.05_t3,42,36,20,16,0.05,3,0.2,1x16,242,default,baseline,244.53851842371557,234.49206492460644
long_run,default_0.05_t3,42,36,21,16,0.05,3,0.2,1x16,242,default,baseline,246.51885843893393,239.02489897784602
long_run,default_0.05_t3,42,36,22,16,0.05,3,0.2,1x16,242,default,baseline,249.85659201528796,242.89771888162488
long_run,default_0.05_t3,42,36,23,16,0.05,3,0.2,1x16,242,default,baseline,249.85659201528796,245.86792697423815
long_run,default_0.05_t3,42,36,24,16,0.05,3,0.2,1x16,242,default,baseline,251.0851693890619,247.70110690572403
long_run,default_0.05_t3,42,36,25,16,0.05,3,0.2,1x16,242,default,baseline,252.4664920790509,248.5671493908579
long_run,default_0.05_t3,42,36,26,16,0.05,3,0.2,1x16,242,default,baseline,253.18250362138554,250.43588940229702
long_run,default_0.05_t3,42,36,27,16,0.05,3,0.2,1x16,242,default,baseline,254.07956911676595,250.93029590790087
long_run,default_0.05_t3,42,36,28,16,0.05,3,0.2,1x16,242,default,baseline,255.2980072859778,252.9419171173047
long_run,default_0.05_t3,42,36,29,16,0.05,3,0.2,1x16,242,default,baseline,256.8814048306473,253.7945021743979
long_run,default_0.05_t3,42,36,30,16,0.05,3,0.2,1x16,242,default,baseline,257.1811933222126,254.32361398253073
long_run,default_0.05_t3,42,36,31,16,0.05,3,0.2,1x16,242,default,baseline,257.1811933222126,256.0680034167388
long_run,default_0.05_t3,42,36,32,16,0.05,3,0.2,1x16,242,default,baseline,257.4766168770291,256.4984857770205
long_run,default_0.05_t3,42,36,33,16,0.05,3,0.2,1x16,242,default,baseline,258.57623437111016,256.45508107648425
long_run,default_0.05_t3,42,36,34,16,0.05,3,0.2,1x16,242,default,baseline,258.57623437111016,256.72873092890484
long_run,default_0.05_t3,42,36,35,16,0.05,3,0.2,1x16,242,default,baseline,258.57623437111016,257.0450232475599
long_run,default_0.05_t3,42,36,36,16,0.05,3,0.2,1x16,242,default,baseline,259.13781921168083,257.7614390412094
long_run,default_0.05_t3,43,36,0,16,0.05,3,0.2,1x16,242,default,baseline,173.15606138289232,124.72290905134332
long_run,default_0.05_t3,43,36,1,16,0.05,3,0.2,1x16,242,default,baseline,173.15606138289232,150.26430615530128
long_run,default_0.05_t3,43,36,2,16,0.05,3,0.2,1x16,242,default,baseline,173.15606138289232,155.7818541027758
long_run,default_0.05_t3,43,36,3,16,0.05,3,0.2,1x16,242,default,baseline,175.20696020168583,171.69016608388944
long_run,default_0.05_t3,43,36,4,16,0.05,3,0.2,1x16,242,default,baseline,175.31612099456083,173.33880310772213
long_run,default_0.05_t3,43,36,5,16,0.05,3,0.2,1x16,242,default,baseline,180.24178085092962,174.24790519281134
long_run,default_0.05_t3,43,36,6,16,0.05,3,0.2,1x16,242,default,baseline,180.24178085092962,175.49842200187047
long_run,default_0.05_t3,43,36,7,16,0.05,3,0.2,1x16,242,default,baseline,182.05616110824013,178.981723181118
long_run,default_0.05_t3,43,36,8,16,0.05,3,0.2,1x16,242,default,baseline,182.05616110824013,179.45132426114108
long_run,default_0.05_t3,43,36,9,16,0.05,3,0.2,1x16,242,default,baseline,186.91518196252457,181.53860456998507
long_run,default_0.05_t3,43,36,10,16,0.05,3,0.2,1x16,242,default,baseline,187.03660152145164,182.4380819450007
long_run,default_0.05_t3,43,36,11,16,0.05,3,0.2,1x16,242,default,baseline,189.00196249823074,184.75956957294576
long_run,default_0.05_t3,43,36,12,16,0.05,3,0.2,1x16,242,default,baseline,189.9349304646565,186.23837388327925
long_run,default_0.05_t3,43,36,13,16,0.05,3,0.2,1x16,242,default,baseline,199.75401362312607,189.5414680720853
long_run,default_0.05_t3,43,36,14,16,0.05,3,0.2,1x16,242,default,baseline,209.39590334224113,194.90563859023754
long_run,default_0.05_t3,43,36,15,16,0.05,3,0.2,1x16,242,default,baseline,214.22295133408568,203.18287751702397
long_run,default_0.05_t3,43,36,16,16,0.05,3,0.2,1x16,242,default,baseline,219.6539480246475,206.00853187382694
long_run,default_0.05_t3,43,36,17,16,0.05,3,0.2,1x16,242,default,baseline,219.6539480246475,214.1696783545881
long_run,default_0.05_t3,43,36,18,16,0.05,3,0.2,1x16,242,default,baseline,223.7524350579347,216.4433647922316
long_run,default_0.05_t3,43,36,19,16,0.05,3,0.2,1x16,242,default,baseline,225.37433233571136,220.78950073095154
long_run,default_0.05_t3,43,36,20,16,0.05,3,0.2,1x16,242,default,baseline,227.36087570613455,221.83611540537973
long_run,default_0.05_t3,43,36,21,16,0.05,3,0.2,1x16,242,default,baseline,227.36087570613455,222.82336974762856
long_run,default_0.05_t3,43,36,22,16,0.05,3,0.2,1x16,242,default,baseline,227.61307876818015,225.31617761683515
long_run,default_0.05_t3,43,36,23,16,0.05,3,0.2,1x16,242,default,baseline,228.56808074663303,225.473992653923
long_run,default_0.05_t3,43,36,24,16,0.05,3,0.2,1x16,242,default,baseline,229.11948911724846,226.33227089892588
long_run,default_0.05_t3,43,36,25,16,0.05,3,0.2,1x16,242,default,baseline,229.92368801310968,227.4136223782155
long_run,default_0.05_t3,43,36,26,16,0.05,3,0.2,1x16,242,default,baseline,233.53191255091667,228.121492943022
long_run,default_0.05_t3,43,36,27,16,0.05,3,0.2,1x16,242,default,baseline,233.8367565779858,230.37407057551647
long_run,default_0.05_t3,43,36,28,16,0.05,3,0.2,1x16,242,default,baseline,235.26556280540552,231.8488464864032
long_run,default_0.05_t3,43,36,29,16,0.05,3,0.2,1x16,242,default,baseline,235.26556280540552,232.96953974067836
long_run,default_0.05_t3,43,36,30,16,0.05,3,0.2,1x16,242,default,baseline,235.26556280540552,234.04698755610707
long_run,default_0.05_t3,43,36,31,16,0.05,3,0.2,1x16,242,default,baseline,235.72365180952255,234.13184457484925
long_run,default_0.05_t3,43,36,32,16,0.05,3,0.2,1x16,242,default,baseline,235.96854621398205,234.55126772838122
long_run,default_0.05_t3,43,36,33,16,0.05,3,0.2,1x16,242,default,baseline,236.46013213910828,234.90910078848404
long_run,default_0.05_t3,43,36,34,16,0.05,3,0.2,1x16,242,default,baseline,237.49794555895704,234.65401051457258
long_run,default_0.05_t3,43,36,35,16,0.05,3,0.2,1x16,242,default,baseline,241.65157812262282,235.89527755681223
long_run,default_0.05_t3,43,36,36,16,0.05,3,0.2,1x16,242,default,baseline,242.26148948100558,237.6021922609112
long_run,default_0.05_t3,44,36,0,16,0.05,3,0.2,1x16,242,default,baseline,175.29002860123632,118.06396367334293
long_run,default_0.05_t3,44,36,1,16,0.05,3,0.2,1x16,242,default,baseline,175.29002860123632,142.8012149356842
long_run,default_0.05_t3,44,36,2,16,0.05,3,0.2,1x16,242,default,baseline,175.29002860123632,147.38241187368334
long_run,default_0.05_t3,44,36,3,16,0.05,3,0.2,1x16,242,default,baseline,177.83604623900192,156.2075035736162
long_run,default_0.05_t3,44,36,4,16,0.05,3,0.2,1x16,242,default,baseline,177.83604623900192,163.223931782735
long_run,default_0.05_t3,44,36,5,16,0.05,3,0.2,1x16,242,default,baseline,179.66967597423496,168.7956577141074
long_run,default_0.05_t3,44,36,6,16,0.05,3,0.2,1x16,242,default,baseline,181.09260359106992,174.38187855523648
long_run,default_0.05_t3,44,36,7,16,0.05,3,0.2,1x16,242,default,baseline,189.2888332219806,179.64147050188967
long_run,default_0.05_t3,44,36,8,16,0.05,3,0.2,1x16,242,default,baseline,189.2888332219806,182.33397063633055
long_run,default_0.05_t3,44,36,9,16,0.05,3,0.2,1x16,242,default,baseline,192.08896761475634,181.58487650369852
long_run,default_0.05_t3,44,36,10,16,0.05,3,0.2,1x16,242,default,baseline,200.63761965609177,182.97355984320444
long_run,default_0.05_t3,44,36,11,16,0.05,3,0.2,1x16,242,default,baseline,200.63761965609177,185.45593433601596
long_run,default_0.05_t3,44,36,12,16,0.05,3,0.2,1x16,242,default,baseline,200.63761965609177,190.51760049039893
long_run,default_0.05_t3,44,36,13,16,0.05,3,0.2,1x16,242,default,baseline,200.63761965609177,189.02587691018977
long_run,default_0.05_t3,44,36,14,16,0.05,3,0.2,1x16,242,default,baseline,205.75322429889232,193.62082110042547
long_run,default_0.05_t3,44,36,15,16,0.05,3,0.2,1x16,242,default,baseline,211.130467051269,198.30842748608612
long_run,default_0.05_t3,44,36,16,16,0.05,3,0.2,1x16,242,default,baseline,218.06895174320277,204.0218192779036
long_run,default_0.05_t3,44,36,17,16,0.05,3,0.2,1x16,242,default,baseline,223.46804655084264,209.86007018268162
long_run,default_0.05_t3,44,36,18,16,0.05,3,0.2,1x16,242,default,baseline,233.22640213152405,215.7187192256182
long_run,default_0.05_t3,44,36,19,16,0.05,3,0.2,1x16,242,default,baseline,238.37767987235574,224.5474181784976
long_run,default_0.05_t3,44,36,20,16,0.05,3,0.2,1x16,242,default,baseline,239.78409147033307,232.2379019330251
long_run,default_0.05_t3,44,36,21,16,0.05,3,0.2,1x16,242,default,baseline,239.98692203473001,235.52293999181802
long_run,default_0.05_t3,44,36,22,16,0.05,3,0.2,1x16,242,default,baseline,244.64785707639834,238.81984234204907
long_run,default_0.05_t3,44,36,23,16,0.05,3,0.2,1x16,242,default,baseline,246.3590526610579,242.20419495980687
long_run,default_0.05_t3,44,36,24,16,0.05,3,0.2,1x16,242,default,baseline,249.45251883665793,244.36452389035423
long_run,default_0.05_t3,44,36,25,16,0.05,3,0.2,1x16,242,default,baseline,249.89200117816983,245.62271109683553
long_run,default_0.05_t3,44,36,26,16,0.05,3,0.2,1x16,242,default,baseline,249.99256329611717,246.03604929063792
long_run,default_0.05_t3,44,36,27,16,0.05,3,0.2,1x16,242,default,baseline,251.10172419143936,248.20254674739178
long_run,default_0.05_t3,44,36,28,16,0.05,3,0.2,1x16,242,default,baseline,252.59115599557936,249.2238214341742
long_run,default_0.05_t3,44,36,29,16,0.05,3,0.2,1x16,242,default,baseline,254.19764672648225,251.07011214834498
long_run,default_0.05_t3,44,36,30,16,0.05,3,0.2,1x16,242,default,baseline,255.77150548343553,252.82741585539804
long_run,default_0.05_t3,44,36,31,16,0.05,3,0.2,1x16,242,default,baseline,256.6234168809252,253.04439475250922
long_run,default_0.05_t3,44,36,32,16,0.05,3,0.2,1x16,242,default,baseline,256.6234168809252,255.14826634362407
long_run,default_0.05_t3,44,36,33,16,0.05,3,0.2,1x16,242,default,baseline,257.35908188121005,255.5576270047722
long_run,default_0.05_t3,44,36,34,16,0.05,3,0.2,1x16,242,default,baseline,257.4755920233757,256.1253733792372
long_run,default_0.05_t3,44,36,35,16,0.05,3,0.2,1x16,242,default,baseline,258.4289057261522,256.98295031138696
long_run,default_0.05_t3,44,36,36,16,0.05,3,0.2,1x16,242,default,baseline,258.71846681355703,257.24625411283364
long_run,default_0.05_t3,45,36,0,16,0.05,3,0.2,1x16,242,default,baseline,176.01205572940387,142.46705767544887
long_run,default_0.05_t3,45,36,1,16,0.05,3,0.2,1x16,242,default,baseline,177.73223184149572,147.8760310440803
long_run,default_0.05_t3,45,36,2,16,0.05,3,0.2,1x16,242,default,baseline,177.73223184149572,159.56246091799306
long_run,default_0.05_t3,45,36,3,16,0.05,3,0.2,1x16,242,default,baseline,177.73223184149572,162.43450689883852
long_run,default_0.05_t3,45,36,4,16,0.05,3,0.2,1x16,242,default,baseline,178.46264546862287,168.77765550339805
long_run,default_0.05_t3,45,36,5,16,0.05,3,0.2,1x16,242,default,baseline,178.46264546862287,167.41593134159058
long_run,default_0.05_t3,45,36,6,16,0.05,3,0.2,1x16,242,default,baseline,178.89617793678488,167.54796963726827
long_run,default_0.05_t3,45,36,7,16,0.05,3,0.2,1x16,242,default,baseline,182.82137749178833,168.72293427591333
long_run,default_0.05_t3,45,36,8,16,0.05,3,0.2,1x16,242,default,baseline,185.66144656506373,173.04232867580882
long_run,default_0.05_t3,45,36,9,16,0.05,3,0.2,1x16,242,default,baseline,186.30776380690168,174.86101919754347
long_run,default_0.05_t3,45,36,10,16,0.05,3,0.2,1x16,242,default,baseline,189.51854683998147,182.40526096441846
long_run,default_0.05_t3,45,36,11,16,0.05,3,0.2,1x16,242,default,baseline,189.51854683998147,183.0187276783745
long_run,default_0.05_t3,45,36,12,16,0.05,3,0.2,1x16,242,default,baseline,199.863880371178,185.13892007111127
long_run,default_0.05_t3,45,36,13,16,0.05,3,0.2,1x16,242,default,baseline,199.863880371178,185.61016324853185
long_run,default_0.05_t3,45,36,14,16,0.05,3,0.2,1x16,242,default,baseline,200.9866140871349,191.31758023163684
long_run,default_0.05_t3,45,36,15,16,0.05,3,0.2,1x16,242,default,baseline,201.8941922020898,197.52308601814832
long_run,default_0.05_t3,45,36,16,16,0.05,3,0.2,1x16,242,default,baseline,206.79207407547727,198.38445050094984
long_run,default_0.05_t3,45,36,17,16,0.05,3,0.2,1x16,242,default,baseline,206.97717357132157,199.4908913821605
long_run,default_0.05_t3,45,36,18,16,0.05,3,0.2,1x16,242,default,baseline,218.34796738863503,202.0030061328317
long_run,default_0.05_t3,45,36,19,16,0.05,3,0.2,1x16,242,default,baseline,218.34796738863503,206.35469216506485
long_run,default_0.05_t3,45,36,20,16,0.05,3,0.2,1x16,242,default,baseline,218.92592674087462,212.31469148509183
long_run,default_0.05_t3,45,36,21,16,0.05,3,0.2,1x16,242,default,baseline,221.42580963507865,216.3668489055105
long_run,default_0.05_t3,45,36,22,16,0.05,3,0.2,1x16,242,default,baseline,224.60984730392255,218.1089437372349
long_run,default_0.05_t3,45,36,23,16,0.05,3,0.2,1x16,242,default,baseline,224.96177014417503,221.36248035278388
long_run,default_0.05_t3,45,36,24,16,0.05,3,0.2,1x16,242,default,baseline,225.3703768733919,221.4238239914401
long_run,default_0.05_t3,45,36,25,16,0.05,3,0.2,1x16,242,default,baseline,230.11583309208504,224.40457401111328
long_run,default_0.05_t3,45,36,26,16,0.05,3,0.2,1x16,242,default,baseline,232.38421303782857,225.26384309994415
long_run,default_0.05_t3,45,36,27,16,0.05,3,0.2,1x16,242,default,baseline,235.30473766855056,229.10400287401427
long_run,default_0.05_t3,45,36,28,16,0.05,3,0.2,1x16,242,default,baseline,236.84042576300735,233.0739324002336
long_run,default_0.05_t3,45,36,29,16,0.05,3,0.2,1x16,242,default,baseline,240.07220114537571,234.39920351108682
long_run,default_0.05_t3,45,36,30,16,0.05,3,0.2,1x16,242,default,baseline,242.95676646018242,236.76389134176634
long_run,default_0.05_t3,45,36,31,16,0.05,3,0.2,1x16,242,default,baseline,244.59345846660932,239.91864097605858
long_run,default_0.05_t3,45,36,32,16,0.05,3,0.2,1x16,242,default,baseline,245.21458208889794,242.4239703028324
long_run,default_0.05_t3,45,36,33,16,0.05,3,0.2,1x16,242,default,baseline,246.5848231451992,243.87248111264938
long_run,default_0.05_t3,45,36,34,16,0.05,3,0.2,1x16,242,default,baseline,247.3851166286126,245.3387832435639
long_run,default_0.05_t3,45,36,35,16,0.05,3,0.2,1x16,242,default,baseline,247.3851166286126,244.90715252998066
long_run,default_0.05_t3,45,36,36,16,0.05,3,0.2,1x16,242,default,baseline,248.34641140367646,245.97256683883194
long_run,default_0.05_t3,46,36,0,16,0.05,3,0.2,1x16,242,default,baseline,164.28817654436307,118.77169150605076
long_run,default_0.05_t3,46,36,1,16,0.05,3,0.2,1x16,242,default,baseline,166.87221288199402,139.34256734628065
long_run,default_0.05_t3,46,36,2,16,0.05,3,0.2,1x16,242,default,baseline,166.93555242352002,133.99019957135062
long_run,default_0.05_t3,46,36,3,16,0.05,3,0.2,1x16,242,default,baseline,166.93555242352002,146.61924826326018
long_run,default_0.05_t3,46,36,4,16,0.05,3,0.2,1x16,242,default,baseline,174.82843892613505,137.13317806451641
long_run,default_0.05_t3,46,36,5,16,0.05,3,0.2,1x16,242,default,baseline,174.82843892613505,152.03120768010567
long_run,default_0.05_t3,46,36,6,16,0.05,3,0.2,1x16,242,default,baseline,174.82843892613505,162.68203178902016
long_run,default_0.05_t3,46,36,7,16,0.05,3,0.2,1x16,242,default,baseline,177.30232748102048,170.04325662442872
long_run,default_0.05_t3,46,36,8,16,0.05,3,0.2,1x16,242,default,baseline,179.20573863583627,171.9795126758786
long_run,default_0.05_t3,46,36,9,16,0.05,3,0.2,1x16,242,default,baseline,192.00101701773895,175.6358067725045
long_run,default_0.05_t3,46,36,10,16,0.05,3,0.2,1x16,242,default,baseline,192.00101701773895,179.0645598881805
long_run,default_0.05_t3,46,36,11,16,0.05,3,0.2,1x16,242,default,baseline,192.00101701773895,181.78074531744412
long_run,default_0.05_t3,46,36,12,16,0.05,3,0.2,1x16,242,default,baseline,193.62118705979185,187.562347723078
long_run,default_0.05_t3,46,36,13,16,0.05,3,0.2,1x16,242,default,baseline,193.62118705979185,191.08509605366575
long_run,default_0.05_t3,46,36,14,16,0.05,3,0.2,1x16,242,default,baseline,195.23838270335372,191.8612251206684
long_run,default_0.05_t3,46,36,15,16,0.05,3,0.2,1x16,242,default,baseline,195.23838270335372,192.67425051350335
long_run,default_0.05_t3,46,36,16,16,0.05,3,0.2,1x16,242,default,baseline,197.36670242282867,194.31076189686704
long_run,default_0.05_t3,46,36,17,16,0.05,3,0.2,1x16,242,default,baseline,216.01663433129906,197.17547728275008
long_run,default_0.05_t3,46,36,18,16,0.05,3,0.2,1x16,242,default,baseline,216.01663433129906,201.8825129511469
long_run,default_0.05_t3,46,36,19,16,0.05,3,0.2,1x16,242,default,baseline,216.16203403940082,207.19752855220105
long_run,default_0.05_t3,46,36,20,16,0.05,3,0.2,1x16,242,default,baseline,216.60832278741512,210.78212518395384
long_run,default_0.05_t3,46,36,21,16,0.05,3,0.2,1x16,242,default,baseline,217.61280430817408,212.84496039779657
long_run,default_0.05_t3,46,36,22,16,0.05,3,0.2,1x16,242,default,baseline,220.029409869411,215.7940313101303
long_run,default_0.05_t3,46,36,23,16,0.05,3,0.2,1x16,242,default,baseline,223.98176840635318,217.83861908084316
long_run,default_0.05_t3,46,36,24,16,0.05,3,0.2,1x16,242,default,baseline,223.98176840635318,219.9842454555607
long_run,default_0.05_t3,46,36,25,16,0.05,3,0.2,1x16,242,default,baseline,226.02083491598898,222.89366835931418
long_run,default_0.05_t3,46,36,26,16,0.05,3,0.2,1x16,242,default,baseline,231.66261010162168,224.4303881377785
long_run,default_0.05_t3,46,36,27,16,0.05,3,0.2,1x16,242,default,baseline,231.66261010162168,226.42590397221772
long_run,default_0.05_t3,46,36,28,16,0.05,3,0.2,1x16,242,default,baseline,231.66261010162168,227.8741326397535
long_run,default_0.05_t3,46,36,29,16,0.05,3,0.2,1x16,242,default,baseline,238.4659092704153,229.27596675371592
long_run,default_0.05_t3,46,36,30,16,0.05,3,0.2,1x16,242,default,baseline,238.4659092704153,232.11111480326718
long_run,default_0.05_t3,46,36,31,16,0.05,3,0.2,1x16,242,default,baseline,239.0124519532086,234.31746882480255
long_run,default_0.05_t3,46,36,32,16,0.05,3,0.2,1x16,242,default,baseline,240.50220098440454,236.82034536160785
long_run,default_0.05_t3,46,36,33,16,0.05,3,0.2,1x16,242,default,baseline,241.7462209584689,238.5868745666621
long_run,default_0.05_t3,46,36,34,16,0.05,3,0.2,1x16,242,default,baseline,242.91006981854693,239.4297016587407
long_run,default_0.05_t3,46,36,35,16,0.05,3,0.2,1x16,242,default,baseline,245.90020644978318,240.64238499598477
long_run,default_0.05_t3,46,36,36,16,0.05,3,0.2,1x16,242,default,baseline,245.90020644978318,242.70102948377857
long_run,fast_0.20_t5,42,36,0,16,0.2,5,0.2,1x16,242,default,baseline,174.64691605755775,123.93725940568496
long_run,fast_0.20_t5,42,36,1,16,0.2,5,0.2,1x16,242,default,baseline,174.64691605755775,143.06426926603922
long_run,fast_0.20_t5,42,36,2,16,0.2,5,0.2,1x16,242,default,baseline,178.9474375016876,166.54738463789363
long_run,fast_0.20_t5,42,36,3,16,0.2,5,0.2,1x16,242,default,baseline,188.94087692695587,173.46737204221944
long_run,fast_0.20_t5,42,36,4,16,0.2,5,0.2,1x16,242,default,baseline,194.11362691733444,180.49337880519576
long_run,fast_0.20_t5,42,36,5,16,0.2,5,0.2,1x16,242,default,baseline,202.01973464856437,189.11958249784135
long_run,fast_0.20_t5,42,36,6,16,0.2,5,0.2,1x16,242,default,baseline,202.39452677303717,190.9196168381185
long_run,fast_0.20_t5,42,36,7,16,0.2,5,0.2,1x16,242,default,baseline,223.57172190586513,197.02741676941744
long_run,fast_0.20_t5,42,36,8,16,0.2,5,0.2,1x16,242,default,baseline,225.71356264381217,209.728685048481
long_run,fast_0.20_t5,42,36,9,16,0.2,5,0.2,1x16,242,default,baseline,231.46607825798435,219.30997420296532
long_run,fast_0.20_t5,42,36,10,16,0.2,5,0.2,1x16,242,default,baseline,234.05622387295222,224.7941175620453
long_run,fast_0.20_t5,42,36,11,16,0.2,5,0.2,1x16,242,default,baseline,242.66807642129731,227.8193339105415
long_run,fast_0.20_t5,42,36,12,16,0.2,5,0.2,1x16,242,default,baseline,243.15967294142737,237.27806150414068
long_run,fast_0.20_t5,42,36,13,16,0.2,5,0.2,1x16,242,default,baseline,245.05779914309412,240.54307131347042
long_run,fast_0.20_t5,42,36,14,16,0.2,5,0.2,1x16,242,default,baseline,245.05779914309412,241.64640253598228
long_run,fast_0.20_t5,42,36,15,16,0.2,5,0.2,1x16,242,default,baseline,248.67581212137156,243.58203429336973
long_run,fast_0.20_t5,42,36,16,16,0.2,5,0.2,1x16,242,default,baseline,255.603935540985,247.78879906212137
long_run,fast_0.20_t5,42,36,17,16,0.2,5,0.2,1x16,242,default,baseline,255.603935540985,250.64566993686907
long_run,fast_0.20_t5,42,36,18,16,0.2,5,0.2,1x16,242,default,baseline,255.86449488359804,253.60391137565466
long_run,fast_0.20_t5,42,36,19,16,0.2,5,0.2,1x16,242,default,baseline,257.1471868408097,254.17448857559114
long_run,fast_0.20_t5,42,36,20,16,0.2,5,0.2,1x16,242,default,baseline,257.1471868408097,254.6818966916717
long_run,fast_0.20_t5,42,36,21,16,0.2,5,0.2,1x16,242,default,baseline,257.6149716600046,255.41857567909477
long_run,fast_0.20_t5,42,36,22,16,0.2,5,0.2,1x16,242,default,baseline,258.6648096537491,255.87962613839304
long_run,fast_0.20_t5,42,36,23,16,0.2,5,0.2,1x16,242,default,baseline,260.6576240430328,256.9576131006578
long_run,fast_0.20_t5,42,36,24,16,0.2,5,0.2,1x16,242,default,baseline,260.6576240430328,258.089552421786
long_run,fast_0.20_t5,42,36,25,16,0.2,5,0.2,1x16,242,default,baseline,261.66260968896734,259.3375648058223
long_run,fast_0.20_t5,42,36,26,16,0.2,5,0.2,1x16,242,default,baseline,262.6213294629631,260.0119558461207
long_run,fast_0.20_t5,42,36,27,16,0.2,5,0.2,1x16,242,default,baseline,263.5941823601569,261.5275899948763
long_run,fast_0.20_t5,42,36,28,16,0.2,5,0.2,1x16,242,default,baseline,263.5941823601569,261.5756954058262
long_run,fast_0.20_t5,42,36,29,16,0.2,5,0.2,1x16,242,default,baseline,264.11203047214974,261.6520085878571
long_run,fast_0.20_t5,42,36,30,16,0.2,5,0.2,1x16,242,default,baseline,264.32136883434316,262.02917307239454
long_run,fast_0.20_t5,42,36,31,16,0.2,5,0.2,1x16,242,default,baseline,264.32136883434316,262.0353662153486
long_run,fast_0.20_t5,42,36,32,16,0.2,5,0.2,1x16,242,default,baseline,264.32136883434316,261.6547872364454
long_run,fast_0.20_t5,42,36,33,16,0.2,5,0.2,1x16,242,default,baseline,264.32136883434316,262.4731509403468
long_run,fast_0.20_t5,42,36,34,16,0.2,5,0.2,1x16,242,default,baseline,264.32136883434316,261.6501437734958
long_run,fast_0.20_t5,42,36,35,16,0.2,5,0.2,1x16,242,default,baseline,264.32136883434316,261.82376978249295
long_run,fast_0.20_t5,42,36,36,16,0.2,5,0.2,1x16,242,default,baseline,264.32136883434316,262.6123467156943
long_run,fast_0.20_t5,43,36,0,16,0.2,5,0.2,1x16,242,default,baseline,173.15606138289232,124.72290905134332
long_run,fast_0.20_t5,43,36,1,16,0.2,5,0.2,1x16,242,default,baseline,174.46661892111462,155.17287648197288
long_run,fast_0.20_t5,43,36,2,16,0.2,5,0.2,1x16,242,default,baseline,174.46661892111462,168.7378950380152
long_run,fast_0.20_t5,43,36,3,16,0.2,5,0.2,1x16,242,default,baseline,176.08781215000224,171.05913587904092
long_run,fast_0.20_t5,43,36,4,16,0.2,5,0.2,1x16,242,default,baseline,176.43678841498877,171.62161071970937
long_run,fast_0.20_t5,43,36,5,16,0.2,5,0.2,1x16,242,default,baseline,186.47726341018813,172.955216518761
long_run,fast_0.20_t5,43,36,6,16,0.2,5,0.2,1x16,242,default,baseline,198.4481839979593,178.97703302482546
long_run,fast_0.20_t5,43,36,7,16,0.2,5,0.2,1x16,242,default,baseline,204.0163301882029,185.56241899039372
long_run,fast_0.20_t5,43,36,8,16,0.2,5,0.2,1x16,242,default,baseline,210.9846907921556,195.98070623100904
long_run,fast_0.20_t5,43,36,9,16,0.2,5,0.2,1x16,242,default,baseline,210.9846907921556,203.67127132625197
long_run,fast_0.20_t5,43,36,10,16,0.2,5,0.2,1x16,242,default,baseline,213.27146063138173,206.98641309300325
long_run,fast_0.20_t5,43,36,11,16,0.2,5,0.2,1x16,242,default,baseline,218.34317669531666,210.28355533833604
long_run,fast_0.20_t5,43,36,12,16,0.2,5,0.2,1x16,242,default,baseline,223.41502831588008,211.17064423524025
long_run,fast_0.20_t5,43,36,13,16,0.2,5,0.2,1x16,242,default,baseline,231.75767691130184,217.43367264710102
long_run,fast_0.20_t5,43,36,14,16,0.2,5,0.2,1x16,242,default,baseline,238.71370919869116,227.39027566599714
long_run,fast_0.20_t5,43,36,15,16,0.2,5,0.2,1x16,242,default,baseline,239.58447083315843,231.87242082172133
long_run,fast_0.20_t5,43,36,16,16,0.2,5,0.2,1x16,242,default,baseline,246.44842604258628,236.81504640094246
long_run,fast_0.20_t5,43,36,17,16,0.2,5,0.2,1x16,242,default,baseline,249.949679259721,240.66786334188953
long_run,fast_0.20_t5,43,36,18,16,0.2,5,0.2,1x16,242,default,baseline,249.949679259721,243.65965173420466
long_run,fast_0.20_t5,43,36,19,16,0.2,5,0.2,1x16,242,default,baseline,249.949679259721,245.56056936887762
long_run,fast_0.20_t5,43,36,20,16,0.2,5,0.2,1x16,242,default,baseline,249.949679259721,246.4294575744829
long_run,fast_0.20_t5,43,36,21,16,0.2,5,0.2,1x16,242,default,baseline,255.00271652761535,247.03266492341697
long_run,fast_0.20_t5,43,36,22,16,0.2,5,0.2,1x16,242,default,baseline,259.1051882963696,250.0807298231397
long_run,fast_0.20_t5,43,36,23,16,0.2,5,0.2,1x16,242,default,baseline,259.1051882963696,253.2022233491883
long_run,fast_0.20_t5,43,36,24,16,0.2,5,0.2,1x16,242,default,baseline,259.1051882963696,256.4680480296111
long_run,fast_0.20_t5,43,36,25,16,0.2,5,0.2,1x16,242,default,baseline,260.4676153105041,257.0013470305864
long_run,fast_0.20_t5,43,36,26,16,0.2,5,0.2,1x16,242,default,baseline,260.49305084385037,257.91758983442884
long_run,fast_0.20_t5,43,36,27,16,0.2,5,0.2,1x16,242,default,baseline,261.43652436086046,258.5966919124045
long_run,fast_0.20_t5,43,36,28,16,0.2,5,0.2,1x16,242,default,baseline,261.43652436086046,259.01670572763567
long_run,fast_0.20_t5,43,36,29,16,0.2,5,0.2,1x16,242,default,baseline,261.43652436086046,258.1266464391044
long_run,fast_0.20_t5,43,36,30,16,0.2,5,0.2,1x16,242,default,baseline,261.47578133787914,258.9274951620958
long_run,fast_0.20_t5,43,36,31,16,0.2,5,0.2,1x16,242,default,baseline,262.0508038599376,259.39515361473843
long_run,fast_0.20_t5,43,36,32,16,0.2,5,0.2,1x16,242,default,baseline,262.09563225939064,259.51602389292225
long_run,fast_0.20_t5,43,36,33,16,0.2,5,0.2,1x16,242,default,baseline,262.74110382868054,259.7482466747977
long_run,fast_0.20_t5,43,36,34,16,0.2,5,0.2,1x16,242,default,baseline,262.74110382868054,259.41137925171734
long_run,fast_0.20_t5,43,36,35,16,0.2,5,0.2,1x16,242,default,baseline,263.5365169042867,260.30354023267466
long_run,fast_0.20_t5,43,36,36,16,0.2,5,0.2,1x16,242,default,baseline,263.5365169042867,260.49139972113596
long_run,fast_0.20_t5,44,36,0,16,0.2,5,0.2,1x16,242,default,baseline,175.29002860123632,118.06396367334293
long_run,fast_0.20_t5,44,36,1,16,0.2,5,0.2,1x16,242,default,baseline,175.29002860123632,151.04762006075674
long_run,fast_0.20_t5,44,36,2,16,0.2,5,0.2,1x16,242,default,baseline,178.57348754481683,163.35558727470894
long_run,fast_0.20_t5,44,36,3,16,0.2,5,0.2,1x16,242,default,baseline,181.57107558256598,168.7975550878852
long_run,fast_0.20_t5,44,36,4,16,0.2,5,0.2,1x16,242,default,baseline,184.87153009413623,177.94501924734436
long_run,fast_0.20_t5,44,36,5,16,0.2,5,0.2,1x16,242,default,baseline,192.50220935880253,181.35937871724468
long_run,fast_0.20_t5,44,36,6,16,0.2,5,0.2,1x16,242,default,baseline,205.26103338431483,185.37904369844023
long_run,fast_0.20_t5,44,36,7,16,0.2,5,0.2,1x16,242,default,baseline,207.5357034862875,192.85172033137138
long_run,fast_0.20_t5,44,36,8,16,0.2,5,0.2,1x16,242,default,baseline,210.17737082993955,199.29779073457334
long_run,fast_0.20_t5,44,36,9,16,0.2,5,0.2,1x16,242,default,baseline,223.02226619926768,208.27560564138432
long_run,fast_0.20_t5,44,36,10,16,0.2,5,0.2,1x16,242,default,baseline,223.02226619926768,214.34979826375385
long_run,fast_0.20_t5,44,36,11,16,0.2,5,0.2,1x16,242,default,baseline,230.80174124536364,215.00153353789733
long_run,fast_0.20_t5,44,36,12,16,0.2,5,0.2,1x16,242,default,baseline,233.38902461327223,222.78509664135817
long_run,fast_0.20_t5,44,36,13,16,0.2,5,0.2,1x16,242,default,baseline,238.44950549791577,230.23745515854938
long_run,fast_0.20_t5,44,36,14,16,0.2,5,0.2,1x16,242,default,baseline,240.28671473201672,233.35563792048248
long_run,fast_0.20_t5,44,36,15,16,0.2,5,0.2,1x16,242,default,baseline,242.94032534067537,233.85362597019522
long_run,fast_0.20_t5,44,36,16,16,0.2,5,0.2,1x16,242,default,baseline,244.9188294097308,240.3398617142887
long_run,fast_0.20_t5,44,36,17,16,0.2,5,0.2,1x16,242,default,baseline,248.94378384478904,243.34153212700133
long_run,fast_0.20_t5,44,36,18,16,0.2,5,0.2,1x16,242,default,baseline,251.29216340526347,246.69716226910577
long_run,fast_0.20_t5,44,36,19,16,0.2,5,0.2,1x16,242,default,baseline,252.89108154654906,247.80085640414296
long_run,fast_0.20_t5,44,36,20,16,0.2,5,0.2,1x16,242,default,baseline,252.89108154654906,248.87982025957297
long_run,fast_0.20_t5,44,36,21,16,0.2,5,0.2,1x16,242,default,baseline,255.34390528688812,250.18329774021456
long_run,fast_0.20_t5,44,36,22,16,0.2,5,0.2,1x16,242,default,baseline,255.34390528688812,250.1482334697469
long_run,fast_0.20_t5,44,36,23,16,0.2,5,0.2,1x16,242,default,baseline,257.37512002234195,253.09881987652267
long_run,fast_0.20_t5,44,36,24,16,0.2,5,0.2,1x16,242,default,baseline,257.37512002234195,253.48506399185416
long_run,fast_0.20_t5,44,36,25,16,0.2,5,0.2,1x16,242,default,baseline,257.37512002234195,255.18598446856274
long_run,fast_0.20_t5,44,36,26,16,0.2,5,0.2,1x16,242,default,baseline,259.28608059530865,253.92082631058452
long_run,fast_0.20_t5,44,36,27,16,0.2,5,0.2,1x16,242,default,baseline,259.75862746591883,255.77288292919383
long_run,fast_0.20_t5,44,36,28,16,0.2,5,0.2,1x16,242,default,baseline,259.75862746591883,256.62093361406914
long_run,fast_0.20_t5,44,36,29,16,0.2,5,0.2,1x16,242,default,baseline,261.0859873327267,257.81167860345727
long_run,fast_0.20_t5,44,36,30,16,0.2,5,0.2,1x16,242,default,baseline,261.1558849749006,259.18126679819716
long_run,fast_0.20_t5,44,36,31,16,0.2,5,0.2,1x16,242,default,baseline,261.1558849749006,258.9400075383113
long_run,fast_0.20_t5,44,36,32,16,0.2,5,0.2,1x16,242,default,baseline,261.8003404634814,259.0849130856044
long_run,fast_0.20_t5,44,36,33,16,0.2,5,0.2,1x16,242,default,baseline,261.8003404634814,258.40296271600556
long_run,fast_0.20_t5,44,36,34,16,0.2,5,0.2,1x16,242,default,baseline,261.8003404634814,258.5583766160972
long_run,fast_0.20_t5,44,36,35,16,0.2,5,0.2,1x16,242,default,baseline,263.0547085542213,260.0658036794424
long_run,fast_0.20_t5,44,36,36,16,0.2,5,0.2,1x16,242,default,baseline,263.25731836472505,260.7437040914133
long_run,fast_0.20_t5,45,36,0,16,0.2,5,0.2,1x16,242,default,baseline,176.01205572940387,142.46705767544887
long_run,fast_0.20_t5,45,36,1,16,0.2,5,0.2,1x16,242,default,baseline,176.01205572940387,143.2882752278867
long_run,fast_0.20_t5,45,36,2,16,0.2,5,0.2,1x16,242,default,baseline,176.90116497251313,166.23421962905803
long_run,fast_0.20_t5,45,36,3,16,0.2,5,0.2,1x16,242,default,baseline,178.27912999645343,175.64894050687388
long_run,fast_0.20_t5,45,36,4,16,0.2,5,0.2,1x16,242,default,baseline,178.53263423517558,176.1669604352556
long_run,fast_0.20_t5,45,36,5,16,0.2,5,0.2,1x16,242,default,baseline,180.7758926243834,176.5525854637374
long_run,fast_0.20_t5,45,36,6,16,0.2,5,0.2,1x16,242,default,baseline,180.7758926243834,177.71427444600084
long_run,fast_0.20_t5,45,36,7,16,0.2,5,0.2,1x16,242,default,baseline,184.40908051414402,178.45559709117296
long_run,fast_0.20_t5,45,36,8,16,0.2,5,0.2,1x16,242,default,baseline,188.8656932748435,180.81548639360676
long_run,fast_0.20_t5,45,36,9,16,0.2,5,0.2,1x16,242,default,baseline,202.78194426933797,185.24816369941877
long_run,fast_0.20_t5,45,36,10,16,0.2,5,0.2,1x16,242,default,baseline,231.07146511613465,198.10300681912003
long_run,fast_0.20_t5,45,36,11,16,0.2,5,0.2,1x16,242,default,baseline,235.77096666951914,218.64211206255126
long_run,fast_0.20_t5,45,36,12,16,0.2,5,0.2,1x16,242,default,baseline,244.6942460443103,228.52442882637098
long_run,fast_0.20_t5,45,36,13,16,0.2,5,0.2,1x16,242,default,baseline,248.68878106303902,239.83278161381855
long_run,fast_0.20_t5,45,36,14,16,0.2,5,0.2,1x16,242,default,baseline,255.64619586642903,244.49264463414465
long_run,fast_0.20_t5,45,36,15,16,0.2,5,0.2,1x16,242,default,baseline,257.1859336099143,251.0133165321209
long_run,fast_0.20_t5,45,36,16,16,0.2,5,0.2,1x16,242,default,baseline,258.6415602944952,251.74457356843197
long_run,fast_0.20_t5,45,36,17,16,0.2,5,0.2,1x16,242,default,baseline,258.6415602944952,253.01190227946998
long_run,fast_0.20_t5,45,36,18,16,0.2,5,0.2,1x16,242,default,baseline,260.61212640563343,256.35342851618776
long_run,fast_0.20_t5,45,36,19,16,0.2,5,0.2,1x16,242,default,baseline,261.64194507877227,257.480867842381
long_run,fast_0.20_t5,45,36,20,16,0.2,5,0.2,1x16,242,default,baseline,263.54823377676064,258.8011258500462
long_run,fast_0.20_t5,45,36,21,16,0.2,5,0.2,1x16,242,default,baseline,263.54823377676064,258.0336519727552
long_run,fast_0.20_t5,45,36,22,16,0.2,5,0.2,1x16,242,default,baseline,263.54823377676064,259.8164997585045
long_run,fast_0.20_t5,45,36,23,16,0.2,5,0.2,1x16,242,default,baseline,263.54823377676064,261.26318586858815
long_run,fast_0.20_t5,45,36,24,16,0.2,5,0.2,1x16,242,default,baseline,263.54823377676064,260.44236842263666
long_run,fast_0.20_t5,45,36,25,16,0.2,5,0.2,1x16,242,default,baseline,263.54823377676064,260.6617847864626
long_run,fast_0.20_t5,45,36,26,16,0.2,5,0.2,1x16,242,default,baseline,263.86829920586,261.21955950357585
long_run,fast_0.20_t5,45,36,27,16,0.2,5,0.2,1x16,242,default,baseline,263.86829920586,261.0898947003772
long_run,fast_0.20_t5,45,36,28,16,0.2,5,0.2,1x16,242,default,baseline,263.95561849071726,261.9092596221561
long_run,fast_0.20_t5,45,36,29,16,0.2,5,0.2,1x16,242,default,baseline,263.95561849071726,261.9736845347403
long_run,fast_0.20_t5,45,36,30,16,0.2,5,0.2,1x16,242,default,baseline,263.95561849071726,261.2262078470396
long_run,fast_0.20_t5,45,36,31,16,0.2,5,0.2,1x16,242,default,baseline,263.95561849071726,262.0580713182917
long_run,fast_0.20_t5,45,36,32,16,0.2,5,0.2,1x16,242,default,baseline,263.95561849071726,261.71109865190135
long_run,fast_0.20_t5,45,36,33,16,0.2,5,0.2,1x16,242,default,baseline,263.95561849071726,261.55771801688394
long_run,fast_0.20_t5,45,36,34,16,0.2,5,0.2,1x16,242,default,baseline,263.95561849071726,261.03311093240643
long_run,fast_0.20_t5,45,36,35,16,0.2,5,0.2,1x16,242,default,baseline,264.0812499234549,261.10255762618834
long_run,fast_0.20_t5,45,36,36,16,0.2,5,0.2,1x16,242,default,baseline,264.0812499234549,261.04830060286406
long_run,fast_0.20_t5,46,36,0,16,0.2,5,0.2,1x16,242,default,baseline,164.28817654436307,118.77169150605076
long_run,fast_0.20_t5,46,36,1,16,0.2,5,0.2,1x16,242,default,baseline,166.8268949154229,147.74582748515232
long_run,fast_0.20_t5,46,36,2,16,0.2,5,0.2,1x16,242,default,baseline,179.5078916552671,160.2636704029175
long_run,fast_0.20_t5,46,36,3,16,0.2,5,0.2,1x16,242,default,baseline,185.99843017652137,173.9345468529723
long_run,fast_0.20_t5,46,36,4,16,0.2,5,0.2,1x16,242,default,baseline,193.85370016908925,175.44579869379643
long_run,fast_0.20_t5,46,36,5,16,0.2,5,0.2,1x16,242,default,baseline,206.96233241707108,183.05905919688115
long_run,fast_0.20_t5,46,36,6,16,0.2,5,0.2,1x16,242,default,baseline,211.09013810239998,199.13701040622152
long_run,fast_0.20_t5,46,36,7,16,0.2,5,0.2,1x16,242,default,baseline,218.91695779096202,206.87542180984337
long_run,fast_0.20_t5,46,36,8,16,0.2,5,0.2,1x16,242,default,baseline,224.3890722534631,212.59249090202496
long_run,fast_0.20_t5,46,36,9,16,0.2,5,0.2,1x16,242,default,baseline,230.13508114740176,217.81304013349853
long_run,fast_0.20_t5,46,36,10,16,0.2,5,0.2,1x16,242,default,baseline,234.06157075384832,225.05855412324047
long_run,fast_0.20_t5,46,36,11,16,0.2,5,0.2,1x16,242,default,baseline,237.03590203499917,230.04282828736154
long_run,fast_0.20_t5,46,36,12,16,0.2,5,0.2,1x16,242,default,baseline,244.3639001204516,235.1504993911878
long_run,fast_0.20_t5,46,36,13,16,0.2,5,0.2,1x16,242,default,baseline,247.18526383405336,240.46860987115957
long_run,fast_0.20_t5,46,36,14,16,0.2,5,0.2,1x16,242,default,baseline,247.34055398936238,243.86101751283962
long_run,fast_0.20_t5,46,36,15,16,0.2,5,0.2,1x16,242,default,baseline,249.41354095074365,245.47805017214918
long_run,fast_0.20_t5,46,36,16,16,0.2,5,0.2,1x16,242,default,baseline,252.1713815586668,246.3110646969114
long_run,fast_0.20_t5,46,36,17,16,0.2,5,0.2,1x16,242,default,baseline,252.26398226385675,249.07489797628503
long_run,fast_0.20_t5,46,36,18,16,0.2,5,0.2,1x16,242,default,baseline,254.90151655665653,251.1441157712228
long_run,fast_0.20_t5,46,36,19,16,0.2,5,0.2,1x16,242,default,baseline,256.00273771720595,252.48450796506376
long_run,fast_0.20_t5,46,36,20,16,0.2,5,0.2,1x16,242,default,baseline,256.00273771720595,253.73738064359287
long_run,fast_0.20_t5,46,36,21,16,0.2,5,0.2,1x16,242,default,baseline,256.00273771720595,253.6148709886811
long_run,fast_0.20_t5,46,36,22,16,0.2,5,0.2,1x16,242,default,baseline,256.2887695477716,254.79910636753132
long_run,fast_0.20_t5,46,36,23,16,0.2,5,0.2,1x16,242,default,baseline,257.41025139546076,254.59415176798757
long_run,fast_0.20_t5,46,36,24,16,0.2,5,0.2,1x16,242,default,baseline,257.7308945303985,255.06526958469084
long_run,fast_0.20_t5,46,36,25,16,0.2,5,0.2,1x16,242,default,baseline,257.91851234949456,255.9656093360619
long_run,fast_0.20_t5,46,36,26,16,0.2,5,0.2,1x16,242,default,baseline,258.463433526853,256.9115057294431
long_run,fast_0.20_t5,46,36,27,16,0.2,5,0.2,1x16,242,default,baseline,258.69596938215096,256.94365022660395
long_run,fast_0.20_t5,46,36,28,16,0.2,5,0.2,1x16,242,default,baseline,259.46710596504056,257.7659803587359
long_run,fast_0.20_t5,46,36,29,16,0.2,5,0.2,1x16,242,default,baseline,259.82801081305985,258.089034692718
long_run,fast_0.20_t5,46,36,30,16,0.2,5,0.2,1x16,242,default,baseline,261.5164687983819,258.8720420057814
long_run,fast_0.20_t5,46,36,31,16,0.2,5,0.2,1x16,242,default,baseline,261.5164687983819,258.6552382822275
long_run,fast_0.20_t5,46,36,32,16,0.2,5,0.2,1x16,242,default,baseline,261.5164687983819,258.80119203944525
long_run,fast_0.20_t5,46,36,33,16,0.2,5,0.2,1x16,242,default,baseline,261.5164687983819,259.3098129733753
long_run,fast_0.20_t5,46,36,34,16,0.2,5,0.2,1x16,242,default,baseline,262.9302449682598,259.4106851549916
long_run,fast_0.20_t5,46,36,35,16,0.2,5,0.2,1x16,242,default,baseline,262.9302449682598,260.73719877276835
long_run,fast_0.20_t5,46,36,36,16,0.2,5,0.2,1x16,242,default,baseline,262.93643171073325,261.46817178993103
population_size,population_8,42,24,0,8,0.2,5,0.2,1x16,242,default,baseline,174.64691605755775,124.86666776251978
population_size,population_8,42,24,1,8,0.2,5,0.2,1x16,242,default,baseline,190.11103592940387,165.59149600164056
population_size,population_8,42,24,2,8,0.2,5,0.2,1x16,242,default,baseline,194.7917963337386,186.45765417868364
population_size,population_8,42,24,3,8,0.2,5,0.2,1x16,242,default,baseline,206.45514957887522,183.0535646459292
population_size,population_8,42,24,4,8,0.2,5,0.2,1x16,242,default,baseline,216.37684483482246,193.87751981852495
population_size,population_8,42,24,5,8,0.2,5,0.2,1x16,242,default,baseline,221.3449223567331,213.2938198028507
population_size,population_8,42,24,6,8,0.2,5,0.2,1x16,242,default,baseline,223.54577220980264,216.0134044900599
population_size,population_8,42,24,7,8,0.2,5,0.2,1x16,242,default,baseline,226.84717159407262,220.62076074769266
population_size,population_8,42,24,8,8,0.2,5,0.2,1x16,242,default,baseline,242.65093854003234,226.39427943474772
population_size,population_8,42,24,9,8,0.2,5,0.2,1x16,242,default,baseline,243.58795216171544,234.4547521620101
population_size,population_8,42,24,10,8,0.2,5,0.2,1x16,242,default,baseline,243.62971732802936,237.14631687934633
population_size,population_8,42,24,11,8,0.2,5,0.2,1x16,242,default,baseline,250.80284546856123,242.71650344114005
population_size,population_8,42,24,12,8,0.2,5,0.2,1x16,242,default,baseline,250.80284546856123,246.08839598033094
population_size,population_8,42,24,13,8,0.2,5,0.2,1x16,242,default,baseline,254.60113533344943,247.49184182581996
population_size,population_8,42,24,14,8,0.2,5,0.2,1x16,242,default,baseline,254.60113533344943,249.8606576128984
population_size,population_8,42,24,15,8,0.2,5,0.2,1x16,242,default,baseline,254.60113533344943,252.30887213855988
population_size,population_8,42,24,16,8,0.2,5,0.2,1x16,242,default,baseline,256.68226042941507,253.1717385660633
population_size,population_8,42,24,17,8,0.2,5,0.2,1x16,242,default,baseline,256.68226042941507,253.797371156406
population_size,population_8,42,24,18,8,0.2,5,0.2,1x16,242,default,baseline,257.55831248043273,255.17477068156276
population_size,population_8,42,24,19,8,0.2,5,0.2,1x16,242,default,baseline,258.9423265872482,255.118995412523
population_size,population_8,42,24,20,8,0.2,5,0.2,1x16,242,default,baseline,259.76085719619977,256.2910485081695
population_size,population_8,42,24,21,8,0.2,5,0.2,1x16,242,default,baseline,259.76085719619977,257.60760474096406
population_size,population_8,42,24,22,8,0.2,5,0.2,1x16,242,default,baseline,262.80436244247255,257.35454802711024
population_size,population_8,42,24,23,8,0.2,5,0.2,1x16,242,default,baseline,262.80436244247255,258.83146818431794
population_size,population_8,42,24,24,8,0.2,5,0.2,1x16,242,default,baseline,263.67328345516984,260.1215159478901
population_size,population_8,43,24,0,8,0.2,5,0.2,1x16,242,default,baseline,173.15606138289232,119.45192631178153
population_size,population_8,43,24,1,8,0.2,5,0.2,1x16,242,default,baseline,173.15606138289232,137.36291527601063
population_size,population_8,43,24,2,8,0.2,5,0.2,1x16,242,default,baseline,174.6116946861914,166.48786139104644
population_size,population_8,43,24,3,8,0.2,5,0.2,1x16,242,default,baseline,175.5638422961461,173.35881236317684
population_size,population_8,43,24,4,8,0.2,5,0.2,1x16,242,default,baseline,176.73618950243778,173.83632126802962
population_size,population_8,43,24,5,8,0.2,5,0.2,1x16,242,default,baseline,177.92421698220022,176.51691496996298
population_size,population_8,43,24,6,8,0.2,5,0.2,1x16,242,default,baseline,182.68440141039355,176.8198630043529
population_size,population_8,43,24,7,8,0.2,5,0.2,1x16,242,default,baseline,183.12906361664454,179.81994927397355
population_size,population_8,43,24,8,8,0.2,5,0.2,1x16,242,default,baseline,186.10702628287592,182.6562630404972
population_size,population_8,43,24,9,8,0.2,5,0.2,1x16,242,default,baseline,190.05044172105522,185.44799527410174
population_size,population_8,43,24,10,8,0.2,5,0.2,1x16,242,default,baseline,194.21475790829444,188.9839003578894
population_size,population_8,43,24,11,8,0.2,5,0.2,1x16,242,default,baseline,196.23239362388549,191.322411966741
population_size,population_8,43,24,12,8,0.2,5,0.2,1x16,242,default,baseline,200.94380128697458,193.99388806297674
population_size,population_8,43,24,13,8,0.2,5,0.2,1x16,242,default,baseline,206.46720123282364,200.45369133915756
population_size,population_8,43,24,14,8,0.2,5,0.2,1x16,242,default,baseline,208.23110917888488,201.75154467073008
population_size,population_8,43,24,15,8,0.2,5,0.2,1x16,242,default,baseline,217.04009022099262,205.19836803971546
population_size,population_8,43,24,16,8,0.2,5,0.2,1x16,242,default,baseline,219.05126982569612,210.1957316587492
population_size,population_8,43,24,17,8,0.2,5,0.2,1x16,242,default,baseline,228.327979211492,218.1748135787644
population_size,population_8,43,24,18,8,0.2,5,0.2,1x16,242,default,baseline,228.327979211492,222.83430154943554
population_size,population_8,43,24,19,8,0.2,5,0.2,1x16,242,default,baseline,230.70624663461598,227.0922801840768
population_size,population_8,43,24,20,8,0.2,5,0.2,1x16,242,default,baseline,236.63380547407274,229.4409544005586
population_size,population_8,43,24,21,8,0.2,5,0.2,1x16,242,default,baseline,240.04830408996415,230.71368432800415
population_size,population_8,43,24,22,8,0.2,5,0.2,1x16,242,default,baseline,241.53180612875354,237.8661482166766
population_size,population_8,43,24,23,8,0.2,5,0.2,1x16,242,default,baseline,241.65803988604466,236.2615627479281
population_size,population_8,43,24,24,8,0.2,5,0.2,1x16,242,default,baseline,243.95593883260727,240.76788701331833
population_size,population_8,44,24,0,8,0.2,5,0.2,1x16,242,default,baseline,161.0654369371287,122.49346589315044
population_size,population_8,44,24,1,8,0.2,5,0.2,1x16,242,default,baseline,161.9939622595276,155.78317707219247
population_size,population_8,44,24,2,8,0.2,5,0.2,1x16,242,default,baseline,161.9939622595276,146.91109970152428
population_size,population_8,44,24,3,8,0.2,5,0.2,1x16,242,default,baseline,163.45669413086634,162.02725266871514
population_size,population_8,44,24,4,8,0.2,5,0.2,1x16,242,default,baseline,165.20285985143062,163.1374643639789
population_size,population_8,44,24,5,8,0.2,5,0.2,1x16,242,default,baseline,168.56377466716043,165.60573461271773
population_size,population_8,44,24,6,8,0.2,5,0.2,1x16,242,default,baseline,168.6238857556646,167.4424055724921
population_size,population_8,44,24,7,8,0.2,5,0.2,1x16,242,default,baseline,170.09134212296505,168.15088116800223
population_size,population_8,44,24,8,8,0.2,5,0.2,1x16,242,default,baseline,173.28417155007105,169.29886577704002
population_size,population_8,44,24,9,8,0.2,5,0.2,1x16,242,default,baseline,173.85477849499784,171.34238894247133
population_size,population_8,44,24,10,8,0.2,5,0.2,1x16,242,default,baseline,177.68547160784544,173.35233020939575
population_size,population_8,44,24,11,8,0.2,5,0.2,1x16,242,default,baseline,191.84344419965055,177.52912996722364
population_size,population_8,44,24,12,8,0.2,5,0.2,1x16,242,default,baseline,194.42664917687625,190.66454099431667
population_size,population_8,44,24,13,8,0.2,5,0.2,1x16,242,default,baseline,196.30845038333942,192.2995225658261
population_size,population_8,44,24,14,8,0.2,5,0.2,1x16,242,default,baseline,202.61995956458668,196.00487404197798
population_size,population_8,44,24,15,8,0.2,5,0.2,1x16,242,default,baseline,219.28659882363343,200.21321227434788
population_size,population_8,44,24,16,8,0.2,5,0.2,1x16,242,default,baseline,221.46818349642075,216.79763708919302
population_size,population_8,44,24,17,8,0.2,5,0.2,1x16,242,default,baseline,221.46818349642075,216.17266105492556
population_size,population_8,44,24,18,8,0.2,5,0.2,1x16,242,default,baseline,228.7504659141452,220.77226761625155
population_size,population_8,44,24,19,8,0.2,5,0.2,1x16,242,default,baseline,231.12561133036178,227.08820064560985
population_size,population_8,44,24,20,8,0.2,5,0.2,1x16,242,default,baseline,234.28444669847528,227.15880732751134
population_size,population_8,44,24,21,8,0.2,5,0.2,1x16,242,default,baseline,236.13376540237914,233.64895405700264
population_size,population_8,44,24,22,8,0.2,5,0.2,1x16,242,default,baseline,238.44086239220573,232.97402698033568
population_size,population_8,44,24,23,8,0.2,5,0.2,1x16,242,default,baseline,240.01364185249466,234.54828771398252
population_size,population_8,44,24,24,8,0.2,5,0.2,1x16,242,default,baseline,245.4224468294782,238.18957848186943
population_size,population_8,45,24,0,8,0.2,5,0.2,1x16,242,default,baseline,176.01205572940387,130.84686657427272
population_size,population_8,45,24,1,8,0.2,5,0.2,1x16,242,default,baseline,176.96270125821673,168.10491675398583
population_size,population_8,45,24,2,8,0.2,5,0.2,1x16,242,default,baseline,177.65774027899892,175.86688108618782
population_size,population_8,45,24,3,8,0.2,5,0.2,1x16,242,default,baseline,178.4965427781156,176.89721569090534
population_size,population_8,45,24,4,8,0.2,5,0.2,1x16,242,default,baseline,178.94456014577742,177.0645967247515
population_size,population_8,45,24,5,8,0.2,5,0.2,1x16,242,default,baseline,179.75009281530362,177.60155053752305
population_size,population_8,45,24,6,8,0.2,5,0.2,1x16,242,default,baseline,182.26271720823317,178.0757435920308
population_size,population_8,45,24,7,8,0.2,5,0.2,1x16,242,default,baseline,189.2154755288293,181.79547882906672
population_size,population_8,45,24,8,8,0.2,5,0.2,1x16,242,default,baseline,191.8470700492439,186.0685016275546
population_size,population_8,45,24,9,8,0.2,5,0.2,1x16,242,default,baseline,199.27959427934093,192.6334719202447
population_size,population_8,45,24,10,8,0.2,5,0.2,1x16,242,default,baseline,205.44043203015138,196.82932598537343
population_size,population_8,45,24,11,8,0.2,5,0.2,1x16,242,default,baseline,209.2210362315085,199.06812466723358
population_size,population_8,45,24,12,8,0.2,5,0.2,1x16,242,default,baseline,226.19179437751518,203.8530841714693
population_size,population_8,45,24,13,8,0.2,5,0.2,1x16,242,default,baseline,233.05651600320405,220.88554209756936
population_size,population_8,45,24,14,8,0.2,5,0.2,1x16,242,default,baseline,233.05651600320405,221.72009289703112
population_size,population_8,45,24,15,8,0.2,5,0.2,1x16,242,default,baseline,236.1301434111147,228.04340025524232
population_size,population_8,45,24,16,8,0.2,5,0.2,1x16,242,default,baseline,240.09037949058552,233.77651218723008
population_size,population_8,45,24,17,8,0.2,5,0.2,1x16,242,default,baseline,244.9739222835131,238.85040316509503
population_size,population_8,45,24,18,8,0.2,5,0.2,1x16,242,default,baseline,244.9739222835131,234.19507191719146
population_size,population_8,45,24,19,8,0.2,5,0.2,1x16,242,default,baseline,247.05761062008258,242.686949094389
population_size,population_8,45,24,20,8,0.2,5,0.2,1x16,242,default,baseline,250.9484132145126,242.64436760774487
population_size,population_8,45,24,21,8,0.2,5,0.2,1x16,242,default,baseline,253.7586712915562,248.51795686853706
population_size,population_8,45,24,22,8,0.2,5,0.2,1x16,242,default,baseline,256.053499185964,251.4290947550104
population_size,population_8,45,24,23,8,0.2,5,0.2,1x16,242,default,baseline,259.5985739243929,256.9604916089731
population_size,population_8,45,24,24,8,0.2,5,0.2,1x16,242,default,baseline,260.8635603244162,259.01300760526215
population_size,population_8,46,24,0,8,0.2,5,0.2,1x16,242,default,baseline,164.28817654436307,127.93385842394653
population_size,population_8,46,24,1,8,0.2,5,0.2,1x16,242,default,baseline,168.67290305347257,135.1890647769048
population_size,population_8,46,24,2,8,0.2,5,0.2,1x16,242,default,baseline,170.22735780237997,164.50839953160744
population_size,population_8,46,24,3,8,0.2,5,0.2,1x16,242,default,baseline,173.41109444034862,153.48603400515157
population_size,population_8,46,24,4,8,0.2,5,0.2,1x16,242,default,baseline,181.2909581508494,171.6835119318377
population_size,population_8,46,24,5,8,0.2,5,0.2,1x16,242,default,baseline,187.3506311188763,176.79938416894075
population_size,population_8,46,24,6,8,0.2,5,0.2,1x16,242,default,baseline,196.38687461564896,190.36089613410462
population_size,population_8,46,24,7,8,0.2,5,0.2,1x16,242,default,baseline,205.60465596890066,196.80243630503236
population_size,population_8,46,24,8,8,0.2,5,0.2,1x16,242,default,baseline,205.60465596890066,200.98248135225154
population_size,population_8,46,24,9,8,0.2,5,0.2,1x16,242,default,baseline,212.43957536827122,206.85256601909106
population_size,population_8,46,24,10,8,0.2,5,0.2,1x16,242,default,baseline,221.917991765801,214.993118817486
population_size,population_8,46,24,11,8,0.2,5,0.2,1x16,242,default,baseline,225.58080423106037,219.2063119164361
population_size,population_8,46,24,12,8,0.2,5,0.2,1x16,242,default,baseline,230.81551134120073,223.92931356166798
population_size,population_8,46,24,13,8,0.2,5,0.2,1x16,242,default,baseline,234.13368561307465,228.52461648252606
population_size,population_8,46,24,14,8,0.2,5,0.2,1x16,242,default,baseline,234.13368561307465,232.27816773659254
population_size,population_8,46,24,15,8,0.2,5,0.2,1x16,242,default,baseline,242.9399386426204,234.06779706086564
population_size,population_8,46,24,16,8,0.2,5,0.2,1x16,242,default,baseline,248.61661291211269,238.1551575551116
population_size,population_8,46,24,17,8,0.2,5,0.2,1x16,242,default,baseline,250.84342131043636,247.39042693251585
population_size,population_8,46,24,18,8,0.2,5,0.2,1x16,242,default,baseline,254.09822251460784,250.8153114927665
population_size,population_8,46,24,19,8,0.2,5,0.2,1x16,242,default,baseline,254.69157378310823,251.5119091176419
population_size,population_8,46,24,20,8,0.2,5,0.2,1x16,242,default,baseline,255.85711641427213,253.74220527915315
population_size,population_8,46,24,21,8,0.2,5,0.2,1x16,242,default,baseline,257.2333340582777,252.76743519987912
population_size,population_8,46,24,22,8,0.2,5,0.2,1x16,242,default,baseline,259.0016386526586,256.6327059774841
population_size,population_8,46,24,23,8,0.2,5,0.2,1x16,242,default,baseline,259.2973004948777,257.7437827160828
population_size,population_8,46,24,24,8,0.2,5,0.2,1x16,242,default,baseline,259.2973004948777,258.00204528930215
population_size,population_16,42,24,0,16,0.2,5,0.2,1x16,242,default,baseline,174.64691605755775,123.93725940568496
population_size,population_16,42,24,1,16,0.2,5,0.2,1x16,242,default,baseline,174.64691605755775,143.06426926603922
population_size,population_16,42,24,2,16,0.2,5,0.2,1x16,242,default,baseline,178.9474375016876,166.54738463789363
population_size,population_16,42,24,3,16,0.2,5,0.2,1x16,242,default,baseline,188.94087692695587,173.46737204221944
population_size,population_16,42,24,4,16,0.2,5,0.2,1x16,242,default,baseline,194.11362691733444,180.49337880519576
population_size,population_16,42,24,5,16,0.2,5,0.2,1x16,242,default,baseline,202.01973464856437,189.11958249784135
population_size,population_16,42,24,6,16,0.2,5,0.2,1x16,242,default,baseline,202.39452677303717,190.9196168381185
population_size,population_16,42,24,7,16,0.2,5,0.2,1x16,242,default,baseline,223.57172190586513,197.02741676941744
population_size,population_16,42,24,8,16,0.2,5,0.2,1x16,242,default,baseline,225.71356264381217,209.728685048481
population_size,population_16,42,24,9,16,0.2,5,0.2,1x16,242,default,baseline,231.46607825798435,219.30997420296532
population_size,population_16,42,24,10,16,0.2,5,0.2,1x16,242,default,baseline,234.05622387295222,224.7941175620453
population_size,population_16,42,24,11,16,0.2,5,0.2,1x16,242,default,baseline,242.66807642129731,227.8193339105415
population_size,population_16,42,24,12,16,0.2,5,0.2,1x16,242,default,baseline,243.15967294142737,237.27806150414068
population_size,population_16,42,24,13,16,0.2,5,0.2,1x16,242,default,baseline,245.05779914309412,240.54307131347042
population_size,population_16,42,24,14,16,0.2,5,0.2,1x16,242,default,baseline,245.05779914309412,241.64640253598228
population_size,population_16,42,24,15,16,0.2,5,0.2,1x16,242,default,baseline,248.67581212137156,243.58203429336973
population_size,population_16,42,24,16,16,0.2,5,0.2,1x16,242,default,baseline,255.603935540985,247.78879906212137
population_size,population_16,42,24,17,16,0.2,5,0.2,1x16,242,default,baseline,255.603935540985,250.64566993686907
population_size,population_16,42,24,18,16,0.2,5,0.2,1x16,242,default,baseline,255.86449488359804,253.60391137565466
population_size,population_16,42,24,19,16,0.2,5,0.2,1x16,242,default,baseline,257.1471868408097,254.17448857559114
population_size,population_16,42,24,20,16,0.2,5,0.2,1x16,242,default,baseline,257.1471868408097,254.6818966916717
population_size,population_16,42,24,21,16,0.2,5,0.2,1x16,242,default,baseline,257.6149716600046,255.41857567909477
population_size,population_16,42,24,22,16,0.2,5,0.2,1x16,242,default,baseline,258.6648096537491,255.87962613839304
population_size,population_16,42,24,23,16,0.2,5,0.2,1x16,242,default,baseline,260.6576240430328,256.9576131006578
population_size,population_16,42,24,24,16,0.2,5,0.2,1x16,242,default,baseline,260.6576240430328,258.089552421786
population_size,population_16,43,24,0,16,0.2,5,0.2,1x16,242,default,baseline,173.15606138289232,124.72290905134332
population_size,population_16,43,24,1,16,0.2,5,0.2,1x16,242,default,baseline,174.46661892111462,155.17287648197288
population_size,population_16,43,24,2,16,0.2,5,0.2,1x16,242,default,baseline,174.46661892111462,168.7378950380152
population_size,population_16,43,24,3,16,0.2,5,0.2,1x16,242,default,baseline,176.08781215000224,171.05913587904092
population_size,population_16,43,24,4,16,0.2,5,0.2,1x16,242,default,baseline,176.43678841498877,171.62161071970937
population_size,population_16,43,24,5,16,0.2,5,0.2,1x16,242,default,baseline,186.47726341018813,172.955216518761
population_size,population_16,43,24,6,16,0.2,5,0.2,1x16,242,default,baseline,198.4481839979593,178.97703302482546
population_size,population_16,43,24,7,16,0.2,5,0.2,1x16,242,default,baseline,204.0163301882029,185.56241899039372
population_size,population_16,43,24,8,16,0.2,5,0.2,1x16,242,default,baseline,210.9846907921556,195.98070623100904
population_size,population_16,43,24,9,16,0.2,5,0.2,1x16,242,default,baseline,210.9846907921556,203.67127132625197
population_size,population_16,43,24,10,16,0.2,5,0.2,1x16,242,default,baseline,213.27146063138173,206.98641309300325
population_size,population_16,43,24,11,16,0.2,5,0.2,1x16,242,default,baseline,218.34317669531666,210.28355533833604
population_size,population_16,43,24,12,16,0.2,5,0.2,1x16,242,default,baseline,223.41502831588008,211.17064423524025
population_size,population_16,43,24,13,16,0.2,5,0.2,1x16,242,default,baseline,231.75767691130184,217.43367264710102
population_size,population_16,43,24,14,16,0.2,5,0.2,1x16,242,default,baseline,238.71370919869116,227.39027566599714
population_size,population_16,43,24,15,16,0.2,5,0.2,1x16,242,default,baseline,239.58447083315843,231.87242082172133
population_size,population_16,43,24,16,16,0.2,5,0.2,1x16,242,default,baseline,246.44842604258628,236.81504640094246
population_size,population_16,43,24,17,16,0.2,5,0.2,1x16,242,default,baseline,249.949679259721,240.66786334188953
population_size,population_16,43,24,18,16,0.2,5,0.2,1x16,242,default,baseline,249.949679259721,243.65965173420466
population_size,population_16,43,24,19,16,0.2,5,0.2,1x16,242,default,baseline,249.949679259721,245.56056936887762
population_size,population_16,43,24,20,16,0.2,5,0.2,1x16,242,default,baseline,249.949679259721,246.4294575744829
population_size,population_16,43,24,21,16,0.2,5,0.2,1x16,242,default,baseline,255.00271652761535,247.03266492341697
population_size,population_16,43,24,22,16,0.2,5,0.2,1x16,242,default,baseline,259.1051882963696,250.0807298231397
population_size,population_16,43,24,23,16,0.2,5,0.2,1x16,242,default,baseline,259.1051882963696,253.2022233491883
population_size,population_16,43,24,24,16,0.2,5,0.2,1x16,242,default,baseline,259.1051882963696,256.4680480296111
population_size,population_16,44,24,0,16,0.2,5,0.2,1x16,242,default,baseline,175.29002860123632,118.06396367334293
population_size,population_16,44,24,1,16,0.2,5,0.2,1x16,242,default,baseline,175.29002860123632,151.04762006075674
population_size,population_16,44,24,2,16,0.2,5,0.2,1x16,242,default,baseline,178.57348754481683,163.35558727470894
population_size,population_16,44,24,3,16,0.2,5,0.2,1x16,242,default,baseline,181.57107558256598,168.7975550878852
population_size,population_16,44,24,4,16,0.2,5,0.2,1x16,242,default,baseline,184.87153009413623,177.94501924734436
population_size,population_16,44,24,5,16,0.2,5,0.2,1x16,242,default,baseline,192.50220935880253,181.35937871724468
population_size,population_16,44,24,6,16,0.2,5,0.2,1x16,242,default,baseline,205.26103338431483,185.37904369844023
population_size,population_16,44,24,7,16,0.2,5,0.2,1x16,242,default,baseline,207.5357034862875,192.85172033137138
population_size,population_16,44,24,8,16,0.2,5,0.2,1x16,242,default,baseline,210.17737082993955,199.29779073457334
population_size,population_16,44,24,9,16,0.2,5,0.2,1x16,242,default,baseline,223.02226619926768,208.27560564138432
population_size,population_16,44,24,10,16,0.2,5,0.2,1x16,242,default,baseline,223.02226619926768,214.34979826375385
population_size,population_16,44,24,11,16,0.2,5,0.2,1x16,242,default,baseline,230.80174124536364,215.00153353789733
population_size,population_16,44,24,12,16,0.2,5,0.2,1x16,242,default,baseline,233.38902461327223,222.78509664135817
population_size,population_16,44,24,13,16,0.2,5,0.2,1x16,242,default,baseline,238.44950549791577,230.23745515854938
population_size,population_16,44,24,14,16,0.2,5,0.2,1x16,242,default,baseline,240.28671473201672,233.35563792048248
population_size,population_16,44,24,15,16,0.2,5,0.2,1x16,242,default,baseline,242.94032534067537,233.85362597019522
population_size,population_16,44,24,16,16,0.2,5,0.2,1x16,242,default,baseline,244.9188294097308,240.3398617142887
population_size,population_16,44,24,17,16,0.2,5,0.2,1x16,242,default,baseline,248.94378384478904,243.34153212700133
population_size,population_16,44,24,18,16,0.2,5,0.2,1x16,242,default,baseline,251.29216340526347,246.69716226910577
population_size,population_16,44,24,19,16,0.2,5,0.2,1x16,242,default,baseline,252.89108154654906,247.80085640414296
population_size,population_16,44,24,20,16,0.2,5,0.2,1x16,242,default,baseline,252.89108154654906,248.87982025957297
population_size,population_16,44,24,21,16,0.2,5,0.2,1x16,242,default,baseline,255.34390528688812,250.18329774021456
population_size,population_16,44,24,22,16,0.2,5,0.2,1x16,242,default,baseline,255.34390528688812,250.1482334697469
population_size,population_16,44,24,23,16,0.2,5,0.2,1x16,242,default,baseline,257.37512002234195,253.09881987652267
population_size,population_16,44,24,24,16,0.2,5,0.2,1x16,242,default,baseline,257.37512002234195,253.48506399185416
population_size,population_16,45,24,0,16,0.2,5,0.2,1x16,242,default,baseline,176.01205572940387,142.46705767544887
population_size,population_16,45,24,1,16,0.2,5,0.2,1x16,242,default,baseline,176.01205572940387,143.2882752278867
population_size,population_16,45,24,2,16,0.2,5,0.2,1x16,242,default,baseline,176.90116497251313,166.23421962905803
population_size,population_16,45,24,3,16,0.2,5,0.2,1x16,242,default,baseline,178.27912999645343,175.64894050687388
population_size,population_16,45,24,4,16,0.2,5,0.2,1x16,242,default,baseline,178.53263423517558,176.1669604352556
population_size,population_16,45,24,5,16,0.2,5,0.2,1x16,242,default,baseline,180.7758926243834,176.5525854637374
population_size,population_16,45,24,6,16,0.2,5,0.2,1x16,242,default,baseline,180.7758926243834,177.71427444600084
population_size,population_16,45,24,7,16,0.2,5,0.2,1x16,242,default,baseline,184.40908051414402,178.45559709117296
population_size,population_16,45,24,8,16,0.2,5,0.2,1x16,242,default,baseline,188.8656932748435,180.81548639360676
population_size,population_16,45,24,9,16,0.2,5,0.2,1x16,242,default,baseline,202.78194426933797,185.24816369941877
population_size,population_16,45,24,10,16,0.2,5,0.2,1x16,242,default,baseline,231.07146511613465,198.10300681912003
population_size,population_16,45,24,11,16,0.2,5,0.2,1x16,242,default,baseline,235.77096666951914,218.64211206255126
population_size,population_16,45,24,12,16,0.2,5,0.2,1x16,242,default,baseline,244.6942460443103,228.52442882637098
population_size,population_16,45,24,13,16,0.2,5,0.2,1x16,242,default,baseline,248.68878106303902,239.83278161381855
population_size,population_16,45,24,14,16,0.2,5,0.2,1x16,242,default,baseline,255.64619586642903,244.49264463414465
population_size,population_16,45,24,15,16,0.2,5,0.2,1x16,242,default,baseline,257.1859336099143,251.0133165321209
population_size,population_16,45,24,16,16,0.2,5,0.2,1x16,242,default,baseline,258.6415602944952,251.74457356843197
population_size,population_16,45,24,17,16,0.2,5,0.2,1x16,242,default,baseline,258.6415602944952,253.01190227946998
population_size,population_16,45,24,18,16,0.2,5,0.2,1x16,242,default,baseline,260.61212640563343,256.35342851618776
population_size,population_16,45,24,19,16,0.2,5,0.2,1x16,242,default,baseline,261.64194507877227,257.480867842381
population_size,population_16,45,24,20,16,0.2,5,0.2,1x16,242,default,baseline,263.54823377676064,258.8011258500462
population_size,population_16,45,24,21,16,0.2,5,0.2,1x16,242,default,baseline,263.54823377676064,258.0336519727552
population_size,population_16,45,24,22,16,0.2,5,0.2,1x16,242,default,baseline,263.54823377676064,259.8164997585045
population_size,population_16,45,24,23,16,0.2,5,0.2,1x16,242,default,baseline,263.54823377676064,261.26318586858815
population_size,population_16,45,24,24,16,0.2,5,0.2,1x16,242,default,baseline,263.54823377676064,260.44236842263666
population_size,population_16,46,24,0,16,0.2,5,0.2,1x16,242,default,baseline,164.28817654436307,118.77169150605076
population_size,population_16,46,24,1,16,0.2,5,0.2,1x16,242,default,baseline,166.8268949154229,147.74582748515232
population_size,population_16,46,24,2,16,0.2,5,0.2,1x16,242,default,baseline,179.5078916552671,160.2636704029175
population_size,population_16,46,24,3,16,0.2,5,0.2,1x16,242,default,baseline,185.99843017652137,173.9345468529723
population_size,population_16,46,24,4,16,0.2,5,0.2,1x16,242,default,baseline,193.85370016908925,175.44579869379643
population_size,population_16,46,24,5,16,0.2,5,0.2,1x16,242,default,baseline,206.96233241707108,183.05905919688115
population_size,population_16,46,24,6,16,0.2,5,0.2,1x16,242,default,baseline,211.09013810239998,199.13701040622152
population_size,population_16,46,24,7,16,0.2,5,0.2,1x16,242,default,baseline,218.91695779096202,206.87542180984337
population_size,population_16,46,24,8,16,0.2,5,0.2,1x16,242,default,baseline,224.3890722534631,212.59249090202496
population_size,population_16,46,24,9,16,0.2,5,0.2,1x16,242,default,baseline,230.13508114740176,217.81304013349853
population_size,population_16,46,24,10,16,0.2,5,0.2,1x16,242,default,baseline,234.06157075384832,225.05855412324047
population_size,population_16,46,24,11,16,0.2,5,0.2,1x16,242,default,baseline,237.03590203499917,230.04282828736154
population_size,population_16,46,24,12,16,0.2,5,0.2,1x16,242,default,baseline,244.3639001204516,235.1504993911878
population_size,population_16,46,24,13,16,0.2,5,0.2,1x16,242,default,baseline,247.18526383405336,240.46860987115957
population_size,population_16,46,24,14,16,0.2,5,0.2,1x16,242,default,baseline,247.34055398936238,243.86101751283962
population_size,population_16,46,24,15,16,0.2,5,0.2,1x16,242,default,baseline,249.41354095074365,245.47805017214918
population_size,population_16,46,24,16,16,0.2,5,0.2,1x16,242,default,baseline,252.1713815586668,246.3110646969114
population_size,population_16,46,24,17,16,0.2,5,0.2,1x16,242,default,baseline,252.26398226385675,249.07489797628503
population_size,population_16,46,24,18,16,0.2,5,0.2,1x16,242,default,baseline,254.90151655665653,251.1441157712228
population_size,population_16,46,24,19,16,0.2,5,0.2,1x16,242,default,baseline,256.00273771720595,252.48450796506376
population_size,population_16,46,24,20,16,0.2,5,0.2,1x16,242,default,baseline,256.00273771720595,253.73738064359287
population_size,population_16,46,24,21,16,0.2,5,0.2,1x16,242,default,baseline,256.00273771720595,253.6148709886811
population_size,population_16,46,24,22,16,0.2,5,0.2,1x16,242,default,baseline,256.2887695477716,254.79910636753132
population_size,population_16,46,24,23,16,0.2,5,0.2,1x16,242,default,baseline,257.41025139546076,254.59415176798757
population_size,population_16,46,24,24,16,0.2,5,0.2,1x16,242,default,baseline,257.7308945303985,255.06526958469084
population_size,population_24,42,24,0,24,0.2,5,0.2,1x16,242,default,baseline,174.64691605755775,117.574175212198
population_size,population_24,42,24,1,24,0.2,5,0.2,1x16,242,default,baseline,174.83249637315365,147.48209205351827
population_size,population_24,42,24,2,24,0.2,5,0.2,1x16,242,default,baseline,190.46792322088348,162.81327543398376
population_size,population_24,42,24,3,24,0.2,5,0.2,1x16,242,default,baseline,191.53221070631974,167.3817710740167
population_size,population_24,42,24,4,24,0.2,5,0.2,1x16,242,default,baseline,191.53221070631974,167.0154590435246
population_size,population_24,42,24,5,24,0.2,5,0.2,1x16,242,default,baseline,191.55960368665382,174.03785213637778
population_size,population_24,42,24,6,24,0.2,5,0.2,1x16,242,default,baseline,197.515594045777,182.6067379109683
population_size,population_24,42,24,7,24,0.2,5,0.2,1x16,242,default,baseline,202.0141704399234,193.35686995383648
population_size,population_24,42,24,8,24,0.2,5,0.2,1x16,242,default,baseline,214.05956409035213,199.21805791485303
population_size,population_24,42,24,9,24,0.2,5,0.2,1x16,242,default,baseline,224.65385609761506,205.59423110569807
population_size,population_24,42,24,10,24,0.2,5,0.2,1x16,242,default,baseline,227.98443395563586,216.37931290439494
population_size,population_24,42,24,11,24,0.2,5,0.2,1x16,242,default,baseline,230.8979070533619,223.7945563893503
population_size,population_24,42,24,12,24,0.2,5,0.2,1x16,242,default,baseline,241.19216793612395,228.66412384970667
population_size,population_24,42,24,13,24,0.2,5,0.2,1x16,242,default,baseline,245.13635200501403,234.65808483638048
population_size,population_24,42,24,14,24,0.2,5,0.2,1x16,242,default,baseline,250.6273971945889,241.76117569602147
population_size,population_24,42,24,15,24,0.2,5,0.2,1x16,242,default,baseline,252.35306156314985,245.38026362587644
population_size,population_24,42,24,16,24,0.2,5,0.2,1x16,242,default,baseline,256.1086126268527,249.3361979009159
population_size,population_24,42,24,17,24,0.2,5,0.2,1x16,242,default,baseline,257.64548139178197,252.28475303456207
population_size,population_24,42,24,18,24,0.2,5,0.2,1x16,242,default,baseline,257.8211718953836,254.0052154097092
population_size,population_24,42,24,19,24,0.2,5,0.2,1x16,242,default,baseline,259.0500685520476,255.06984409201596
population_size,population_24,42,24,20,24,0.2,5,0.2,1x16,242,default,baseline,259.80481666327455,256.7772171307326
population_size,population_24,42,24,21,24,0.2,5,0.2,1x16,242,default,baseline,260.7466383975867,256.4964271048644
population_size,population_24,42,24,22,24,0.2,5,0.2,1x16,242,default,baseline,260.7466383975867,257.4169182523807
population_size,population_24,42,24,23,24,0.2,5,0.2,1x16,242,default,baseline,260.7859453258971,258.7387887580598
population_size,population_24,42,24,24,24,0.2,5,0.2,1x16,242,default,baseline,260.7859453258971,258.7121982518396
population_size,population_24,43,24,0,24,0.2,5,0.2,1x16,242,default,baseline,173.15606138289232,125.20003756259014
population_size,population_24,43,24,1,24,0.2,5,0.2,1x16,242,default,baseline,173.15606138289232,145.00615456907983
population_size,population_24,43,24,2,24,0.2,5,0.2,1x16,242,default,baseline,190.23411664622645,149.70573258127123
population_size,population_24,43,24,3,24,0.2,5,0.2,1x16,242,default,baseline,190.23411664622645,158.3664153564874
population_size,population_24,43,24,4,24,0.2,5,0.2,1x16,242,default,baseline,190.23411664622645,161.22185157120876
population_size,population_24,43,24,5,24,0.2,5,0.2,1x16,242,default,baseline,202.26147285329904,176.0158079545581
population_size,population_24,43,24,6,24,0.2,5,0.2,1x16,242,default,baseline,208.40087963221652,181.61670351528278
population_size,population_24,43,24,7,24,0.2,5,0.2,1x16,242,default,baseline,216.26354266229328,187.20393061740387
population_size,population_24,43,24,8,24,0.2,5,0.2,1x16,242,default,baseline,227.7463371537497,202.5008326385134
population_size,population_24,43,24,9,24,0.2,5,0.2,1x16,242,default,baseline,231.97676754162342,207.70475110656966
population_size,population_24,43,24,10,24,0.2,5,0.2,1x16,242,default,baseline,236.53350021908082,216.7208837130913
population_size,population_24,43,24,11,24,0.2,5,0.2,1x16,242,default,baseline,242.07865594394264,226.58757497979275
population_size,population_24,43,24,12,24,0.2,5,0.2,1x16,242,default,baseline,248.7311489377975,232.15816345564266
population_size,population_24,43,24,13,24,0.2,5,0.2,1x16,242,default,baseline,250.21046359843348,240.8237346679773
population_size,population_24,43,24,14,24,0.2,5,0.2,1x16,242,default,baseline,251.10032322667533,244.9831415628095
population_size,population_24,43,24,15,24,0.2,5,0.2,1x16,242,default,baseline,252.10309352388194,248.00617439011862
population_size,population_24,43,24,16,24,0.2,5,0.2,1x16,242,default,baseline,254.70994244677922,248.149600519139
population_size,population_24,43,24,17,24,0.2,5,0.2,1x16,242,default,baseline,256.9849747768141,252.15165631092114
population_size,population_24,43,24,18,24,0.2,5,0.2,1x16,242,default,baseline,258.0737919370853,254.06788061744305
population_size,population_24,43,24,19,24,0.2,5,0.2,1x16,242,default,baseline,259.0183432477086,255.63552714249363
population_size,population_24,43,24,20,24,0.2,5,0.2,1x16,242,default,baseline,260.73581509711005,256.14761643605715
population_size,population_24,43,24,21,24,0.2,5,0.2,1x16,242,default,baseline,260.73581509711005,257.3126595877149
population_size,population_24,43,24,22,24,0.2,5,0.2,1x16,242,default,baseline,260.9133545666442,256.5828960182517
population_size,population_24,43,24,23,24,0.2,5,0.2,1x16,242,default,baseline,260.91469258386996,257.6224580818121
population_size,population_24,43,24,24,24,0.2,5,0.2,1x16,242,default,baseline,262.40637145539915,258.6988078499174
population_size,population_24,44,24,0,24,0.2,5,0.2,1x16,242,default,baseline,175.29002860123632,118.70932781864649
population_size,population_24,44,24,1,24,0.2,5,0.2,1x16,242,default,baseline,175.29002860123632,153.45782619333588
population_size,population_24,44,24,2,24,0.2,5,0.2,1x16,242,default,baseline,177.25258407458145,162.43873969071217
population_size,population_24,44,24,3,24,0.2,5,0.2,1x16,242,default,baseline,180.37632666599148,169.65237723520843
population_size,population_24,44,24,4,24,0.2,5,0.2,1x16,242,default,baseline,183.12914246251705,176.20889214296736
population_size,population_24,44,24,5,24,0.2,5,0.2,1x16,242,default,baseline,189.36459387671096,179.38334953838498
population_size,population_24,44,24,6,24,0.2,5,0.2,1x16,242,default,baseline,190.7122188124414,183.80600790729886
population_size,population_24,44,24,7,24,0.2,5,0.2,1x16,242,default,baseline,203.50405043208508,186.85230571740956
population_size,population_24,44,24,8,24,0.2,5,0.2,1x16,242,default,baseline,220.0579974352833,196.58333985655136
population_size,population_24,44,24,9,24,0.2,5,0.2,1x16,242,default,baseline,226.73718476833574,207.64273995032053
population_size,population_24,44,24,10,24,0.2,5,0.2,1x16,242,default,baseline,230.27092973495118,218.74281172927567
population_size,population_24,44,24,11,24,0.2,5,0.2,1x16,242,default,baseline,243.8007856665388,224.8956075565009
population_size,population_24,44,24,12,24,0.2,5,0.2,1x16,242,default,baseline,245.5920179602599,233.07722501493217
population_size,population_24,44,24,13,24,0.2,5,0.2,1x16,242,default,baseline,252.7996915282377,239.45603694054125
population_size,population_24,44,24,14,24,0.2,5,0.2,1x16,242,default,baseline,252.7996915282377,243.6930134451712
population_size,population_24,44,24,15,24,0.2,5,0.2,1x16,242,default,baseline,255.71228057262607,245.8463650616956
population_size,population_24,44,24,16,24,0.2,5,0.2,1x16,242,default,baseline,255.71228057262607,250.35169391193855
population_size,population_24,44,24,17,24,0.2,5,0.2,1x16,242,default,baseline,259.07577725376655,252.0435771466422
population_size,population_24,44,24,18,24,0.2,5,0.2,1x16,242,default,baseline,261.62571170207525,256.60366647845757
population_size,population_24,44,24,19,24,0.2,5,0.2,1x16,242,default,baseline,261.62571170207525,256.88777313078424
population_size,population_24,44,24,20,24,0.2,5,0.2,1x16,242,default,baseline,261.85299014730526,258.0381795600852
population_size,population_24,44,24,21,24,0.2,5,0.2,1x16,242,default,baseline,262.64313725159695,259.7880064245203
population_size,population_24,44,24,22,24,0.2,5,0.2,1x16,242,default,baseline,262.7010355147668,259.9972507298839
population_size,population_24,44,24,23,24,0.2,5,0.2,1x16,242,default,baseline,262.7010355147668,259.90195107943583
population_size,population_24,44,24,24,24,0.2,5,0.2,1x16,242,default,baseline,262.7010355147668,260.1107337689271
population_size,population_24,45,24,0,24,0.2,5,0.2,1x16,242,default,baseline,176.01205572940387,133.8578391529485
population_size,population_24,45,24,1,24,0.2,5,0.2,1x16,242,default,baseline,177.11417559536142,146.81061564669724
population_size,population_24,45,24,2,24,0.2,5,0.2,1x16,242,default,baseline,178.24047396957593,166.65943481397923
population_size,population_24,45,24,3,24,0.2,5,0.2,1x16,242,default,baseline,178.24047396957593,173.9829218995575
population_size,population_24,45,24,4,24,0.2,5,0.2,1x16,242,default,baseline,191.22402390591023,175.31268498054794
population_size,population_24,45,24,5,24,0.2,5,0.2,1x16,242,default,baseline,195.36807577154008,180.6137783396733
population_size,population_24,45,24,6,24,0.2,5,0.2,1x16,242,default,baseline,201.80223314970164,185.5699285289824
population_size,population_24,45,24,7,24,0.2,5,0.2,1x16,242,default,baseline,220.2697442727861,194.07683219667285
population_size,population_24,45,24,8,24,0.2,5,0.2,1x16,242,default,baseline,232.91381617161616,205.7681845572512
population_size,population_24,45,24,9,24,0.2,5,0.2,1x16,242,default,baseline,232.91381617161616,211.903946123394
population_size,population_24,45,24,10,24,0.2,5,0.2,1x16,242,default,baseline,237.1518187196662,219.6737387760712
population_size,population_24,45,24,11,24,0.2,5,0.2,1x16,242,default,baseline,241.1771352247388,226.58584259300542
population_size,population_24,45,24,12,24,0.2,5,0.2,1x16,242,default,baseline,247.08349963341095,234.94552800156512
population_size,population_24,45,24,13,24,0.2,5,0.2,1x16,242,default,baseline,251.52026450054166,239.69904253934502
population_size,population_24,45,24,14,24,0.2,5,0.2,1x16,242,default,baseline,251.5875947851955,242.9247944991633
population_size,population_24,45,24,15,24,0.2,5,0.2,1x16,242,default,baseline,254.79695369047192,245.77940282154543
population_size,population_24,45,24,16,24,0.2,5,0.2,1x16,242,default,baseline,257.05327491310294,250.067021815552
population_size,population_24,45,24,17,24,0.2,5,0.2,1x16,242,default,baseline,257.2923169645903,252.83705077789486
population_size,population_24,45,24,18,24,0.2,5,0.2,1x16,242,default,baseline,260.91098467664585,254.6013439937583
population_size,population_24,45,24,19,24,0.2,5,0.2,1x16,242,default,baseline,262.10330933062824,257.245592604403
population_size,population_24,45,24,20,24,0.2,5,0.2,1x16,242,default,baseline,262.10330933062824,258.8891453226726
population_size,population_24,45,24,21,24,0.2,5,0.2,1x16,242,default,baseline,262.645576338751,259.79251838003705
population_size,population_24,45,24,22,24,0.2,5,0.2,1x16,242,default,baseline,263.2063365436783,259.7083460160726
population_size,population_24,45,24,23,24,0.2,5,0.2,1x16,242,default,baseline,263.2063365436783,259.5803310690356
population_size,population_24,45,24,24,24,0.2,5,0.2,1x16,242,default,baseline,263.2063365436783,260.93825660790884
population_size,population_24,46,24,0,24,0.2,5,0.2,1x16,242,default,baseline,171.4800659643133,121.65757052125952
population_size,population_24,46,24,1,24,0.2,5,0.2,1x16,242,default,baseline,173.25196680253694,135.36155714495325
population_size,population_24,46,24,2,24,0.2,5,0.2,1x16,242,default,baseline,173.6937816852244,147.9985429040181
population_size,population_24,46,24,3,24,0.2,5,0.2,1x16,242,default,baseline,185.1301264111384,165.99710310492037
population_size,population_24,46,24,4,24,0.2,5,0.2,1x16,242,default,baseline,203.14325231499893,175.0499901915831
population_size,population_24,46,24,5,24,0.2,5,0.2,1x16,242,default,baseline,217.59997955258262,184.39808507116769
population_size,population_24,46,24,6,24,0.2,5,0.2,1x16,242,default,baseline,217.59997955258262,191.3025426981479
population_size,population_24,46,24,7,24,0.2,5,0.2,1x16,242,default,baseline,220.7504636324909,195.32160181271232
population_size,population_24,46,24,8,24,0.2,5,0.2,1x16,242,default,baseline,224.62627372434815,202.1536253442864
population_size,population_24,46,24,9,24,0.2,5,0.2,1x16,242,default,baseline,241.62520668228498,212.22874357485875
population_size,population_24,46,24,10,24,0.2,5,0.2,1x16,242,default,baseline,241.62520668228498,223.17053444164466
population_size,population_24,46,24,11,24,0.2,5,0.2,1x16,242,default,baseline,244.0027390923201,232.39816389068187
population_size,population_24,46,24,12,24,0.2,5,0.2,1x16,242,default,baseline,248.39679509235577,242.3301898795033
population_size,population_24,46,24,13,24,0.2,5,0.2,1x16,242,default,baseline,249.02315908223812,244.09623304672013
population_size,population_24,46,24,14,24,0.2,5,0.2,1x16,242,default,baseline,249.3015517114191,245.64429704247712
population_size,population_24,46,24,15,24,0.2,5,0.2,1x16,242,default,baseline,250.20845502874153,246.36911172905627
population_size,population_24,46,24,16,24,0.2,5,0.2,1x16,242,default,baseline,252.18033960873677,247.07557280168507
population_size,population_24,46,24,17,24,0.2,5,0.2,1x16,242,default,baseline,252.87092328985455,249.43170723527928
population_size,population_24,46,24,18,24,0.2,5,0.2,1x16,242,default,baseline,253.95203468927116,251.23871614717322
population_size,population_24,46,24,19,24,0.2,5,0.2,1x16,242,default,baseline,254.7059102862277,251.91688347783312
population_size,population_24,46,24,20,24,0.2,5,0.2,1x16,242,default,baseline,255.8322445375502,252.2439837455639
population_size,population_24,46,24,21,24,0.2,5,0.2,1x16,242,default,baseline,255.8322445375502,252.77151805606013
population_size,population_24,46,24,22,24,0.2,5,0.2,1x16,242,default,baseline,255.8322445375502,252.44644061916998
population_size,population_24,46,24,23,24,0.2,5,0.2,1x16,242,default,baseline,258.21269277482367,254.26204985309468
population_size,population_24,46,24,24,24,0.2,5,0.2,1x16,242,default,baseline,258.21269277482367,254.05483192635634
population_size,population_32,42,24,0,32,0.2,5,0.2,1x16,242,default,baseline,174.64691605755775,119.02134192578188
population_size,population_32,42,24,1,32,0.2,5,0.2,1x16,242,default,baseline,182.94176560623265,147.26005920286963
population_size,population_32,42,24,2,32,0.2,5,0.2,1x16,242,default,baseline,182.94176560623265,160.4558449887109
population_size,population_32,42,24,3,32,0.2,5,0.2,1x16,242,default,baseline,182.94176560623265,154.1825588504188
population_size,population_32,42,24,4,32,0.2,5,0.2,1x16,242,default,baseline,193.46933951428412,166.43098726272558
population_size,population_32,42,24,5,32,0.2,5,0.2,1x16,242,default,baseline,194.9447928987487,170.90901146549294
population_size,population_32,42,24,6,32,0.2,5,0.2,1x16,242,default,baseline,203.85819118724623,178.67112637171314
population_size,population_32,42,24,7,32,0.2,5,0.2,1x16,242,default,baseline,211.83348151452873,183.84035318146857
population_size,population_32,42,24,8,32,0.2,5,0.2,1x16,242,default,baseline,220.34191134446007,190.8247712240053
population_size,population_32,42,24,9,32,0.2,5,0.2,1x16,242,default,baseline,232.94847640519987,198.2989206434723
population_size,population_32,42,24,10,32,0.2,5,0.2,1x16,242,default,baseline,232.94847640519987,198.01621013463432
population_size,population_32,42,24,11,32,0.2,5,0.2,1x16,242,default,baseline,234.73245326711657,210.95516648766443
population_size,population_32,42,24,12,32,0.2,5,0.2,1x16,242,default,baseline,241.36788778380136,219.4955960819027
population_size,population_32,42,24,13,32,0.2,5,0.2,1x16,242,default,baseline,245.28523453366387,226.98349245896847
population_size,population_32,42,24,14,32,0.2,5,0.2,1x16,242,default,baseline,245.9876061589814,231.50068357124496
population_size,population_32,42,24,15,32,0.2,5,0.2,1x16,242,default,baseline,250.53069662885963,238.39696180678902
population_size,population_32,42,24,16,32,0.2,5,0.2,1x16,242,default,baseline,254.40238161419737,243.8277104372778
population_size,population_32,42,24,17,32,0.2,5,0.2,1x16,242,default,baseline,255.5914197305619,248.13652782387285
population_size,population_32,42,24,18,32,0.2,5,0.2,1x16,242,default,baseline,259.12224983106904,250.06397464173455
population_size,population_32,42,24,19,32,0.2,5,0.2,1x16,242,default,baseline,259.1290168636667,251.9095823594866
population_size,population_32,42,24,20,32,0.2,5,0.2,1x16,242,default,baseline,259.29942788510124,255.84818252283713
population_size,population_32,42,24,21,32,0.2,5,0.2,1x16,242,default,baseline,260.11809842414084,256.3930234016896
population_size,population_32,42,24,22,32,0.2,5,0.2,1x16,242,default,baseline,261.1340868959493,256.94734270990705
population_size,population_32,42,24,23,32,0.2,5,0.2,1x16,242,default,baseline,263.37026670597083,256.6066412514183
population_size,population_32,42,24,24,32,0.2,5,0.2,1x16,242,default,baseline,263.37026670597083,258.04078966959344
population_size,population_32,43,24,0,32,0.2,5,0.2,1x16,242,default,baseline,173.15606138289232,126.6759059495475
population_size,population_32,43,24,1,32,0.2,5,0.2,1x16,242,default,baseline,175.27484592604856,153.2068621598744
population_size,population_32,43,24,2,32,0.2,5,0.2,1x16,242,default,baseline,177.9287536216116,157.18176773270352
population_size,population_32,43,24,3,32,0.2,5,0.2,1x16,242,default,baseline,190.15588997561213,161.52431154986942
population_size,population_32,43,24,4,32,0.2,5,0.2,1x16,242,default,baseline,194.18022654818208,171.80227786462558
population_size,population_32,43,24,5,32,0.2,5,0.2,1x16,242,default,baseline,207.70025090865911,172.66503073228273
population_size,population_32,43,24,6,32,0.2,5,0.2,1x16,242,default,baseline,223.47601112272594,178.02890669989202
population_size,population_32,43,24,7,32,0.2,5,0.2,1x16,242,default,baseline,225.42388442733608,197.8512678452875
population_size,population_32,43,24,8,32,0.2,5,0.2,1x16,242,default,baseline,234.6188127089307,207.60471087442954
population_size,population_32,43,24,9,32,0.2,5,0.2,1x16,242,default,baseline,234.6188127089307,215.0509428977246
population_size,population_32,43,24,10,32,0.2,5,0.2,1x16,242,default,baseline,239.0404108251272,226.25151185308164
population_size,population_32,43,24,11,32,0.2,5,0.2,1x16,242,default,baseline,246.09092429160785,233.19609231851462
population_size,population_32,43,24,12,32,0.2,5,0.2,1x16,242,default,baseline,247.52484068332245,238.58882275743812
population_size,population_32,43,24,13,32,0.2,5,0.2,1x16,242,default,baseline,253.3091004223917,242.86483200526624
population_size,population_32,43,24,14,32,0.2,5,0.2,1x16,242,default,baseline,257.08101476998985,245.92802835991353
population_size,population_32,43,24,15,32,0.2,5,0.2,1x16,242,default,baseline,257.08101476998985,250.89734155509927
population_size,population_32,43,24,16,32,0.2,5,0.2,1x16,242,default,baseline,258.76757589933743,252.61864753351387
population_size,population_32,43,24,17,32,0.2,5,0.2,1x16,242,default,baseline,259.5482072197383,254.25063685234838
population_size,population_32,43,24,18,32,0.2,5,0.2,1x16,242,default,baseline,261.23841835753507,255.68740180313443
population_size,population_32,43,24,19,32,0.2,5,0.2,1x16,242,default,baseline,261.23841835753507,257.5407089299882
population_size,population_32,43,24,20,32,0.2,5,0.2,1x16,242,default,baseline,261.90083244415484,257.67386185808954
population_size,population_32,43,24,21,32,0.2,5,0.2,1x16,242,default,baseline,262.0612684398146,259.2369451928962
population_size,population_32,43,24,22,32,0.2,5,0.2,1x16,242,default,baseline,263.7759028725774,259.4212171527979
population_size,population_32,43,24,23,32,0.2,5,0.2,1x16,242,default,baseline,263.7759028725774,259.69642668729625
population_size,population_32,43,24,24,32,0.2,5,0.2,1x16,242,default,baseline,263.7759028725774,260.3913097488676
population_size,population_32,44,24,0,32,0.2,5,0.2,1x16,242,default,baseline,175.29002860123632,118.81071684382427
population_size,population_32,44,24,1,32,0.2,5,0.2,1x16,242,default,baseline,178.52276575577883,149.86364652118442
population_size,population_32,44,24,2,32,0.2,5,0.2,1x16,242,default,baseline,179.09699952293192,148.06357716574604
population_size,population_32,44,24,3,32,0.2,5,0.2,1x16,242,default,baseline,183.45806153203353,161.1206932075807
population_size,population_32,44,24,4,32,0.2,5,0.2,1x16,242,default,baseline,190.5358535339966,171.60697135247113
population_size,population_32,44,24,5,32,0.2,5,0.2,1x16,242,default,baseline,191.43672922730104,179.25635079147412
population_size,population_32,44,24,6,32,0.2,5,0.2,1x16,242,default,baseline,208.04142723192214,183.18687741639312
population_size,population_32,44,24,7,32,0.2,5,0.2,1x16,242,default,baseline,225.26097296942643,189.00195876361028
population_size,population_32,44,24,8,32,0.2,5,0.2,1x16,242,default,baseline,225.26097296942643,201.74127714547762
population_size,population_32,44,24,9,32,0.2,5,0.2,1x16,242,default,baseline,229.83294604884765,203.45639493931978
population_size,population_32,44,24,10,32,0.2,5,0.2,1x16,242,default,baseline,242.94091368429298,211.44893676947882
population_size,population_32,44,24,11,32,0.2,5,0.2,1x16,242,default,baseline,246.09361507706927,220.0681100567377
population_size,population_32,44,24,12,32,0.2,5,0.2,1x16,242,default,baseline,250.49800392396475,234.15621366000448
population_size,population_32,44,24,13,32,0.2,5,0.2,1x16,242,default,baseline,255.947602334112,244.01730892361235
population_size,population_32,44,24,14,32,0.2,5,0.2,1x16,242,default,baseline,255.947602334112,244.97464657032555
population_size,population_32,44,24,15,32,0.2,5,0.2,1x16,242,default,baseline,256.6948585387132,245.08017632779575
population_size,population_32,44,24,16,32,0.2,5,0.2,1x16,242,default,baseline,257.42835334915594,251.66217644723665
population_size,population_32,44,24,17,32,0.2,5,0.2,1x16,242,default,baseline,259.7771417585121,249.87356843614805
population_size,population_32,44,24,18,32,0.2,5,0.2,1x16,242,default,baseline,259.9462345984381,253.7671167921779
population_size,population_32,44,24,19,32,0.2,5,0.2,1x16,242,default,baseline,261.69385160782497,255.33995915180572
population_size,population_32,44,24,20,32,0.2,5,0.2,1x16,242,default,baseline,261.69385160782497,256.0819533571939
population_size,population_32,44,24,21,32,0.2,5,0.2,1x16,242,default,baseline,262.5280637933161,257.95253036983786
population_size,population_32,44,24,22,32,0.2,5,0.2,1x16,242,default,baseline,262.5280637933161,258.3611794403852
population_size,population_32,44,24,23,32,0.2,5,0.2,1x16,242,default,baseline,262.5280637933161,258.23024460474056
population_size,population_32,44,24,24,32,0.2,5,0.2,1x16,242,default,baseline,263.30159460429945,259.30492717508963
population_size,population_32,45,24,0,32,0.2,5,0.2,1x16,242,default,baseline,176.01205572940387,132.70468997561971
population_size,population_32,45,24,1,32,0.2,5,0.2,1x16,242,default,baseline,176.01205572940387,153.93726522533285
population_size,population_32,45,24,2,32,0.2,5,0.2,1x16,242,default,baseline,177.58804616176909,163.53647481919148
population_size,population_32,45,24,3,32,0.2,5,0.2,1x16,242,default,baseline,182.5921292387933,163.59216150046933
population_size,population_32,45,24,4,32,0.2,5,0.2,1x16,242,default,baseline,192.10375108806775,165.04091320942615
population_size,population_32,45,24,5,32,0.2,5,0.2,1x16,242,default,baseline,193.52401780701035,169.1893010358123
population_size,population_32,45,24,6,32,0.2,5,0.2,1x16,242,default,baseline,195.71657312529297,173.07120698017152
population_size,population_32,45,24,7,32,0.2,5,0.2,1x16,242,default,baseline,226.09283719762635,179.1274902094575
population_size,population_32,45,24,8,32,0.2,5,0.2,1x16,242,default,baseline,226.09283719762635,191.950441426812
population_size,population_32,45,24,9,32,0.2,5,0.2,1x16,242,default,baseline,245.39553332322777,200.66004599046224
population_size,population_32,45,24,10,32,0.2,5,0.2,1x16,242,default,baseline,246.10669715884788,223.38307198457062
population_size,population_32,45,24,11,32,0.2,5,0.2,1x16,242,default,baseline,248.80804417312027,238.8979642737262
population_size,population_32,45,24,12,32,0.2,5,0.2,1x16,242,default,baseline,251.0799092236677,244.35754233211372
population_size,population_32,45,24,13,32,0.2,5,0.2,1x16,242,default,baseline,251.6541651466161,246.2866176360797
population_size,population_32,45,24,14,32,0.2,5,0.2,1x16,242,default,baseline,253.10077794961612,247.83651270086216
population_size,population_32,45,24,15,32,0.2,5,0.2,1x16,242,default,baseline,255.2343096025728,247.55764240185414
population_size,population_32,45,24,16,32,0.2,5,0.2,1x16,242,default,baseline,255.98326910750689,249.7570623718443
population_size,population_32,45,24,17,32,0.2,5,0.2,1x16,242,default,baseline,256.598791299052,251.47713576848253
population_size,population_32,45,24,18,32,0.2,5,0.2,1x16,242,default,baseline,258.09161827876835,252.31442286998234
population_size,population_32,45,24,19,32,0.2,5,0.2,1x16,242,default,baseline,258.86990203163907,254.6395109501087
population_size,population_32,45,24,20,32,0.2,5,0.2,1x16,242,default,baseline,260.1661306541043,255.83518560761092
population_size,population_32,45,24,21,32,0.2,5,0.2,1x16,242,default,baseline,260.6373759504213,257.8449031456137
population_size,population_32,45,24,22,32,0.2,5,0.2,1x16,242,default,baseline,262.76323046081956,258.6183536304874
population_size,population_32,45,24,23,32,0.2,5,0.2,1x16,242,default,baseline,263.22450651750387,259.28453481670164
population_size,population_32,45,24,24,32,0.2,5,0.2,1x16,242,default,baseline,263.84381151124626,260.3592226573031
population_size,population_32,46,24,0,32,0.2,5,0.2,1x16,242,default,baseline,171.4800659643133,121.33287332903011
population_size,population_32,46,24,1,32,0.2,5,0.2,1x16,242,default,baseline,178.07670675043508,144.70773410337466
population_size,population_32,46,24,2,32,0.2,5,0.2,1x16,242,default,baseline,188.2127636084772,159.3312580450534
population_size,population_32,46,24,3,32,0.2,5,0.2,1x16,242,default,baseline,190.96452623590778,165.76702638095952
population_size,population_32,46,24,4,32,0.2,5,0.2,1x16,242,default,baseline,200.90520439577807,172.59652904748708
population_size,population_32,46,24,5,32,0.2,5,0.2,1x16,242,default,baseline,214.5915554671811,191.58277431651197
population_size,population_32,46,24,6,32,0.2,5,0.2,1x16,242,default,baseline,218.80375539667665,203.70969761103095
population_size,population_32,46,24,7,32,0.2,5,0.2,1x16,242,default,baseline,231.47888304305863,211.8607347675925
population_size,population_32,46,24,8,32,0.2,5,0.2,1x16,242,default,baseline,235.66382825750867,218.91654255950635
population_size,population_32,46,24,9,32,0.2,5,0.2,1x16,242,default,baseline,241.25734350287712,230.15739370407886
population_size,population_32,46,24,10,32,0.2,5,0.2,1x16,242,default,baseline,243.22725503665401,232.0993255770538
population_size,population_32,46,24,11,32,0.2,5,0.2,1x16,242,default,baseline,250.7457367641423,239.15078747579076
population_size,population_32,46,24,12,32,0.2,5,0.2,1x16,242,default,baseline,251.93099044402166,244.26452172211444
population_size,population_32,46,24,13,32,0.2,5,0.2,1x16,242,default,baseline,252.29579432544716,248.56091081173253
population_size,population_32,46,24,14,32,0.2,5,0.2,1x16,242,default,baseline,252.89321663340303,249.99174310128365
population_size,population_32,46,24,15,32,0.2,5,0.2,1x16,242,default,baseline,255.46601689523018,251.60761451387458
population_size,population_32,46,24,16,32,0.2,5,0.2,1x16,242,default,baseline,256.6682912900095,252.2698124391851
population_size,population_32,46,24,17,32,0.2,5,0.2,1x16,242,default,baseline,259.7762554444407,255.1965452147881
population_size,population_32,46,24,18,32,0.2,5,0.2,1x16,242,default,baseline,260.3156032857432,256.1137698746098
population_size,population_32,46,24,19,32,0.2,5,0.2,1x16,242,default,baseline,260.7327401778677,256.4827593319033
population_size,population_32,46,24,20,32,0.2,5,0.2,1x16,242,default,baseline,261.37258018615796,257.56450373178257
population_size,population_32,46,24,21,32,0.2,5,0.2,1x16,242,default,baseline,262.8338666915009,258.3128127072433
population_size,population_32,46,24,22,32,0.2,5,0.2,1x16,242,default,baseline,263.54630508128554,260.1676823249234
population_size,population_32,46,24,23,32,0.2,5,0.2,1x16,242,default,baseline,263.7597332304932,259.9336382039902
population_size,population_32,46,24,24,32,0.2,5,0.2,1x16,242,default,baseline,263.7597332304932,259.7044433327594
elite_tournament,elite_0.10_t3,42,24,0,16,0.2,3,0.1,1x16,242,default,baseline,174.64691605755775,123.93725940568496
elite_tournament,elite_0.10_t3,42,24,1,16,0.2,3,0.1,1x16,242,default,baseline,174.64691605755775,143.12999335246494
elite_tournament,elite_0.10_t3,42,24,2,16,0.2,3,0.1,1x16,242,default,baseline,183.16437880788615,156.85718955593498
elite_tournament,elite_0.10_t3,42,24,3,16,0.2,3,0.1,1x16,242,default,baseline,194.3128007132808,168.60068491830486
elite_tournament,elite_0.10_t3,42,24,4,16,0.2,3,0.1,1x16,242,default,baseline,213.7157768723639,186.12674718446976
elite_tournament,elite_0.10_t3,42,24,5,16,0.2,3,0.1,1x16,242,default,baseline,213.7157768723639,195.85173975237973
elite_tournament,elite_0.10_t3,42,24,6,16,0.2,3,0.1,1x16,242,default,baseline,221.79406295336562,204.63455355211704
elite_tournament,elite_0.10_t3,42,24,7,16,0.2,3,0.1,1x16,242,default,baseline,228.67309594569866,214.33692237100303
elite_tournament,elite_0.10_t3,42,24,8,16,0.2,3,0.1,1x16,242,default,baseline,231.4293082546651,219.3797585776968
elite_tournament,elite_0.10_t3,42,24,9,16,0.2,3,0.1,1x16,242,default,baseline,236.70803632363908,221.51494821873985
elite_tournament,elite_0.10_t3,42,24,10,16,0.2,3,0.1,1x16,242,default,baseline,239.286238188457,229.02241253767474
elite_tournament,elite_0.10_t3,42,24,11,16,0.2,3,0.1,1x16,242,default,baseline,242.50440461421618,236.39717528999086
elite_tournament,elite_0.10_t3,42,24,12,16,0.2,3,0.1,1x16,242,default,baseline,249.49446542731357,238.21732658870715
elite_tournament,elite_0.10_t3,42,24,13,16,0.2,3,0.1,1x16,242,default,baseline,249.90534778185636,243.59117833775406
elite_tournament,elite_0.10_t3,42,24,14,16,0.2,3,0.1,1x16,242,default,baseline,252.91099996035143,247.0117845851374
elite_tournament,elite_0.10_t3,42,24,15,16,0.2,3,0.1,1x16,242,default,baseline,252.92662173471984,249.10124446294665
elite_tournament,elite_0.10_t3,42,24,16,16,0.2,3,0.1,1x16,242,default,baseline,254.83453514087932,250.75014361848557
elite_tournament,elite_0.10_t3,42,24,17,16,0.2,3,0.1,1x16,242,default,baseline,256.3438157492266,252.96987480198072
elite_tournament,elite_0.10_t3,42,24,18,16,0.2,3,0.1,1x16,242,default,baseline,257.90226897335094,254.3545271804859
elite_tournament,elite_0.10_t3,42,24,19,16,0.2,3,0.1,1x16,242,default,baseline,258.3063670840645,255.29561055471038
elite_tournament,elite_0.10_t3,42,24,20,16,0.2,3,0.1,1x16,242,default,baseline,259.6039869534022,257.0971676789205
elite_tournament,elite_0.10_t3,42,24,21,16,0.2,3,0.1,1x16,242,default,baseline,259.6039869534022,256.4145676130545
elite_tournament,elite_0.10_t3,42,24,22,16,0.2,3,0.1,1x16,242,default,baseline,259.6039869534022,256.66537418839874
elite_tournament,elite_0.10_t3,42,24,23,16,0.2,3,0.1,1x16,242,default,baseline,259.6039869534022,256.1985715160091
elite_tournament,elite_0.10_t3,42,24,24,16,0.2,3,0.1,1x16,242,default,baseline,260.70382353669027,257.39728231228474
elite_tournament,elite_0.10_t3,43,24,0,16,0.2,3,0.1,1x16,242,default,baseline,173.15606138289232,124.72290905134332
elite_tournament,elite_0.10_t3,43,24,1,16,0.2,3,0.1,1x16,242,default,baseline,173.15606138289232,148.57386945591037
elite_tournament,elite_0.10_t3,43,24,2,16,0.2,3,0.1,1x16,242,default,baseline,177.49905110281244,154.89074134434725
elite_tournament,elite_0.10_t3,43,24,3,16,0.2,3,0.1,1x16,242,default,baseline,185.37081393681183,164.6072329890523
elite_tournament,elite_0.10_t3,43,24,4,16,0.2,3,0.1,1x16,242,default,baseline,185.37081393681183,173.14304357705714
elite_tournament,elite_0.10_t3,43,24,5,16,0.2,3,0.1,1x16,242,default,baseline,195.18457302634795,178.412120003321
elite_tournament,elite_0.10_t3,43,24,6,16,0.2,3,0.1,1x16,242,default,baseline,213.3168105145362,184.94145432512278
elite_tournament,elite_0.10_t3,43,24,7,16,0.2,3,0.1,1x16,242,default,baseline,213.3168105145362,191.80576343522284
elite_tournament,elite_0.10_t3,43,24,8,16,0.2,3,0.1,1x16,242,default,baseline,216.8106226724126,207.54364260451132
elite_tournament,elite_0.10_t3,43,24,9,16,0.2,3,0.1,1x16,242,default,baseline,222.96258394404788,208.02444482900205
elite_tournament,elite_0.10_t3,43,24,10,16,0.2,3,0.1,1x16,242,default,baseline,227.2712793056525,212.34556050116004
elite_tournament,elite_0.10_t3,43,24,11,16,0.2,3,0.1,1x16,242,default,baseline,227.81171390394854,216.89920236153137
elite_tournament,elite_0.10_t3,43,24,12,16,0.2,3,0.1,1x16,242,default,baseline,228.02933522058026,218.33410568063837
elite_tournament,elite_0.10_t3,43,24,13,16,0.2,3,0.1,1x16,242,default,baseline,234.25088157335747,228.502875660542
elite_tournament,elite_0.10_t3,43,24,14,16,0.2,3,0.1,1x16,242,default,baseline,239.5279699540086,228.88699808865303
elite_tournament,elite_0.10_t3,43,24,15,16,0.2,3,0.1,1x16,242,default,baseline,241.257444832215,235.6342775650657
elite_tournament,elite_0.10_t3,43,24,16,16,0.2,3,0.1,1x16,242,default,baseline,241.257444832215,236.00957257100987
elite_tournament,elite_0.10_t3,43,24,17,16,0.2,3,0.1,1x16,242,default,baseline,241.257444832215,236.42532834278308
elite_tournament,elite_0.10_t3,43,24,18,16,0.2,3,0.1,1x16,242,default,baseline,242.8519837266382,238.96099628907785
elite_tournament,elite_0.10_t3,43,24,19,16,0.2,3,0.1,1x16,242,default,baseline,246.4389588174448,239.5455498658626
elite_tournament,elite_0.10_t3,43,24,20,16,0.2,3,0.1,1x16,242,default,baseline,249.60986470096663,242.12923537638522
elite_tournament,elite_0.10_t3,43,24,21,16,0.2,3,0.1,1x16,242,default,baseline,249.60986470096663,245.50762765537286
elite_tournament,elite_0.10_t3,43,24,22,16,0.2,3,0.1,1x16,242,default,baseline,249.60986470096663,245.41217935684847
elite_tournament,elite_0.10_t3,43,24,23,16,0.2,3,0.1,1x16,242,default,baseline,250.96584617025604,247.7462886101629
elite_tournament,elite_0.10_t3,43,24,24,16,0.2,3,0.1,1x16,242,default,baseline,252.05058461274334,248.96657120271533
elite_tournament,elite_0.10_t3,44,24,0,16,0.2,3,0.1,1x16,242,default,baseline,175.29002860123632,118.06396367334293
elite_tournament,elite_0.10_t3,44,24,1,16,0.2,3,0.1,1x16,242,default,baseline,177.71208045532464,141.90169340491713
elite_tournament,elite_0.10_t3,44,24,2,16,0.2,3,0.1,1x16,242,default,baseline,177.82443113267522,154.86317871920483
elite_tournament,elite_0.10_t3,44,24,3,16,0.2,3,0.1,1x16,242,default,baseline,181.57337484939532,157.4371646492463
elite_tournament,elite_0.10_t3,44,24,4,16,0.2,3,0.1,1x16,242,default,baseline,194.27108869430214,172.148303742248
elite_tournament,elite_0.10_t3,44,24,5,16,0.2,3,0.1,1x16,242,default,baseline,194.27108869430214,181.13880241939594
elite_tournament,elite_0.10_t3,44,24,6,16,0.2,3,0.1,1x16,242,default,baseline,200.14657820291802,182.51553683018454
elite_tournament,elite_0.10_t3,44,24,7,16,0.2,3,0.1,1x16,242,default,baseline,207.8811217032918,187.3311534286303
elite_tournament,elite_0.10_t3,44,24,8,16,0.2,3,0.1,1x16,242,default,baseline,226.60370096656484,201.09240862383075
elite_tournament,elite_0.10_t3,44,24,9,16,0.2,3,0.1,1x16,242,default,baseline,226.60370096656484,210.42259276911312
elite_tournament,elite_0.10_t3,44,24,10,16,0.2,3,0.1,1x16,242,default,baseline,237.5680023885086,213.59003365034147
elite_tournament,elite_0.10_t3,44,24,11,16,0.2,3,0.1,1x16,242,default,baseline,241.73364753590084,223.51453550432828
elite_tournament,elite_0.10_t3,44,24,12,16,0.2,3,0.1,1x16,242,default,baseline,245.8329967322474,233.24330998776747
elite_tournament,elite_0.10_t3,44,24,13,16,0.2,3,0.1,1x16,242,default,baseline,247.52650266166148,235.93705893500555
elite_tournament,elite_0.10_t3,44,24,14,16,0.2,3,0.1,1x16,242,default,baseline,251.01732704505946,242.4188390328929
elite_tournament,elite_0.10_t3,44,24,15,16,0.2,3,0.1,1x16,242,default,baseline,257.0171185493592,244.40799097385124
elite_tournament,elite_0.10_t3,44,24,16,16,0.2,3,0.1,1x16,242,default,baseline,257.0171185493592,243.4334574964665
elite_tournament,elite_0.10_t3,44,24,17,16,0.2,3,0.1,1x16,242,default,baseline,257.0171185493592,248.65433453562537
elite_tournament,elite_0.10_t3,44,24,18,16,0.2,3,0.1,1x16,242,default,baseline,257.0606177953333,252.17757890658265
elite_tournament,elite_0.10_t3,44,24,19,16,0.2,3,0.1,1x16,242,default,baseline,259.5059478714146,253.65540792381586
elite_tournament,elite_0.10_t3,44,24,20,16,0.2,3,0.1,1x16,242,default,baseline,260.3760664124553,256.74121936043673
elite_tournament,elite_0.10_t3,44,24,21,16,0.2,3,0.1,1x16,242,default,baseline,260.3760664124553,256.27879742127845
elite_tournament,elite_0.10_t3,44,24,22,16,0.2,3,0.1,1x16,242,default,baseline,262.0389649828571,257.4381211213599
elite_tournament,elite_0.10_t3,44,24,23,16,0.2,3,0.1,1x16,242,default,baseline,262.50813269617754,256.39549090874607
elite_tournament,elite_0.10_t3,44,24,24,16,0.2,3,0.1,1x16,242,default,baseline,263.346852424223,258.44609241191273
elite_tournament,elite_0.10_t3,45,24,0,16,0.2,3,0.1,1x16,242,default,baseline,176.01205572940387,142.46705767544887
elite_tournament,elite_0.10_t3,45,24,1,16,0.2,3,0.1,1x16,242,default,baseline,176.01205572940387,143.94778395878427
elite_tournament,elite_0.10_t3,45,24,2,16,0.2,3,0.1,1x16,242,default,baseline,176.01205572940387,149.6515076272608
elite_tournament,elite_0.10_t3,45,24,3,16,0.2,3,0.1,1x16,242,default,baseline,179.78491636026985,162.81327842839886
elite_tournament,elite_0.10_t3,45,24,4,16,0.2,3,0.1,1x16,242,default,baseline,181.94841927536496,172.18800228949556
elite_tournament,elite_0.10_t3,45,24,5,16,0.2,3,0.1,1x16,242,default,baseline,194.39470136048882,176.38548009040537
elite_tournament,elite_0.10_t3,45,24,6,16,0.2,3,0.1,1x16,242,default,baseline,200.66805328886517,176.64092834737676
elite_tournament,elite_0.10_t3,45,24,7,16,0.2,3,0.1,1x16,242,default,baseline,201.09757100596755,182.8388595239959
elite_tournament,elite_0.10_t3,45,24,8,16,0.2,3,0.1,1x16,242,default,baseline,201.09757100596755,182.01293472102253
elite_tournament,elite_0.10_t3,45,24,9,16,0.2,3,0.1,1x16,242,default,baseline,211.15818339211592,190.26093381100537
elite_tournament,elite_0.10_t3,45,24,10,16,0.2,3,0.1,1x16,242,default,baseline,215.81838472912887,193.95441343632473
elite_tournament,elite_0.10_t3,45,24,11,16,0.2,3,0.1,1x16,242,default,baseline,217.26924120275748,197.18789011215074
elite_tournament,elite_0.10_t3,45,24,12,16,0.2,3,0.1,1x16,242,default,baseline,228.3900940921137,206.2978749199114
elite_tournament,elite_0.10_t3,45,24,13,16,0.2,3,0.1,1x16,242,default,baseline,236.29993686197554,215.25872706813095
elite_tournament,elite_0.10_t3,45,24,14,16,0.2,3,0.1,1x16,242,default,baseline,247.82870494261732,221.6513262430033
elite_tournament,elite_0.10_t3,45,24,15,16,0.2,3,0.1,1x16,242,default,baseline,247.82870494261732,227.4745437605887
elite_tournament,elite_0.10_t3,45,24,16,16,0.2,3,0.1,1x16,242,default,baseline,248.80881506101025,237.57529057808455
elite_tournament,elite_0.10_t3,45,24,17,16,0.2,3,0.1,1x16,242,default,baseline,253.31881781340624,243.73429859915325
elite_tournament,elite_0.10_t3,45,24,18,16,0.2,3,0.1,1x16,242,default,baseline,253.31881781340624,246.69003379117677
elite_tournament,elite_0.10_t3,45,24,19,16,0.2,3,0.1,1x16,242,default,baseline,257.810390609322,249.44672084325512
elite_tournament,elite_0.10_t3,45,24,20,16,0.2,3,0.1,1x16,242,default,baseline,258.07847245042854,251.01889044995323
elite_tournament,elite_0.10_t3,45,24,21,16,0.2,3,0.1,1x16,242,default,baseline,258.07847245042854,250.87724836344097
elite_tournament,elite_0.10_t3,45,24,22,16,0.2,3,0.1,1x16,242,default,baseline,258.4917382750141,253.78150676648983
elite_tournament,elite_0.10_t3,45,24,23,16,0.2,3,0.1,1x16,242,default,baseline,260.2776438361752,254.46957977003024
elite_tournament,elite_0.10_t3,45,24,24,16,0.2,3,0.1,1x16,242,default,baseline,260.2776438361752,255.33891686988392
elite_tournament,elite_0.10_t3,46,24,0,16,0.2,3,0.1,1x16,242,default,baseline,164.28817654436307,118.77169150605076
elite_tournament,elite_0.10_t3,46,24,1,16,0.2,3,0.1,1x16,242,default,baseline,167.47709892462336,133.10567908368847
elite_tournament,elite_0.10_t3,46,24,2,16,0.2,3,0.1,1x16,242,default,baseline,176.88996624450417,152.15010411845125
elite_tournament,elite_0.10_t3,46,24,3,16,0.2,3,0.1,1x16,242,default,baseline,181.58442012564117,146.7295494895414
elite_tournament,elite_0.10_t3,46,24,4,16,0.2,3,0.1,1x16,242,default,baseline,181.58442012564117,155.5746105547288
elite_tournament,elite_0.10_t3,46,24,5,16,0.2,3,0.1,1x16,242,default,baseline,181.58442012564117,167.35984238254963
elite_tournament,elite_0.10_t3,46,24,6,16,0.2,3,0.1,1x16,242,default,baseline,185.14555594231803,171.9633249090491
elite_tournament,elite_0.10_t3,46,24,7,16,0.2,3,0.1,1x16,242,default,baseline,198.3845184491671,179.08580481402547
elite_tournament,elite_0.10_t3,46,24,8,16,0.2,3,0.1,1x16,242,default,baseline,207.58689149629265,186.93090479541175
elite_tournament,elite_0.10_t3,46,24,9,16,0.2,3,0.1,1x16,242,default,baseline,216.92174244801396,190.68048519816298
elite_tournament,elite_0.10_t3,46,24,10,16,0.2,3,0.1,1x16,242,default,baseline,216.92174244801396,199.25261949546888
elite_tournament,elite_0.10_t3,46,24,11,16,0.2,3,0.1,1x16,242,default,baseline,228.10110892073206,207.83227601629554
elite_tournament,elite_0.10_t3,46,24,12,16,0.2,3,0.1,1x16,242,default,baseline,230.97238522092027,218.85283823108
elite_tournament,elite_0.10_t3,46,24,13,16,0.2,3,0.1,1x16,242,default,baseline,238.5683080798206,218.78134265758803
elite_tournament,elite_0.10_t3,46,24,14,16,0.2,3,0.1,1x16,242,default,baseline,239.98148647167562,226.85131986290943
elite_tournament,elite_0.10_t3,46,24,15,16,0.2,3,0.1,1x16,242,default,baseline,244.62938613187777,228.33436828716123
elite_tournament,elite_0.10_t3,46,24,16,16,0.2,3,0.1,1x16,242,default,baseline,252.08136458314388,237.64835462044556
elite_tournament,elite_0.10_t3,46,24,17,16,0.2,3,0.1,1x16,242,default,baseline,254.21907567941938,244.1154090880996
elite_tournament,elite_0.10_t3,46,24,18,16,0.2,3,0.1,1x16,242,default,baseline,257.4334891088455,246.247998750234
elite_tournament,elite_0.10_t3,46,24,19,16,0.2,3,0.1,1x16,242,default,baseline,258.70125388626855,252.47648736528137
elite_tournament,elite_0.10_t3,46,24,20,16,0.2,3,0.1,1x16,242,default,baseline,258.70125388626855,252.6323741381267
elite_tournament,elite_0.10_t3,46,24,21,16,0.2,3,0.1,1x16,242,default,baseline,259.1152105565467,254.99518102200875
elite_tournament,elite_0.10_t3,46,24,22,16,0.2,3,0.1,1x16,242,default,baseline,261.98021694602096,257.1718215737133
elite_tournament,elite_0.10_t3,46,24,23,16,0.2,3,0.1,1x16,242,default,baseline,261.98021694602096,256.69855392302657
elite_tournament,elite_0.10_t3,46,24,24,16,0.2,3,0.1,1x16,242,default,baseline,261.98021694602096,258.0162218989084
elite_tournament,elite_0.10_t4,42,24,0,16,0.2,4,0.1,1x16,242,default,baseline,174.64691605755775,123.93725940568496
elite_tournament,elite_0.10_t4,42,24,1,16,0.2,4,0.1,1x16,242,default,baseline,174.64691605755775,142.981911300087
elite_tournament,elite_0.10_t4,42,24,2,16,0.2,4,0.1,1x16,242,default,baseline,190.38167859135865,166.16401419340713
elite_tournament,elite_0.10_t4,42,24,3,16,0.2,4,0.1,1x16,242,default,baseline,194.50625968115287,175.38244562979855
elite_tournament,elite_0.10_t4,42,24,4,16,0.2,4,0.1,1x16,242,default,baseline,209.26709720792365,178.5544567336059
elite_tournament,elite_0.10_t4,42,24,5,16,0.2,4,0.1,1x16,242,default,baseline,209.26709720792365,190.7747711431366
elite_tournament,elite_0.10_t4,42,24,6,16,0.2,4,0.1,1x16,242,default,baseline,212.4985256739957,199.34090056072307
elite_tournament,elite_0.10_t4,42,24,7,16,0.2,4,0.1,1x16,242,default,baseline,221.89673908229187,206.98641385872233
elite_tournament,elite_0.10_t4,42,24,8,16,0.2,4,0.1,1x16,242,default,baseline,225.75681503044444,213.7247541119242
elite_tournament,elite_0.10_t4,42,24,9,16,0.2,4,0.1,1x16,242,default,baseline,231.36901066323162,219.68205407965914
elite_tournament,elite_0.10_t4,42,24,10,16,0.2,4,0.1,1x16,242,default,baseline,231.61586522543496,223.02791894282743
elite_tournament,elite_0.10_t4,42,24,11,16,0.2,4,0.1,1x16,242,default,baseline,239.72402426824436,227.84200926206034
elite_tournament,elite_0.10_t4,42,24,12,16,0.2,4,0.1,1x16,242,default,baseline,245.8281280310398,228.6248916350621
elite_tournament,elite_0.10_t4,42,24,13,16,0.2,4,0.1,1x16,242,default,baseline,246.67679796868748,236.1798263915706
elite_tournament,elite_0.10_t4,42,24,14,16,0.2,4,0.1,1x16,242,default,baseline,257.178168852054,241.3628705855798
elite_tournament,elite_0.10_t4,42,24,15,16,0.2,4,0.1,1x16,242,default,baseline,258.0345918388633,249.73042673893622
elite_tournament,elite_0.10_t4,42,24,16,16,0.2,4,0.1,1x16,242,default,baseline,260.6014172181136,254.56686651480766
elite_tournament,elite_0.10_t4,42,24,17,16,0.2,4,0.1,1x16,242,default,baseline,260.6014172181136,257.29420356632284
elite_tournament,elite_0.10_t4,42,24,18,16,0.2,4,0.1,1x16,242,default,baseline,262.7207590323935,257.74011917304443
elite_tournament,elite_0.10_t4,42,24,19,16,0.2,4,0.1,1x16,242,default,baseline,262.7207590323935,256.9091505120923
elite_tournament,elite_0.10_t4,42,24,20,16,0.2,4,0.1,1x16,242,default,baseline,262.7207590323935,259.3000943959328
elite_tournament,elite_0.10_t4,42,24,21,16,0.2,4,0.1,1x16,242,default,baseline,262.7207590323935,258.4196067885625
elite_tournament,elite_0.10_t4,42,24,22,16,0.2,4,0.1,1x16,242,default,baseline,262.7207590323935,258.7633007524804
elite_tournament,elite_0.10_t4,42,24,23,16,0.2,4,0.1,1x16,242,default,baseline,262.7207590323935,258.3314175478879
elite_tournament,elite_0.10_t4,42,24,24,16,0.2,4,0.1,1x16,242,default,baseline,262.7207590323935,259.33627800842095
elite_tournament,elite_0.10_t4,43,24,0,16,0.2,4,0.1,1x16,242,default,baseline,173.15606138289232,124.72290905134332
elite_tournament,elite_0.10_t4,43,24,1,16,0.2,4,0.1,1x16,242,default,baseline,174.46661892111462,149.8120914213576
elite_tournament,elite_0.10_t4,43,24,2,16,0.2,4,0.1,1x16,242,default,baseline,177.49905110281244,168.04893934183434
elite_tournament,elite_0.10_t4,43,24,3,16,0.2,4,0.1,1x16,242,default,baseline,177.49905110281244,171.2837995547957
elite_tournament,elite_0.10_t4,43,24,4,16,0.2,4,0.1,1x16,242,default,baseline,180.0595994340404,173.21421926759916
elite_tournament,elite_0.10_t4,43,24,5,16,0.2,4,0.1,1x16,242,default,baseline,194.74952850600866,178.24691429922
elite_tournament,elite_0.10_t4,43,24,6,16,0.2,4,0.1,1x16,242,default,baseline,208.38566524297488,187.84242766169706
elite_tournament,elite_0.10_t4,43,24,7,16,0.2,4,0.1,1x16,242,default,baseline,208.38566524297488,200.283994892186
elite_tournament,elite_0.10_t4,43,24,8,16,0.2,4,0.1,1x16,242,default,baseline,220.73093377941336,203.27722960805306
elite_tournament,elite_0.10_t4,43,24,9,16,0.2,4,0.1,1x16,242,default,baseline,222.6527147879755,213.24503813431713
elite_tournament,elite_0.10_t4,43,24,10,16,0.2,4,0.1,1x16,242,default,baseline,229.94056757834852,217.01548488517759
elite_tournament,elite_0.10_t4,43,24,11,16,0.2,4,0.1,1x16,242,default,baseline,237.00698934998886,226.3755638601732
elite_tournament,elite_0.10_t4,43,24,12,16,0.2,4,0.1,1x16,242,default,baseline,244.9515085189398,234.82922066834618
elite_tournament,elite_0.10_t4,43,24,13,16,0.2,4,0.1,1x16,242,default,baseline,247.6515704193018,238.50399848716654
elite_tournament,elite_0.10_t4,43,24,14,16,0.2,4,0.1,1x16,242,default,baseline,251.6985033268428,244.03978067147384
elite_tournament,elite_0.10_t4,43,24,15,16,0.2,4,0.1,1x16,242,default,baseline,252.4352022362541,246.86342606698167
elite_tournament,elite_0.10_t4,43,24,16,16,0.2,4,0.1,1x16,242,default,baseline,255.84214194552462,248.47102751311633
elite_tournament,elite_0.10_t4,43,24,17,16,0.2,4,0.1,1x16,242,default,baseline,255.84214194552462,251.91527474250833
elite_tournament,elite_0.10_t4,43,24,18,16,0.2,4,0.1,1x16,242,default,baseline,257.8486663472057,252.71953263041803
elite_tournament,elite_0.10_t4,43,24,19,16,0.2,4,0.1,1x16,242,default,baseline,258.5039846569023,253.33612892885827
elite_tournament,elite_0.10_t4,43,24,20,16,0.2,4,0.1,1x16,242,default,baseline,259.7494402865689,255.61620088862088
elite_tournament,elite_0.10_t4,43,24,21,16,0.2,4,0.1,1x16,242,default,baseline,259.7494402865689,256.33420694268113
elite_tournament,elite_0.10_t4,43,24,22,16,0.2,4,0.1,1x16,242,default,baseline,260.36393944369763,256.9513250484258
elite_tournament,elite_0.10_t4,43,24,23,16,0.2,4,0.1,1x16,242,default,baseline,260.58201332623344,257.0080859583845
elite_tournament,elite_0.10_t4,43,24,24,16,0.2,4,0.1,1x16,242,default,baseline,260.74903028390094,257.7657743233573
elite_tournament,elite_0.10_t4,44,24,0,16,0.2,4,0.1,1x16,242,default,baseline,175.29002860123632,118.06396367334293
elite_tournament,elite_0.10_t4,44,24,1,16,0.2,4,0.1,1x16,242,default,baseline,177.71208045532464,142.31250999115736
elite_tournament,elite_0.10_t4,44,24,2,16,0.2,4,0.1,1x16,242,default,baseline,177.82443113267522,157.77849534890845
elite_tournament,elite_0.10_t4,44,24,3,16,0.2,4,0.1,1x16,242,default,baseline,181.93256717149285,170.2498488333328
elite_tournament,elite_0.10_t4,44,24,4,16,0.2,4,0.1,1x16,242,default,baseline,195.8873362537339,178.9647081353489
elite_tournament,elite_0.10_t4,44,24,5,16,0.2,4,0.1,1x16,242,default,baseline,204.83024468426845,182.19392893098956
elite_tournament,elite_0.10_t4,44,24,6,16,0.2,4,0.1,1x16,242,default,baseline,204.83024468426845,190.0152496412781
elite_tournament,elite_0.10_t4,44,24,7,16,0.2,4,0.1,1x16,242,default,baseline,213.46932359648204,195.55924585731253
elite_tournament,elite_0.10_t4,44,24,8,16,0.2,4,0.1,1x16,242,default,baseline,219.7312004278225,203.05288497371546
elite_tournament,elite_0.10_t4,44,24,9,16,0.2,4,0.1,1x16,242,default,baseline,221.4801549883781,209.18383051309962
elite_tournament,elite_0.10_t4,44,24,10,16,0.2,4,0.1,1x16,242,default,baseline,228.1370610315666,216.02875259755933
elite_tournament,elite_0.10_t4,44,24,11,16,0.2,4,0.1,1x16,242,default,baseline,233.4809764638689,224.0704996056266
elite_tournament,elite_0.10_t4,44,24,12,16,0.2,4,0.1,1x16,242,default,baseline,238.8249337845935,227.67156959994873
elite_tournament,elite_0.10_t4,44,24,13,16,0.2,4,0.1,1x16,242,default,baseline,240.69683916536644,231.61284199722365
elite_tournament,elite_0.10_t4,44,24,14,16,0.2,4,0.1,1x16,242,default,baseline,251.2838324211537,237.4404942263642
elite_tournament,elite_0.10_t4,44,24,15,16,0.2,4,0.1,1x16,242,default,baseline,252.04885088590925,242.28585101861734
elite_tournament,elite_0.10_t4,44,24,16,16,0.2,4,0.1,1x16,242,default,baseline,252.04885088590925,246.3950583613031
elite_tournament,elite_0.10_t4,44,24,17,16,0.2,4,0.1,1x16,242,default,baseline,254.26580913502107,250.08963803061903
elite_tournament,elite_0.10_t4,44,24,18,16,0.2,4,0.1,1x16,242,default,baseline,256.1998879387339,249.33032136473744
elite_tournament,elite_0.10_t4,44,24,19,16,0.2,4,0.1,1x16,242,default,baseline,258.155803983331,253.611003610917
elite_tournament,elite_0.10_t4,44,24,20,16,0.2,4,0.1,1x16,242,default,baseline,260.9301042691736,255.7840176711418
elite_tournament,elite_0.10_t4,44,24,21,16,0.2,4,0.1,1x16,242,default,baseline,260.9301042691736,258.57254701525153
elite_tournament,elite_0.10_t4,44,24,22,16,0.2,4,0.1,1x16,242,default,baseline,263.07168942615357,258.8774616923348
elite_tournament,elite_0.10_t4,44,24,23,16,0.2,4,0.1,1x16,242,default,baseline,263.07168942615357,259.5450040686262
elite_tournament,elite_0.10_t4,44,24,24,16,0.2,4,0.1,1x16,242,default,baseline,263.07168942615357,259.8074728578503
elite_tournament,elite_0.10_t4,45,24,0,16,0.2,4,0.1,1x16,242,default,baseline,176.01205572940387,142.46705767544887
elite_tournament,elite_0.10_t4,45,24,1,16,0.2,4,0.1,1x16,242,default,baseline,176.01205572940387,145.73230530263186
elite_tournament,elite_0.10_t4,45,24,2,16,0.2,4,0.1,1x16,242,default,baseline,180.75378548347015,160.99062741382704
elite_tournament,elite_0.10_t4,45,24,3,16,0.2,4,0.1,1x16,242,default,baseline,181.24359088191773,164.82793681338043
elite_tournament,elite_0.10_t4,45,24,4,16,0.2,4,0.1,1x16,242,default,baseline,184.55382438810054,168.64157269093022
elite_tournament,elite_0.10_t4,45,24,5,16,0.2,4,0.1,1x16,242,default,baseline,189.99075364656167,177.29266327645814
elite_tournament,elite_0.10_t4,45,24,6,16,0.2,4,0.1,1x16,242,default,baseline,204.77476748024947,176.87607338971446
elite_tournament,elite_0.10_t4,45,24,7,16,0.2,4,0.1,1x16,242,default,baseline,216.0253015589206,186.60789969739056
elite_tournament,elite_0.10_t4,45,24,8,16,0.2,4,0.1,1x16,242,default,baseline,219.16676025218334,191.70176542139754
elite_tournament,elite_0.10_t4,45,24,9,16,0.2,4,0.1,1x16,242,default,baseline,239.82755407236803,209.4642696868981
elite_tournament,elite_0.10_t4,45,24,10,16,0.2,4,0.1,1x16,242,default,baseline,241.98185360761454,219.67223295217698
elite_tournament,elite_0.10_t4,45,24,11,16,0.2,4,0.1,1x16,242,default,baseline,244.74928253185462,230.8120480833012
elite_tournament,elite_0.10_t4,45,24,12,16,0.2,4,0.1,1x16,242,default,baseline,247.28236135408892,238.099170459996
elite_tournament,elite_0.10_t4,45,24,13,16,0.2,4,0.1,1x16,242,default,baseline,248.40122131396285,239.9047463093354
elite_tournament,elite_0.10_t4,45,24,14,16,0.2,4,0.1,1x16,242,default,baseline,248.40122131396285,243.10443153946625
elite_tournament,elite_0.10_t4,45,24,15,16,0.2,4,0.1,1x16,242,default,baseline,249.9265502558688,246.10358530805493
elite_tournament,elite_0.10_t4,45,24,16,16,0.2,4,0.1,1x16,242,default,baseline,250.72263126416797,248.66357048190278
elite_tournament,elite_0.10_t4,45,24,17,16,0.2,4,0.1,1x16,242,default,baseline,251.64158114785687,249.0411029097364
elite_tournament,elite_0.10_t4,45,24,18,16,0.2,4,0.1,1x16,242,default,baseline,251.8304346631328,250.19524701706314
elite_tournament,elite_0.10_t4,45,24,19,16,0.2,4,0.1,1x16,242,default,baseline,252.49390738842567,250.04559842964778
elite_tournament,elite_0.10_t4,45,24,20,16,0.2,4,0.1,1x16,242,default,baseline,252.49390738842567,250.56332594317138
elite_tournament,elite_0.10_t4,45,24,21,16,0.2,4,0.1,1x16,242,default,baseline,252.9108679600759,250.8010518387431
elite_tournament,elite_0.10_t4,45,24,22,16,0.2,4,0.1,1x16,242,default,baseline,253.6319424371792,251.27970396812572
elite_tournament,elite_0.10_t4,45,24,23,16,0.2,4,0.1,1x16,242,default,baseline,253.8460208109794,252.25744965818734
elite_tournament,elite_0.10_t4,45,24,24,16,0.2,4,0.1,1x16,242,default,baseline,254.86450718037747,252.65069701697894
elite_tournament,elite_0.10_t4,46,24,0,16,0.2,4,0.1,1x16,242,default,baseline,164.28817654436307,118.77169150605076
elite_tournament,elite_0.10_t4,46,24,1,16,0.2,4,0.1,1x16,242,default,baseline,167.47709892462336,139.0220130161955
elite_tournament,elite_0.10_t4,46,24,2,16,0.2,4,0.1,1x16,242,default,baseline,173.64468361619114,154.0863227133238
elite_tournament,elite_0.10_t4,46,24,3,16,0.2,4,0.1,1x16,242,default,baseline,175.94574842327398,156.43474945880305
elite_tournament,elite_0.10_t4,46,24,4,16,0.2,4,0.1,1x16,242,default,baseline,182.41217291264553,170.10534019524346
elite_tournament,elite_0.10_t4,46,24,5,16,0.2,4,0.1,1x16,242,default,baseline,184.04647856812937,173.81089264504288
elite_tournament,elite_0.10_t4,46,24,6,16,0.2,4,0.1,1x16,242,default,baseline,196.43694350636576,175.93333205558127
elite_tournament,elite_0.10_t4,46,24,7,16,0.2,4,0.1,1x16,242,default,baseline,207.72152789166296,185.51762923221887
elite_tournament,elite_0.10_t4,46,24,8,16,0.2,4,0.1,1x16,242,default,baseline,212.84813596816247,196.6167951659438
elite_tournament,elite_0.10_t4,46,24,9,16,0.2,4,0.1,1x16,242,default,baseline,227.39725430350524,208.40771870058342
elite_tournament,elite_0.10_t4,46,24,10,16,0.2,4,0.1,1x16,242,default,baseline,238.70631063594547,211.6511255190522
elite_tournament,elite_0.10_t4,46,24,11,16,0.2,4,0.1,1x16,242,default,baseline,238.89480890692994,222.70019265287618
elite_tournament,elite_0.10_t4,46,24,12,16,0.2,4,0.1,1x16,242,default,baseline,242.69679375919935,231.7068386401845
elite_tournament,elite_0.10_t4,46,24,13,16,0.2,4,0.1,1x16,242,default,baseline,250.20820770991236,236.74714321161585
elite_tournament,elite_0.10_t4,46,24,14,16,0.2,4,0.1,1x16,242,default,baseline,250.20820770991236,239.60845335167147
elite_tournament,elite_0.10_t4,46,24,15,16,0.2,4,0.1,1x16,242,default,baseline,250.20820770991236,241.14554588675082
elite_tournament,elite_0.10_t4,46,24,16,16,0.2,4,0.1,1x16,242,default,baseline,250.33868770529347,245.42207092029804
elite_tournament,elite_0.10_t4,46,24,17,16,0.2,4,0.1,1x16,242,default,baseline,257.0673886370272,248.4566128482448
elite_tournament,elite_0.10_t4,46,24,18,16,0.2,4,0.1,1x16,242,default,baseline,257.0673886370272,247.86513365125364
elite_tournament,elite_0.10_t4,46,24,19,16,0.2,4,0.1,1x16,242,default,baseline,257.0673886370272,250.3492152556962
elite_tournament,elite_0.10_t4,46,24,20,16,0.2,4,0.1,1x16,242,default,baseline,258.93875353478575,249.74068823570937
elite_tournament,elite_0.10_t4,46,24,21,16,0.2,4,0.1,1x16,242,default,baseline,259.11813382592317,254.09982115193714
elite_tournament,elite_0.10_t4,46,24,22,16,0.2,4,0.1,1x16,242,default,baseline,259.11813382592317,255.4065901141463
elite_tournament,elite_0.10_t4,46,24,23,16,0.2,4,0.1,1x16,242,default,baseline,260.11721765439154,256.5597448616534
elite_tournament,elite_0.10_t4,46,24,24,16,0.2,4,0.1,1x16,242,default,baseline,261.70395972195956,258.28231749649797
elite_tournament,elite_0.10_t5,42,24,0,16,0.2,5,0.1,1x16,242,default,baseline,174.64691605755775,123.93725940568496
elite_tournament,elite_0.10_t5,42,24,1,16,0.2,5,0.1,1x16,242,default,baseline,174.64691605755775,136.9831435466462
elite_tournament,elite_0.10_t5,42,24,2,16,0.2,5,0.1,1x16,242,default,baseline,190.38167859135865,165.04544437641465
elite_tournament,elite_0.10_t5,42,24,3,16,0.2,5,0.1,1x16,242,default,baseline,195.88580041668843,182.68269743073802
elite_tournament,elite_0.10_t5,42,24,4,16,0.2,5,0.1,1x16,242,default,baseline,203.56363708659697,191.19271703408504
elite_tournament,elite_0.10_t5,42,24,5,16,0.2,5,0.1,1x16,242,default,baseline,214.08545974099843,195.79749526652452
elite_tournament,elite_0.10_t5,42,24,6,16,0.2,5,0.1,1x16,242,default,baseline,219.14669478161574,201.9671942432013
elite_tournament,elite_0.10_t5,42,24,7,16,0.2,5,0.1,1x16,242,default,baseline,227.03606511556563,208.31090288183546
elite_tournament,elite_0.10_t5,42,24,8,16,0.2,5,0.1,1x16,242,default,baseline,227.03606511556563,211.17533715619578
elite_tournament,elite_0.10_t5,42,24,9,16,0.2,5,0.1,1x16,242,default,baseline,230.79768774150955,216.3209102665657
elite_tournament,elite_0.10_t5,42,24,10,16,0.2,5,0.1,1x16,242,default,baseline,239.72065770374877,220.58380078724397
elite_tournament,elite_0.10_t5,42,24,11,16,0.2,5,0.1,1x16,242,default,baseline,241.75592399275772,231.9411645879295
elite_tournament,elite_0.10_t5,42,24,12,16,0.2,5,0.1,1x16,242,default,baseline,246.26396374314876,239.47836461277964
elite_tournament,elite_0.10_t5,42,24,13,16,0.2,5,0.1,1x16,242,default,baseline,246.26396374314876,242.3258406726008
elite_tournament,elite_0.10_t5,42,24,14,16,0.2,5,0.1,1x16,242,default,baseline,249.02691909430433,243.13671565505285
elite_tournament,elite_0.10_t5,42,24,15,16,0.2,5,0.1,1x16,242,default,baseline,255.47077411441012,246.1248019802415
elite_tournament,elite_0.10_t5,42,24,16,16,0.2,5,0.1,1x16,242,default,baseline,255.47077411441012,249.5495921209301
elite_tournament,elite_0.10_t5,42,24,17,16,0.2,5,0.1,1x16,242,default,baseline,257.43359758796703,250.82803815393686
elite_tournament,elite_0.10_t5,42,24,18,16,0.2,5,0.1,1x16,242,default,baseline,258.0739573621301,254.5220960065776
elite_tournament,elite_0.10_t5,42,24,19,16,0.2,5,0.1,1x16,242,default,baseline,259.8436818805533,256.3224837493902
elite_tournament,elite_0.10_t5,42,24,20,16,0.2,5,0.1,1x16,242,default,baseline,259.8436818805533,257.1179051468067
elite_tournament,elite_0.10_t5,42,24,21,16,0.2,5,0.1,1x16,242,default,baseline,259.9762017150132,257.4125015603044
elite_tournament,elite_0.10_t5,42,24,22,16,0.2,5,0.1,1x16,242,default,baseline,261.95923845632956,258.2378549955402
elite_tournament,elite_0.10_t5,42,24,23,16,0.2,5,0.1,1x16,242,default,baseline,261.95923845632956,257.74553173919287
elite_tournament,elite_0.10_t5,42,24,24,16,0.2,5,0.1,1x16,242,default,baseline,261.95923845632956,258.89831121326665
elite_tournament,elite_0.10_t5,43,24,0,16,0.2,5,0.1,1x16,242,default,baseline,173.15606138289232,124.72290905134332
elite_tournament,elite_0.10_t5,43,24,1,16,0.2,5,0.1,1x16,242,default,baseline,174.46661892111462,153.23776173841202
elite_tournament,elite_0.10_t5,43,24,2,16,0.2,5,0.1,1x16,242,default,baseline,178.45721185410468,168.59974478577954
elite_tournament,elite_0.10_t5,43,24,3,16,0.2,5,0.1,1x16,242,default,baseline,178.45721185410468,170.89530766253642
elite_tournament,elite_0.10_t5,43,24,4,16,0.2,5,0.1,1x16,242,default,baseline,183.4192642310946,171.24183790114782
elite_tournament,elite_0.10_t5,43,24,5,16,0.2,5,0.1,1x16,242,default,baseline,184.5300507523996,173.98374314279494
elite_tournament,elite_0.10_t5,43,24,6,16,0.2,5,0.1,1x16,242,default,baseline,201.95606333827385,185.651488288229
elite_tournament,elite_0.10_t5,43,24,7,16,0.2,5,0.1,1x16,242,default,baseline,201.95606333827385,190.92468005287716
elite_tournament,elite_0.10_t5,43,24,8,16,0.2,5,0.1,1x16,242,default,baseline,212.1511244190101,197.8967377407417
elite_tournament,elite_0.10_t5,43,24,9,16,0.2,5,0.1,1x16,242,default,baseline,216.40187626579848,204.22283278806276
elite_tournament,elite_0.10_t5,43,24,10,16,0.2,5,0.1,1x16,242,default,baseline,218.52797596277455,210.8478426510876
elite_tournament,elite_0.10_t5,43,24,11,16,0.2,5,0.1,1x16,242,default,baseline,225.3384244947335,214.11169481332453
elite_tournament,elite_0.10_t5,43,24,12,16,0.2,5,0.1,1x16,242,default,baseline,237.5866834735575,224.44092051657773
elite_tournament,elite_0.10_t5,43,24,13,16,0.2,5,0.1,1x16,242,default,baseline,238.20764495133716,229.8507716151708
elite_tournament,elite_0.10_t5,43,24,14,16,0.2,5,0.1,1x16,242,default,baseline,244.3368687401314,234.9027433084043
elite_tournament,elite_0.10_t5,43,24,15,16,0.2,5,0.1,1x16,242,default,baseline,245.4814036912204,238.32186927997444
elite_tournament,elite_0.10_t5,43,24,16,16,0.2,5,0.1,1x16,242,default,baseline,246.10155536822697,241.8386128683265
elite_tournament,elite_0.10_t5,43,24,17,16,0.2,5,0.1,1x16,242,default,baseline,249.2596108630153,243.64949911902187
elite_tournament,elite_0.10_t5,43,24,18,16,0.2,5,0.1,1x16,242,default,baseline,252.04748555374772,244.61716526064993
elite_tournament,elite_0.10_t5,43,24,19,16,0.2,5,0.1,1x16,242,default,baseline,254.18318361542458,248.13013088122472
elite_tournament,elite_0.10_t5,43,24,20,16,0.2,5,0.1,1x16,242,default,baseline,254.66831283505633,251.4214009802464
elite_tournament,elite_0.10_t5,43,24,21,16,0.2,5,0.1,1x16,242,default,baseline,257.90544195897604,253.15765114118727
elite_tournament,elite_0.10_t5,43,24,22,16,0.2,5,0.1,1x16,242,default,baseline,260.1575017933208,255.0464482032042
elite_tournament,elite_0.10_t5,43,24,23,16,0.2,5,0.1,1x16,242,default,baseline,260.1575017933208,256.1572314560592
elite_tournament,elite_0.10_t5,43,24,24,16,0.2,5,0.1,1x16,242,default,baseline,261.6428184754391,258.39893960076597
elite_tournament,elite_0.10_t5,44,24,0,16,0.2,5,0.1,1x16,242,default,baseline,175.29002860123632,118.06396367334293
elite_tournament,elite_0.10_t5,44,24,1,16,0.2,5,0.1,1x16,242,default,baseline,177.71208045532464,151.80871760036553
elite_tournament,elite_0.10_t5,44,24,2,16,0.2,5,0.1,1x16,242,default,baseline,179.10399537256166,161.802851479774
elite_tournament,elite_0.10_t5,44,24,3,16,0.2,5,0.1,1x16,242,default,baseline,181.82608559523314,177.97319180254686
elite_tournament,elite_0.10_t5,44,24,4,16,0.2,5,0.1,1x16,242,default,baseline,184.49752618660088,179.90481957868508
elite_tournament,elite_0.10_t5,44,24,5,16,0.2,5,0.1,1x16,242,default,baseline,185.32877230622847,180.66685658317368
elite_tournament,elite_0.10_t5,44,24,6,16,0.2,5,0.1,1x16,242,default,baseline,189.6167274759651,182.4279901814768
elite_tournament,elite_0.10_t5,44,24,7,16,0.2,5,0.1,1x16,242,default,baseline,204.95393394322076,188.4232828919083
elite_tournament,elite_0.10_t5,44,24,8,16,0.2,5,0.1,1x16,242,default,baseline,218.6231014462615,195.73348182445454
elite_tournament,elite_0.10_t5,44,24,9,16,0.2,5,0.1,1x16,242,default,baseline,236.1102601472616,209.16789211878046
elite_tournament,elite_0.10_t5,44,24,10,16,0.2,5,0.1,1x16,242,default,baseline,237.62805387925974,224.32386305203931
elite_tournament,elite_0.10_t5,44,24,11,16,0.2,5,0.1,1x16,242,default,baseline,245.13975113201246,232.8124480651899
elite_tournament,elite_0.10_t5,44,24,12,16,0.2,5,0.1,1x16,242,default,baseline,245.5909163797706,239.88978720402469
elite_tournament,elite_0.10_t5,44,24,13,16,0.2,5,0.1,1x16,242,default,baseline,247.71224827931417,241.04488806213533
elite_tournament,elite_0.10_t5,44,24,14,16,0.2,5,0.1,1x16,242,default,baseline,250.71917756935704,244.98526183730084
elite_tournament,elite_0.10_t5,44,24,15,16,0.2,5,0.1,1x16,242,default,baseline,253.72570663278708,245.40361367839353
elite_tournament,elite_0.10_t5,44,24,16,16,0.2,5,0.1,1x16,242,default,baseline,254.34375426042521,249.86841927274025
elite_tournament,elite_0.10_t5,44,24,17,16,0.2,5,0.1,1x16,242,default,baseline,257.6637208177565,251.81945388214098
elite_tournament,elite_0.10_t5,44,24,18,16,0.2,5,0.1,1x16,242,default,baseline,258.6876880252663,252.71813223203606
elite_tournament,elite_0.10_t5,44,24,19,16,0.2,5,0.1,1x16,242,default,baseline,259.8873321193456,257.01500319451384
elite_tournament,elite_0.10_t5,44,24,20,16,0.2,5,0.1,1x16,242,default,baseline,261.7899259924156,256.7497727865485
elite_tournament,elite_0.10_t5,44,24,21,16,0.2,5,0.1,1x16,242,default,baseline,262.56639504038657,258.71328471974357
elite_tournament,elite_0.10_t5,44,24,22,16,0.2,5,0.1,1x16,242,default,baseline,262.56639504038657,260.1375204097898
elite_tournament,elite_0.10_t5,44,24,23,16,0.2,5,0.1,1x16,242,default,baseline,262.56639504038657,260.82098503435634
elite_tournament,elite_0.10_t5,44,24,24,16,0.2,5,0.1,1x16,242,default,baseline,263.61536755130913,260.46768944208327
elite_tournament,elite_0.10_t5,45,24,0,16,0.2,5,0.1,1x16,242,default,baseline,176.01205572940387,142.46705767544887
elite_tournament,elite_0.10_t5,45,24,1,16,0.2,5,0.1,1x16,242,default,baseline,176.01205572940387,140.24181575903347
elite_tournament,elite_0.10_t5,45,24,2,16,0.2,5,0.1,1x16,242,default,baseline,176.4512144355591,166.71090265207678
elite_tournament,elite_0.10_t5,45,24,3,16,0.2,5,0.1,1x16,242,default,baseline,178.27329385766177,175.238350462787
elite_tournament,elite_0.10_t5,45,24,4,16,0.2,5,0.1,1x16,242,default,baseline,183.31153658737082,176.50281249467167
elite_tournament,elite_0.10_t5,45,24,5,16,0.2,5,0.1,1x16,242,default,baseline,192.41402584175412,179.5226914810557
elite_tournament,elite_0.10_t5,45,24,6,16,0.2,5,0.1,1x16,242,default,baseline,193.32988324495332,180.4700068016427
elite_tournament,elite_0.10_t5,45,24,7,16,0.2,5,0.1,1x16,242,default,baseline,207.15351029406403,187.21745407555625
elite_tournament,elite_0.10_t5,45,24,8,16,0.2,5,0.1,1x16,242,default,baseline,222.73275553293445,199.70765324395674
elite_tournament,elite_0.10_t5,45,24,9,16,0.2,5,0.1,1x16,242,default,baseline,234.93437948014684,221.74177668877232
elite_tournament,elite_0.10_t5,45,24,10,16,0.2,5,0.1,1x16,242,default,baseline,240.96399423527717,227.8394353432239
elite_tournament,elite_0.10_t5,45,24,11,16,0.2,5,0.1,1x16,242,default,baseline,248.97292166775713,234.81612107003107
elite_tournament,elite_0.10_t5,45,24,12,16,0.2,5,0.1,1x16,242,default,baseline,248.97292166775713,241.22601687207322
elite_tournament,elite_0.10_t5,45,24,13,16,0.2,5,0.1,1x16,242,default,baseline,254.68104436289883,246.44013387111602
elite_tournament,elite_0.10_t5,45,24,14,16,0.2,5,0.1,1x16,242,default,baseline,256.52290936230213,247.558454899058
elite_tournament,elite_0.10_t5,45,24,15,16,0.2,5,0.1,1x16,242,default,baseline,258.9299206021793,254.54736444480181
elite_tournament,elite_0.10_t5,45,24,16,16,0.2,5,0.1,1x16,242,default,baseline,259.6319299090606,256.33071459090024
elite_tournament,elite_0.10_t5,45,24,17,16,0.2,5,0.1,1x16,242,default,baseline,259.95123077712344,256.2232447420339
elite_tournament,elite_0.10_t5,45,24,18,16,0.2,5,0.1,1x16,242,default,baseline,262.39079664116576,257.395882413893
elite_tournament,elite_0.10_t5,45,24,19,16,0.2,5,0.1,1x16,242,default,baseline,263.934102377936,257.0651486249858
elite_tournament,elite_0.10_t5,45,24,20,16,0.2,5,0.1,1x16,242,default,baseline,263.934102377936,260.3009587438879
elite_tournament,elite_0.10_t5,45,24,21,16,0.2,5,0.1,1x16,242,default,baseline,263.934102377936,260.01992361054926
elite_tournament,elite_0.10_t5,45,24,22,16,0.2,5,0.1,1x16,242,default,baseline,263.934102377936,259.3195773662093
elite_tournament,elite_0.10_t5,45,24,23,16,0.2,5,0.1,1x16,242,default,baseline,263.934102377936,259.6135882954753
elite_tournament,elite_0.10_t5,45,24,24,16,0.2,5,0.1,1x16,242,default,baseline,263.934102377936,261.35277995185606
elite_tournament,elite_0.10_t5,46,24,0,16,0.2,5,0.1,1x16,242,default,baseline,164.28817654436307,118.77169150605076
elite_tournament,elite_0.10_t5,46,24,1,16,0.2,5,0.1,1x16,242,default,baseline,166.8268949154229,147.2232321173572
elite_tournament,elite_0.10_t5,46,24,2,16,0.2,5,0.1,1x16,242,default,baseline,173.01340116235107,154.82382143827226
elite_tournament,elite_0.10_t5,46,24,3,16,0.2,5,0.1,1x16,242,default,baseline,176.7409951293764,165.72596450511452
elite_tournament,elite_0.10_t5,46,24,4,16,0.2,5,0.1,1x16,242,default,baseline,195.07828893654832,170.1020986192485
elite_tournament,elite_0.10_t5,46,24,5,16,0.2,5,0.1,1x16,242,default,baseline,207.84356116802022,181.3917506187539
elite_tournament,elite_0.10_t5,46,24,6,16,0.2,5,0.1,1x16,242,default,baseline,216.47697580688242,194.31705113018197
elite_tournament,elite_0.10_t5,46,24,7,16,0.2,5,0.1,1x16,242,default,baseline,219.25944360933062,208.2472946762312
elite_tournament,elite_0.10_t5,46,24,8,16,0.2,5,0.1,1x16,242,default,baseline,225.00883590286998,215.87236314725175
elite_tournament,elite_0.10_t5,46,24,9,16,0.2,5,0.1,1x16,242,default,baseline,235.05751038310456,220.61910603481326
elite_tournament,elite_0.10_t5,46,24,10,16,0.2,5,0.1,1x16,242,default,baseline,240.08802082405498,220.16995360724985
elite_tournament,elite_0.10_t5,46,24,11,16,0.2,5,0.1,1x16,242,default,baseline,249.44585563366212,238.26536651258118
elite_tournament,elite_0.10_t5,46,24,12,16,0.2,5,0.1,1x16,242,default,baseline,249.68824427777366,245.4208479755471
elite_tournament,elite_0.10_t5,46,24,13,16,0.2,5,0.1,1x16,242,default,baseline,250.35981433613625,248.11680914040397
elite_tournament,elite_0.10_t5,46,24,14,16,0.2,5,0.1,1x16,242,default,baseline,251.71126784671534,249.63144366422506
elite_tournament,elite_0.10_t5,46,24,15,16,0.2,5,0.1,1x16,242,default,baseline,253.06512683534874,251.00808904566023
elite_tournament,elite_0.10_t5,46,24,16,16,0.2,5,0.1,1x16,242,default,baseline,253.95598485130714,251.46051929292065
elite_tournament,elite_0.10_t5,46,24,17,16,0.2,5,0.1,1x16,242,default,baseline,255.28205764011022,252.48094234980186
elite_tournament,elite_0.10_t5,46,24,18,16,0.2,5,0.1,1x16,242,default,baseline,255.91564688420715,253.49075933676335
elite_tournament,elite_0.10_t5,46,24,19,16,0.2,5,0.1,1x16,242,default,baseline,257.23008869090484,253.68231272482032
elite_tournament,elite_0.10_t5,46,24,20,16,0.2,5,0.1,1x16,242,default,baseline,257.8159550809013,254.68730286392096
elite_tournament,elite_0.10_t5,46,24,21,16,0.2,5,0.1,1x16,242,default,baseline,258.1838710505358,255.55020946111728
elite_tournament,elite_0.10_t5,46,24,22,16,0.2,5,0.1,1x16,242,default,baseline,258.3691210648967,256.7394671820937
elite_tournament,elite_0.10_t5,46,24,23,16,0.2,5,0.1,1x16,242,default,baseline,258.5447400548747,256.4162643636516
elite_tournament,elite_0.10_t5,46,24,24,16,0.2,5,0.1,1x16,242,default,baseline,259.34999966177725,257.3243734479464
elite_tournament,elite_0.20_t3,42,24,0,16,0.2,3,0.2,1x16,242,default,baseline,174.64691605755775,123.93725940568496
elite_tournament,elite_0.20_t3,42,24,1,16,0.2,3,0.2,1x16,242,default,baseline,174.64691605755775,149.9735631191275
elite_tournament,elite_0.20_t3,42,24,2,16,0.2,3,0.2,1x16,242,default,baseline,175.77925515143556,162.84905624686684
elite_tournament,elite_0.20_t3,42,24,3,16,0.2,3,0.2,1x16,242,default,baseline,184.9181572675499,163.57598979576687
elite_tournament,elite_0.20_t3,42,24,4,16,0.2,3,0.2,1x16,242,default,baseline,193.71439699976642,176.28119121837767
elite_tournament,elite_0.20_t3,42,24,5,16,0.2,3,0.2,1x16,242,default,baseline,208.9421397845534,182.81092961994028
elite_tournament,elite_0.20_t3,42,24,6,16,0.2,3,0.2,1x16,242,default,baseline,221.23497890919347,188.49165310351876
elite_tournament,elite_0.20_t3,42,24,7,16,0.2,3,0.2,1x16,242,default,baseline,230.7250220894531,199.56671196231324
elite_tournament,elite_0.20_t3,42,24,8,16,0.2,3,0.2,1x16,242,default,baseline,239.51339236690842,210.55456295378008
elite_tournament,elite_0.20_t3,42,24,9,16,0.2,3,0.2,1x16,242,default,baseline,239.51339236690842,205.71209210762848
elite_tournament,elite_0.20_t3,42,24,10,16,0.2,3,0.2,1x16,242,default,baseline,245.05509484376898,214.98462417290023
elite_tournament,elite_0.20_t3,42,24,11,16,0.2,3,0.2,1x16,242,default,baseline,245.05509484376898,217.85784173436542
elite_tournament,elite_0.20_t3,42,24,12,16,0.2,3,0.2,1x16,242,default,baseline,245.05509484376898,229.19774958799263
elite_tournament,elite_0.20_t3,42,24,13,16,0.2,3,0.2,1x16,242,default,baseline,254.667548905376,238.5029448634368
elite_tournament,elite_0.20_t3,42,24,14,16,0.2,3,0.2,1x16,242,default,baseline,254.667548905376,242.83268634080744
elite_tournament,elite_0.20_t3,42,24,15,16,0.2,3,0.2,1x16,242,default,baseline,254.667548905376,246.60167417376258
elite_tournament,elite_0.20_t3,42,24,16,16,0.2,3,0.2,1x16,242,default,baseline,254.70391860045277,247.6030932565655
elite_tournament,elite_0.20_t3,42,24,17,16,0.2,3,0.2,1x16,242,default,baseline,259.6312501766969,250.07100947062457
elite_tournament,elite_0.20_t3,42,24,18,16,0.2,3,0.2,1x16,242,default,baseline,261.1077153726386,254.64966573594702
elite_tournament,elite_0.20_t3,42,24,19,16,0.2,3,0.2,1x16,242,default,baseline,261.1077153726386,257.7510756482923
elite_tournament,elite_0.20_t3,42,24,20,16,0.2,3,0.2,1x16,242,default,baseline,261.1077153726386,258.86946996204665
elite_tournament,elite_0.20_t3,42,24,21,16,0.2,3,0.2,1x16,242,default,baseline,261.1077153726386,257.9855341416309
elite_tournament,elite_0.20_t3,42,24,22,16,0.2,3,0.2,1x16,242,default,baseline,261.1077153726386,256.9919002561609
elite_tournament,elite_0.20_t3,42,24,23,16,0.2,3,0.2,1x16,242,default,baseline,261.9759968882978,259.48051016872637
elite_tournament,elite_0.20_t3,42,24,24,16,0.2,3,0.2,1x16,242,default,baseline,261.9759968882978,258.29775787900104
elite_tournament,elite_0.20_t3,43,24,0,16,0.2,3,0.2,1x16,242,default,baseline,173.15606138289232,124.72290905134332
elite_tournament,elite_0.20_t3,43,24,1,16,0.2,3,0.2,1x16,242,default,baseline,173.15606138289232,150.3495663647777
elite_tournament,elite_0.20_t3,43,24,2,16,0.2,3,0.2,1x16,242,default,baseline,175.34537294058197,155.11590522337949
elite_tournament,elite_0.20_t3,43,24,3,16,0.2,3,0.2,1x16,242,default,baseline,176.0183446131919,170.73545001070028
elite_tournament,elite_0.20_t3,43,24,4,16,0.2,3,0.2,1x16,242,default,baseline,177.17579703442632,173.74373447064417
elite_tournament,elite_0.20_t3,43,24,5,16,0.2,3,0.2,1x16,242,default,baseline,181.47949317775385,174.1484329863298
elite_tournament,elite_0.20_t3,43,24,6,16,0.2,3,0.2,1x16,242,default,baseline,183.46328239382814,176.4045220415013
elite_tournament,elite_0.20_t3,43,24,7,16,0.2,3,0.2,1x16,242,default,baseline,191.36755192840505,180.06722093946487
elite_tournament,elite_0.20_t3,43,24,8,16,0.2,3,0.2,1x16,242,default,baseline,191.36755192840505,182.82547049266262
elite_tournament,elite_0.20_t3,43,24,9,16,0.2,3,0.2,1x16,242,default,baseline,192.827176304199,186.14973566200575
elite_tournament,elite_0.20_t3,43,24,10,16,0.2,3,0.2,1x16,242,default,baseline,201.49574579860854,189.60885542498994
elite_tournament,elite_0.20_t3,43,24,11,16,0.2,3,0.2,1x16,242,default,baseline,228.90610075352743,196.74966055823853
elite_tournament,elite_0.20_t3,43,24,12,16,0.2,3,0.2,1x16,242,default,baseline,228.90610075352743,203.92508340070052
elite_tournament,elite_0.20_t3,43,24,13,16,0.2,3,0.2,1x16,242,default,baseline,232.24538449602653,214.22912520547703
elite_tournament,elite_0.20_t3,43,24,14,16,0.2,3,0.2,1x16,242,default,baseline,239.46061264486372,225.75797681823792
elite_tournament,elite_0.20_t3,43,24,15,16,0.2,3,0.2,1x16,242,default,baseline,244.21930296805135,232.68202448443418
elite_tournament,elite_0.20_t3,43,24,16,16,0.2,3,0.2,1x16,242,default,baseline,255.12513486572294,237.51335186986904
elite_tournament,elite_0.20_t3,43,24,17,16,0.2,3,0.2,1x16,242,default,baseline,255.12513486572294,244.83894522203158
elite_tournament,elite_0.20_t3,43,24,18,16,0.2,3,0.2,1x16,242,default,baseline,255.12513486572294,250.5097357041259
elite_tournament,elite_0.20_t3,43,24,19,16,0.2,3,0.2,1x16,242,default,baseline,256.5765003449878,251.39458635828055
elite_tournament,elite_0.20_t3,43,24,20,16,0.2,3,0.2,1x16,242,default,baseline,257.1124553100122,253.16170370582927
elite_tournament,elite_0.20_t3,43,24,21,16,0.2,3,0.2,1x16,242,default,baseline,257.1124553100122,253.46607485597838
elite_tournament,elite_0.20_t3,43,24,22,16,0.2,3,0.2,1x16,242,default,baseline,259.5569995944711,253.70121043832074
elite_tournament,elite_0.20_t3,43,24,23,16,0.2,3,0.2,1x16,242,default,baseline,259.5569995944711,254.80848185234117
elite_tournament,elite_0.20_t3,43,24,24,16,0.2,3,0.2,1x16,242,default,baseline,261.266495753943,256.53495450093226
elite_tournament,elite_0.20_t3,44,24,0,16,0.2,3,0.2,1x16,242,default,baseline,175.29002860123632,118.06396367334293
elite_tournament,elite_0.20_t3,44,24,1,16,0.2,3,0.2,1x16,242,default,baseline,175.29002860123632,142.94647536058045
elite_tournament,elite_0.20_t3,44,24,2,16,0.2,3,0.2,1x16,242,default,baseline,175.29002860123632,146.02087411116713
elite_tournament,elite_0.20_t3,44,24,3,16,0.2,3,0.2,1x16,242,default,baseline,187.9251555679166,153.89838435953266
elite_tournament,elite_0.20_t3,44,24,4,16,0.2,3,0.2,1x16,242,default,baseline,187.9251555679166,150.94701521467437
elite_tournament,elite_0.20_t3,44,24,5,16,0.2,3,0.2,1x16,242,default,baseline,201.0003399200608,158.84322460441336
elite_tournament,elite_0.20_t3,44,24,6,16,0.2,3,0.2,1x16,242,default,baseline,201.0003399200608,167.58376302871034
elite_tournament,elite_0.20_t3,44,24,7,16,0.2,3,0.2,1x16,242,default,baseline,205.011365564112,178.60881139042567
elite_tournament,elite_0.20_t3,44,24,8,16,0.2,3,0.2,1x16,242,default,baseline,215.14062824166393,190.05214733185892
elite_tournament,elite_0.20_t3,44,24,9,16,0.2,3,0.2,1x16,242,default,baseline,215.57440939154463,201.6713791058663
elite_tournament,elite_0.20_t3,44,24,10,16,0.2,3,0.2,1x16,242,default,baseline,223.82086481354082,208.8385466285375
elite_tournament,elite_0.20_t3,44,24,11,16,0.2,3,0.2,1x16,242,default,baseline,223.82086481354082,210.429051804413
elite_tournament,elite_0.20_t3,44,24,12,16,0.2,3,0.2,1x16,242,default,baseline,226.09051896945294,216.54437841341354
elite_tournament,elite_0.20_t3,44,24,13,16,0.2,3,0.2,1x16,242,default,baseline,229.88520306922575,221.9093720429156
elite_tournament,elite_0.20_t3,44,24,14,16,0.2,3,0.2,1x16,242,default,baseline,236.355678636429,223.2935790728887
elite_tournament,elite_0.20_t3,44,24,15,16,0.2,3,0.2,1x16,242,default,baseline,236.355678636429,222.29136171563164
elite_tournament,elite_0.20_t3,44,24,16,16,0.2,3,0.2,1x16,242,default,baseline,242.54716259322302,229.7268749064321
elite_tournament,elite_0.20_t3,44,24,17,16,0.2,3,0.2,1x16,242,default,baseline,243.8620478742787,237.16384587553344
elite_tournament,elite_0.20_t3,44,24,18,16,0.2,3,0.2,1x16,242,default,baseline,249.00241431266286,242.35335182232882
elite_tournament,elite_0.20_t3,44,24,19,16,0.2,3,0.2,1x16,242,default,baseline,250.16009744281575,244.25548517133288
elite_tournament,elite_0.20_t3,44,24,20,16,0.2,3,0.2,1x16,242,default,baseline,252.1483850791494,246.74228011952422
elite_tournament,elite_0.20_t3,44,24,21,16,0.2,3,0.2,1x16,242,default,baseline,252.1483850791494,247.06671032518426
elite_tournament,elite_0.20_t3,44,24,22,16,0.2,3,0.2,1x16,242,default,baseline,253.38747447000378,249.0772615713532
elite_tournament,elite_0.20_t3,44,24,23,16,0.2,3,0.2,1x16,242,default,baseline,253.7681866458442,250.83747442339143
elite_tournament,elite_0.20_t3,44,24,24,16,0.2,3,0.2,1x16,242,default,baseline,254.79826976525044,248.40979134606886
elite_tournament,elite_0.20_t3,45,24,0,16,0.2,3,0.2,1x16,242,default,baseline,176.01205572940387,142.46705767544887
elite_tournament,elite_0.20_t3,45,24,1,16,0.2,3,0.2,1x16,242,default,baseline,176.01205572940387,146.86751465819214
elite_tournament,elite_0.20_t3,45,24,2,16,0.2,3,0.2,1x16,242,default,baseline,176.54085674620032,158.05820226498446
elite_tournament,elite_0.20_t3,45,24,3,16,0.2,3,0.2,1x16,242,default,baseline,180.13313152217847,169.5964185450858
elite_tournament,elite_0.20_t3,45,24,4,16,0.2,3,0.2,1x16,242,default,baseline,190.54845327277576,172.03763707215924
elite_tournament,elite_0.20_t3,45,24,5,16,0.2,3,0.2,1x16,242,default,baseline,192.78294039718315,171.86284118218254
elite_tournament,elite_0.20_t3,45,24,6,16,0.2,3,0.2,1x16,242,default,baseline,192.78294039718315,169.35633353804684
elite_tournament,elite_0.20_t3,45,24,7,16,0.2,3,0.2,1x16,242,default,baseline,194.79512607508678,183.0451304331606
elite_tournament,elite_0.20_t3,45,24,8,16,0.2,3,0.2,1x16,242,default,baseline,205.36864536123397,186.63672810167446
elite_tournament,elite_0.20_t3,45,24,9,16,0.2,3,0.2,1x16,242,default,baseline,217.07498570434865,195.3830981705653
elite_tournament,elite_0.20_t3,45,24,10,16,0.2,3,0.2,1x16,242,default,baseline,217.07498570434865,197.6632256638388
elite_tournament,elite_0.20_t3,45,24,11,16,0.2,3,0.2,1x16,242,default,baseline,229.9893707500353,204.80435643137952
elite_tournament,elite_0.20_t3,45,24,12,16,0.2,3,0.2,1x16,242,default,baseline,229.9893707500353,214.2888483167481
elite_tournament,elite_0.20_t3,45,24,13,16,0.2,3,0.2,1x16,242,default,baseline,237.14002850510002,224.94164201430917
elite_tournament,elite_0.20_t3,45,24,14,16,0.2,3,0.2,1x16,242,default,baseline,237.1989506612935,227.77030263157283
elite_tournament,elite_0.20_t3,45,24,15,16,0.2,3,0.2,1x16,242,default,baseline,242.64372315257475,232.9783651967598
elite_tournament,elite_0.20_t3,45,24,16,16,0.2,3,0.2,1x16,242,default,baseline,242.64372315257475,237.64190787886577
elite_tournament,elite_0.20_t3,45,24,17,16,0.2,3,0.2,1x16,242,default,baseline,248.25876216872098,240.71832001779728
elite_tournament,elite_0.20_t3,45,24,18,16,0.2,3,0.2,1x16,242,default,baseline,250.29822655645114,243.9493411660885
elite_tournament,elite_0.20_t3,45,24,19,16,0.2,3,0.2,1x16,242,default,baseline,250.29822655645114,242.31634412931936
elite_tournament,elite_0.20_t3,45,24,20,16,0.2,3,0.2,1x16,242,default,baseline,255.00518260153416,244.76104461681004
elite_tournament,elite_0.20_t3,45,24,21,16,0.2,3,0.2,1x16,242,default,baseline,255.00518260153416,249.23597063205386
elite_tournament,elite_0.20_t3,45,24,22,16,0.2,3,0.2,1x16,242,default,baseline,255.6482457009016,251.459627134661
elite_tournament,elite_0.20_t3,45,24,23,16,0.2,3,0.2,1x16,242,default,baseline,255.6482457009016,252.45560979505373
elite_tournament,elite_0.20_t3,45,24,24,16,0.2,3,0.2,1x16,242,default,baseline,256.8433862118735,253.27378155728658
elite_tournament,elite_0.20_t3,46,24,0,16,0.2,3,0.2,1x16,242,default,baseline,164.28817654436307,118.77169150605076
elite_tournament,elite_0.20_t3,46,24,1,16,0.2,3,0.2,1x16,242,default,baseline,167.47709892462336,138.0789232177829
elite_tournament,elite_0.20_t3,46,24,2,16,0.2,3,0.2,1x16,242,default,baseline,170.8677701814074,136.10039280304568
elite_tournament,elite_0.20_t3,46,24,3,16,0.2,3,0.2,1x16,242,default,baseline,170.8677701814074,146.69308887280351
elite_tournament,elite_0.20_t3,46,24,4,16,0.2,3,0.2,1x16,242,default,baseline,185.67684973316864,149.73670523358695
elite_tournament,elite_0.20_t3,46,24,5,16,0.2,3,0.2,1x16,242,default,baseline,187.73529992437435,157.92288048655323
elite_tournament,elite_0.20_t3,46,24,6,16,0.2,3,0.2,1x16,242,default,baseline,204.35574876457534,174.90833042764203
elite_tournament,elite_0.20_t3,46,24,7,16,0.2,3,0.2,1x16,242,default,baseline,204.35574876457534,185.48789750734744
elite_tournament,elite_0.20_t3,46,24,8,16,0.2,3,0.2,1x16,242,default,baseline,219.99666406897387,198.78850786541696
elite_tournament,elite_0.20_t3,46,24,9,16,0.2,3,0.2,1x16,242,default,baseline,229.6572276503712,209.4284956407983
elite_tournament,elite_0.20_t3,46,24,10,16,0.2,3,0.2,1x16,242,default,baseline,230.0465406499749,218.39941194769966
elite_tournament,elite_0.20_t3,46,24,11,16,0.2,3,0.2,1x16,242,default,baseline,239.74482299638075,221.2653890141963
elite_tournament,elite_0.20_t3,46,24,12,16,0.2,3,0.2,1x16,242,default,baseline,244.11054438136745,233.36832909968868
elite_tournament,elite_0.20_t3,46,24,13,16,0.2,3,0.2,1x16,242,default,baseline,246.76961583489424,239.8296486989721
elite_tournament,elite_0.20_t3,46,24,14,16,0.2,3,0.2,1x16,242,default,baseline,252.78029650140792,243.49728518716375
elite_tournament,elite_0.20_t3,46,24,15,16,0.2,3,0.2,1x16,242,default,baseline,255.9463188111191,251.25110276317076
elite_tournament,elite_0.20_t3,46,24,16,16,0.2,3,0.2,1x16,242,default,baseline,256.7695577363156,253.199168568534
elite_tournament,elite_0.20_t3,46,24,17,16,0.2,3,0.2,1x16,242,default,baseline,259.2426630800797,254.02686547500412
elite_tournament,elite_0.20_t3,46,24,18,16,0.2,3,0.2,1x16,242,default,baseline,259.9669565009431,256.85896644427334
elite_tournament,elite_0.20_t3,46,24,19,16,0.2,3,0.2,1x16,242,default,baseline,262.4056188299308,258.4321546499665
elite_tournament,elite_0.20_t3,46,24,20,16,0.2,3,0.2,1x16,242,default,baseline,262.52417158733226,259.14548502294707
elite_tournament,elite_0.20_t3,46,24,21,16,0.2,3,0.2,1x16,242,default,baseline,262.52417158733226,259.08139621773995
elite_tournament,elite_0.20_t3,46,24,22,16,0.2,3,0.2,1x16,242,default,baseline,262.55963351596546,259.5528874796369
elite_tournament,elite_0.20_t3,46,24,23,16,0.2,3,0.2,1x16,242,default,baseline,262.55963351596546,259.28517541062047
elite_tournament,elite_0.20_t3,46,24,24,16,0.2,3,0.2,1x16,242,default,baseline,262.55963351596546,259.3281608786027
elite_tournament,elite_0.20_t4,42,24,0,16,0.2,4,0.2,1x16,242,default,baseline,174.64691605755775,123.93725940568496
elite_tournament,elite_0.20_t4,42,24,1,16,0.2,4,0.2,1x16,242,default,baseline,174.64691605755775,149.8254810667496
elite_tournament,elite_0.20_t4,42,24,2,16,0.2,4,0.2,1x16,242,default,baseline,178.9474375016876,164.13863360236232
elite_tournament,elite_0.20_t4,42,24,3,16,0.2,4,0.2,1x16,242,default,baseline,186.00834524367235,169.5958465312769
elite_tournament,elite_0.20_t4,42,24,4,16,0.2,4,0.2,1x16,242,default,baseline,190.38507159954432,172.80496828612795
elite_tournament,elite_0.20_t4,42,24,5,16,0.2,4,0.2,1x16,242,default,baseline,199.85454293819623,172.57109871741267
elite_tournament,elite_0.20_t4,42,24,6,16,0.2,4,0.2,1x16,242,default,baseline,200.58212044073028,184.83215746496927
elite_tournament,elite_0.20_t4,42,24,7,16,0.2,4,0.2,1x16,242,default,baseline,203.5262615590292,192.1026594625487
elite_tournament,elite_0.20_t4,42,24,8,16,0.2,4,0.2,1x16,242,default,baseline,216.88178405339187,201.27233425652926
elite_tournament,elite_0.20_t4,42,24,9,16,0.2,4,0.2,1x16,242,default,baseline,225.06136518322356,205.88107376515399
elite_tournament,elite_0.20_t4,42,24,10,16,0.2,4,0.2,1x16,242,default,baseline,225.06136518322356,214.31114884804225
elite_tournament,elite_0.20_t4,42,24,11,16,0.2,4,0.2,1x16,242,default,baseline,230.7360922614957,220.46420276053453
elite_tournament,elite_0.20_t4,42,24,12,16,0.2,4,0.2,1x16,242,default,baseline,232.53663748495453,227.21225688977995
elite_tournament,elite_0.20_t4,42,24,13,16,0.2,4,0.2,1x16,242,default,baseline,238.52338443601056,231.43636062428814
elite_tournament,elite_0.20_t4,42,24,14,16,0.2,4,0.2,1x16,242,default,baseline,239.89018542770606,234.5944724941368
elite_tournament,elite_0.20_t4,42,24,15,16,0.2,4,0.2,1x16,242,default,baseline,242.93872842603292,236.7091606851481
elite_tournament,elite_0.20_t4,42,24,16,16,0.2,4,0.2,1x16,242,default,baseline,245.09878824696875,239.17247443042118
elite_tournament,elite_0.20_t4,42,24,17,16,0.2,4,0.2,1x16,242,default,baseline,246.50316695727332,241.87684157066315
elite_tournament,elite_0.20_t4,42,24,18,16,0.2,4,0.2,1x16,242,default,baseline,247.100449574876,244.58346869906865
elite_tournament,elite_0.20_t4,42,24,19,16,0.2,4,0.2,1x16,242,default,baseline,247.53338537020204,245.69176314778156
elite_tournament,elite_0.20_t4,42,24,20,16,0.2,4,0.2,1x16,242,default,baseline,254.19101107008987,246.64991344116402
elite_tournament,elite_0.20_t4,42,24,21,16,0.2,4,0.2,1x16,242,default,baseline,254.2710527526889,248.89698692432071
elite_tournament,elite_0.20_t4,42,24,22,16,0.2,4,0.2,1x16,242,default,baseline,255.69071987369088,252.15710874509384
elite_tournament,elite_0.20_t4,42,24,23,16,0.2,4,0.2,1x16,242,default,baseline,256.3901881442325,254.01532101362136
elite_tournament,elite_0.20_t4,42,24,24,16,0.2,4,0.2,1x16,242,default,baseline,257.6072366356239,254.65387822008196
elite_tournament,elite_0.20_t4,43,24,0,16,0.2,4,0.2,1x16,242,default,baseline,173.15606138289232,124.72290905134332
elite_tournament,elite_0.20_t4,43,24,1,16,0.2,4,0.2,1x16,242,default,baseline,174.46661892111462,151.69888816002538
elite_tournament,elite_0.20_t4,43,24,2,16,0.2,4,0.2,1x16,242,default,baseline,175.34537294058197,165.9343769490232
elite_tournament,elite_0.20_t4,43,24,3,16,0.2,4,0.2,1x16,242,default,baseline,176.66420827518337,173.73297672060082
elite_tournament,elite_0.20_t4,43,24,4,16,0.2,4,0.2,1x16,242,default,baseline,176.66420827518337,173.5623893938861
elite_tournament,elite_0.20_t4,43,24,5,16,0.2,4,0.2,1x16,242,default,baseline,178.82474068323927,173.31184564662834
elite_tournament,elite_0.20_t4,43,24,6,16,0.2,4,0.2,1x16,242,default,baseline,184.9990541063293,176.2621608480646
elite_tournament,elite_0.20_t4,43,24,7,16,0.2,4,0.2,1x16,242,default,baseline,191.84825588281677,180.06101205703249
elite_tournament,elite_0.20_t4,43,24,8,16,0.2,4,0.2,1x16,242,default,baseline,198.23698308311862,183.48215868762713
elite_tournament,elite_0.20_t4,43,24,9,16,0.2,4,0.2,1x16,242,default,baseline,200.98362191385218,190.18849254686577
elite_tournament,elite_0.20_t4,43,24,10,16,0.2,4,0.2,1x16,242,default,baseline,206.2515299017416,196.51423079113715
elite_tournament,elite_0.20_t4,43,24,11,16,0.2,4,0.2,1x16,242,default,baseline,214.46619897840117,201.33474867412264
elite_tournament,elite_0.20_t4,43,24,12,16,0.2,4,0.2,1x16,242,default,baseline,226.07673961236645,203.92449565801343
elite_tournament,elite_0.20_t4,43,24,13,16,0.2,4,0.2,1x16,242,default,baseline,228.60652720559,214.0471469669606
elite_tournament,elite_0.20_t4,43,24,14,16,0.2,4,0.2,1x16,242,default,baseline,231.7211771567451,224.34005490465563
elite_tournament,elite_0.20_t4,43,24,15,16,0.2,4,0.2,1x16,242,default,baseline,233.37368887893854,225.94825101907577
elite_tournament,elite_0.20_t4,43,24,16,16,0.2,4,0.2,1x16,242,default,baseline,238.42666617156948,228.79621775013712
elite_tournament,elite_0.20_t4,43,24,17,16,0.2,4,0.2,1x16,242,default,baseline,239.97855333090115,232.17622533243662
elite_tournament,elite_0.20_t4,43,24,18,16,0.2,4,0.2,1x16,242,default,baseline,241.62196705764583,236.8208111004748
elite_tournament,elite_0.20_t4,43,24,19,16,0.2,4,0.2,1x16,242,default,baseline,246.61512049445204,239.7330140328893
elite_tournament,elite_0.20_t4,43,24,20,16,0.2,4,0.2,1x16,242,default,baseline,250.37636600130634,241.94713040850348
elite_tournament,elite_0.20_t4,43,24,21,16,0.2,4,0.2,1x16,242,default,baseline,253.73882972143633,245.25397958438396
elite_tournament,elite_0.20_t4,43,24,22,16,0.2,4,0.2,1x16,242,default,baseline,256.96804813659577,247.82893574413686
elite_tournament,elite_0.20_t4,43,24,23,16,0.2,4,0.2,1x16,242,default,baseline,259.25667350912914,250.91487090124608
elite_tournament,elite_0.20_t4,43,24,24,16,0.2,4,0.2,1x16,242,default,baseline,259.6186374260269,257.0435959771358
elite_tournament,elite_0.20_t4,44,24,0,16,0.2,4,0.2,1x16,242,default,baseline,175.29002860123632,118.06396367334293
elite_tournament,elite_0.20_t4,44,24,1,16,0.2,4,0.2,1x16,242,default,baseline,175.29002860123632,143.35729194682068
elite_tournament,elite_0.20_t4,44,24,2,16,0.2,4,0.2,1x16,242,default,baseline,176.33605687099842,161.19570942321883
elite_tournament,elite_0.20_t4,44,24,3,16,0.2,4,0.2,1x16,242,default,baseline,181.57107558256598,151.4705069234439
elite_tournament,elite_0.20_t4,44,24,4,16,0.2,4,0.2,1x16,242,default,baseline,182.7075942149831,168.54482010114745
elite_tournament,elite_0.20_t4,44,24,5,16,0.2,4,0.2,1x16,242,default,baseline,195.32667674272517,178.68397906031257
elite_tournament,elite_0.20_t4,44,24,6,16,0.2,4,0.2,1x16,242,default,baseline,202.611233542769,186.1805466600591
elite_tournament,elite_0.20_t4,44,24,7,16,0.2,4,0.2,1x16,242,default,baseline,202.611233542769,190.18326745431636
elite_tournament,elite_0.20_t4,44,24,8,16,0.2,4,0.2,1x16,242,default,baseline,209.75126552218285,195.43722494254212
elite_tournament,elite_0.20_t4,44,24,9,16,0.2,4,0.2,1x16,242,default,baseline,211.40023244805718,202.0580619250606
elite_tournament,elite_0.20_t4,44,24,10,16,0.2,4,0.2,1x16,242,default,baseline,219.81605532810622,207.98280045363637
elite_tournament,elite_0.20_t4,44,24,11,16,0.2,4,0.2,1x16,242,default,baseline,224.42430105636825,213.47340205892615
elite_tournament,elite_0.20_t4,44,24,12,16,0.2,4,0.2,1x16,242,default,baseline,237.46711623868114,220.45308383032892
elite_tournament,elite_0.20_t4,44,24,13,16,0.2,4,0.2,1x16,242,default,baseline,241.3374860252873,229.25366341950394
elite_tournament,elite_0.20_t4,44,24,14,16,0.2,4,0.2,1x16,242,default,baseline,241.3374860252873,230.51348953506786
elite_tournament,elite_0.20_t4,44,24,15,16,0.2,4,0.2,1x16,242,default,baseline,245.504230784839,237.78302440040534
elite_tournament,elite_0.20_t4,44,24,16,16,0.2,4,0.2,1x16,242,default,baseline,247.45260672294387,241.5287180379241
elite_tournament,elite_0.20_t4,44,24,17,16,0.2,4,0.2,1x16,242,default,baseline,250.7521504993225,244.17033208984054
elite_tournament,elite_0.20_t4,44,24,18,16,0.2,4,0.2,1x16,242,default,baseline,255.3639054830214,247.01858700648393
elite_tournament,elite_0.20_t4,44,24,19,16,0.2,4,0.2,1x16,242,default,baseline,255.3639054830214,248.92176257707342
elite_tournament,elite_0.20_t4,44,24,20,16,0.2,4,0.2,1x16,242,default,baseline,256.5126159192559,252.32663816208384
elite_tournament,elite_0.20_t4,44,24,21,16,0.2,4,0.2,1x16,242,default,baseline,259.6298102788413,254.98825612384604
elite_tournament,elite_0.20_t4,44,24,22,16,0.2,4,0.2,1x16,242,default,baseline,259.6298102788413,256.48709380003356
elite_tournament,elite_0.20_t4,44,24,23,16,0.2,4,0.2,1x16,242,default,baseline,259.6298102788413,257.09989897637024
elite_tournament,elite_0.20_t4,44,24,24,16,0.2,4,0.2,1x16,242,default,baseline,260.002573222078,257.0315084467283
elite_tournament,elite_0.20_t4,45,24,0,16,0.2,4,0.2,1x16,242,default,baseline,176.01205572940387,142.46705767544887
elite_tournament,elite_0.20_t4,45,24,1,16,0.2,4,0.2,1x16,242,default,baseline,176.01205572940387,149.99900916803276
elite_tournament,elite_0.20_t4,45,24,2,16,0.2,4,0.2,1x16,242,default,baseline,177.66397825373804,164.9923246373891
elite_tournament,elite_0.20_t4,45,24,3,16,0.2,4,0.2,1x16,242,default,baseline,177.66397825373804,164.7864443218616
elite_tournament,elite_0.20_t4,45,24,4,16,0.2,4,0.2,1x16,242,default,baseline,177.66397825373804,164.9855234472911
elite_tournament,elite_0.20_t4,45,24,5,16,0.2,4,0.2,1x16,242,default,baseline,178.37461856638976,175.39720478496952
elite_tournament,elite_0.20_t4,45,24,6,16,0.2,4,0.2,1x16,242,default,baseline,178.37461856638976,175.63381391897406
elite_tournament,elite_0.20_t4,45,24,7,16,0.2,4,0.2,1x16,242,default,baseline,178.37461856638976,174.96836706515438
elite_tournament,elite_0.20_t4,45,24,8,16,0.2,4,0.2,1x16,242,default,baseline,178.37461856638976,174.62221942175768
elite_tournament,elite_0.20_t4,45,24,9,16,0.2,4,0.2,1x16,242,default,baseline,178.37461856638976,176.46247631651755
elite_tournament,elite_0.20_t4,45,24,10,16,0.2,4,0.2,1x16,242,default,baseline,179.84962400745792,175.7748983334816
elite_tournament,elite_0.20_t4,45,24,11,16,0.2,4,0.2,1x16,242,default,baseline,184.0533351664776,176.9817459090939
elite_tournament,elite_0.20_t4,45,24,12,16,0.2,4,0.2,1x16,242,default,baseline,184.0533351664776,178.73244890856824
elite_tournament,elite_0.20_t4,45,24,13,16,0.2,4,0.2,1x16,242,default,baseline,188.0602350758106,180.66097204751074
elite_tournament,elite_0.20_t4,45,24,14,16,0.2,4,0.2,1x16,242,default,baseline,203.32038675867074,184.63891147448282
elite_tournament,elite_0.20_t4,45,24,15,16,0.2,4,0.2,1x16,242,default,baseline,212.2835067315806,192.84943206836414
elite_tournament,elite_0.20_t4,45,24,16,16,0.2,4,0.2,1x16,242,default,baseline,230.60996401691287,206.99572771196637
elite_tournament,elite_0.20_t4,45,24,17,16,0.2,4,0.2,1x16,242,default,baseline,234.44389992080656,219.66632818089158
elite_tournament,elite_0.20_t4,45,24,18,16,0.2,4,0.2,1x16,242,default,baseline,240.5099900179462,228.83694562550772
elite_tournament,elite_0.20_t4,45,24,19,16,0.2,4,0.2,1x16,242,default,baseline,240.5099900179462,227.9473386638711
elite_tournament,elite_0.20_t4,45,24,20,16,0.2,4,0.2,1x16,242,default,baseline,244.14671782048407,235.72944040772043
elite_tournament,elite_0.20_t4,45,24,21,16,0.2,4,0.2,1x16,242,default,baseline,245.79888681810303,238.39699113218683
elite_tournament,elite_0.20_t4,45,24,22,16,0.2,4,0.2,1x16,242,default,baseline,248.43597804476633,241.52768837937617
elite_tournament,elite_0.20_t4,45,24,23,16,0.2,4,0.2,1x16,242,default,baseline,254.80108659618813,244.50321164355978
elite_tournament,elite_0.20_t4,45,24,24,16,0.2,4,0.2,1x16,242,default,baseline,254.80108659618813,247.55502198411344
elite_tournament,elite_0.20_t4,46,24,0,16,0.2,4,0.2,1x16,242,default,baseline,164.28817654436307,118.77169150605076
elite_tournament,elite_0.20_t4,46,24,1,16,0.2,4,0.2,1x16,242,default,baseline,167.47709892462336,144.32818838714923
elite_tournament,elite_0.20_t4,46,24,2,16,0.2,4,0.2,1x16,242,default,baseline,179.5078916552671,158.66500078043438
elite_tournament,elite_0.20_t4,46,24,3,16,0.2,4,0.2,1x16,242,default,baseline,185.99843017652137,167.55761199021845
elite_tournament,elite_0.20_t4,46,24,4,16,0.2,4,0.2,1x16,242,default,baseline,191.82823009351495,175.31116230694187
elite_tournament,elite_0.20_t4,46,24,5,16,0.2,4,0.2,1x16,242,default,baseline,207.29154439296474,185.99694273379015
elite_tournament,elite_0.20_t4,46,24,6,16,0.2,4,0.2,1x16,242,default,baseline,220.99178706718416,193.5796295039829
elite_tournament,elite_0.20_t4,46,24,7,16,0.2,4,0.2,1x16,242,default,baseline,223.96282274456553,206.06134490312826
elite_tournament,elite_0.20_t4,46,24,8,16,0.2,4,0.2,1x16,242,default,baseline,234.808277937289,214.12602446766238
elite_tournament,elite_0.20_t4,46,24,9,16,0.2,4,0.2,1x16,242,default,baseline,234.808277937289,223.32184027149435
elite_tournament,elite_0.20_t4,46,24,10,16,0.2,4,0.2,1x16,242,default,baseline,241.1708811362483,229.73065399990372
elite_tournament,elite_0.20_t4,46,24,11,16,0.2,4,0.2,1x16,242,default,baseline,242.97256081638574,236.82868241779278
elite_tournament,elite_0.20_t4,46,24,12,16,0.2,4,0.2,1x16,242,default,baseline,248.66556620312642,237.93275894496378
elite_tournament,elite_0.20_t4,46,24,13,16,0.2,4,0.2,1x16,242,default,baseline,252.8989685639665,242.17389608782912
elite_tournament,elite_0.20_t4,46,24,14,16,0.2,4,0.2,1x16,242,default,baseline,252.8989685639665,245.6779338859228
elite_tournament,elite_0.20_t4,46,24,15,16,0.2,4,0.2,1x16,242,default,baseline,253.74184106927004,250.10204375078095
elite_tournament,elite_0.20_t4,46,24,16,16,0.2,4,0.2,1x16,242,default,baseline,254.670773993269,250.76989393243448
elite_tournament,elite_0.20_t4,46,24,17,16,0.2,4,0.2,1x16,242,default,baseline,254.670773993269,252.5739265646851
elite_tournament,elite_0.20_t4,46,24,18,16,0.2,4,0.2,1x16,242,default,baseline,254.670773993269,252.75000072915824
elite_tournament,elite_0.20_t4,46,24,19,16,0.2,4,0.2,1x16,242,default,baseline,255.81064411440053,252.54666590923998
elite_tournament,elite_0.20_t4,46,24,20,16,0.2,4,0.2,1x16,242,default,baseline,257.0529110495703,254.09237639488674
elite_tournament,elite_0.20_t4,46,24,21,16,0.2,4,0.2,1x16,242,default,baseline,257.37624733507255,254.3606101754753
elite_tournament,elite_0.20_t4,46,24,22,16,0.2,4,0.2,1x16,242,default,baseline,258.0103444143226,254.96416247912072
elite_tournament,elite_0.20_t4,46,24,23,16,0.2,4,0.2,1x16,242,default,baseline,258.0103444143226,255.90578250301886
elite_tournament,elite_0.20_t4,46,24,24,16,0.2,4,0.2,1x16,242,default,baseline,258.0103444143226,256.1311921929025
elite_tournament,elite_0.20_t5,42,24,0,16,0.2,5,0.2,1x16,242,default,baseline,174.64691605755775,123.93725940568496
elite_tournament,elite_0.20_t5,42,24,1,16,0.2,5,0.2,1x16,242,default,baseline,174.64691605755775,143.06426926603922
elite_tournament,elite_0.20_t5,42,24,2,16,0.2,5,0.2,1x16,242,default,baseline,178.9474375016876,166.54738463789363
elite_tournament,elite_0.20_t5,42,24,3,16,0.2,5,0.2,1x16,242,default,baseline,188.94087692695587,173.46737204221944
elite_tournament,elite_0.20_t5,42,24,4,16,0.2,5,0.2,1x16,242,default,baseline,194.11362691733444,180.49337880519576
elite_tournament,elite_0.20_t5,42,24,5,16,0.2,5,0.2,1x16,242,default,baseline,202.01973464856437,189.11958249784135
elite_tournament,elite_0.20_t5,42,24,6,16,0.2,5,0.2,1x16,242,default,baseline,202.39452677303717,190.9196168381185
elite_tournament,elite_0.20_t5,42,24,7,16,0.2,5,0.2,1x16,242,default,baseline,223.57172190586513,197.02741676941744
elite_tournament,elite_0.20_t5,42,24,8,16,0.2,5,0.2,1x16,242,default,baseline,225.71356264381217,209.728685048481
elite_tournament,elite_0.20_t5,42,24,9,16,0.2,5,0.2,1x16,242,default,baseline,231.46607825798435,219.30997420296532
elite_tournament,elite_0.20_t5,42,24,10,16,0.2,5,0.2,1x16,242,default,baseline,234.05622387295222,224.7941175620453
elite_tournament,elite_0.20_t5,42,24,11,16,0.2,5,0.2,1x16,242,default,baseline,242.66807642129731,227.8193339105415
elite_tournament,elite_0.20_t5,42,24,12,16,0.2,5,0.2,1x16,242,default,baseline,243.15967294142737,237.27806150414068
elite_tournament,elite_0.20_t5,42,24,13,16,0.2,5,0.2,1x16,242,default,baseline,245.05779914309412,240.54307131347042
elite_tournament,elite_0.20_t5,42,24,14,16,0.2,5,0.2,1x16,242,default,baseline,245.05779914309412,241.64640253598228
elite_tournament,elite_0.20_t5,42,24,15,16,0.2,5,0.2,1x16,242,default,baseline,248.67581212137156,243.58203429336973
elite_tournament,elite_0.20_t5,42,24,16,16,0.2,5,0.2,1x16,242,default,baseline,255.603935540985,247.78879906212137
elite_tournament,elite_0.20_t5,42,24,17,16,0.2,5,0.2,1x16,242,default,baseline,255.603935540985,250.64566993686907
elite_tournament,elite_0.20_t5,42,24,18,16,0.2,5,0.2,1x16,242,default,baseline,255.86449488359804,253.60391137565466
elite_tournament,elite_0.20_t5,42,24,19,16,0.2,5,0.2,1x16,242,default,baseline,257.1471868408097,254.17448857559114
elite_tournament,elite_0.20_t5,42,24,20,16,0.2,5,0.2,1x16,242,default,baseline,257.1471868408097,254.6818966916717
elite_tournament,elite_0.20_t5,42,24,21,16,0.2,5,0.2,1x16,242,default,baseline,257.6149716600046,255.41857567909477
elite_tournament,elite_0.20_t5,42,24,22,16,0.2,5,0.2,1x16,242,default,baseline,258.6648096537491,255.87962613839304
elite_tournament,elite_0.20_t5,42,24,23,16,0.2,5,0.2,1x16,242,default,baseline,260.6576240430328,256.9576131006578
elite_tournament,elite_0.20_t5,42,24,24,16,0.2,5,0.2,1x16,242,default,baseline,260.6576240430328,258.089552421786
elite_tournament,elite_0.20_t5,43,24,0,16,0.2,5,0.2,1x16,242,default,baseline,173.15606138289232,124.72290905134332
elite_tournament,elite_0.20_t5,43,24,1,16,0.2,5,0.2,1x16,242,default,baseline,174.46661892111462,155.17287648197288
elite_tournament,elite_0.20_t5,43,24,2,16,0.2,5,0.2,1x16,242,default,baseline,174.46661892111462,168.7378950380152
elite_tournament,elite_0.20_t5,43,24,3,16,0.2,5,0.2,1x16,242,default,baseline,176.08781215000224,171.05913587904092
elite_tournament,elite_0.20_t5,43,24,4,16,0.2,5,0.2,1x16,242,default,baseline,176.43678841498877,171.62161071970937
elite_tournament,elite_0.20_t5,43,24,5,16,0.2,5,0.2,1x16,242,default,baseline,186.47726341018813,172.955216518761
elite_tournament,elite_0.20_t5,43,24,6,16,0.2,5,0.2,1x16,242,default,baseline,198.4481839979593,178.97703302482546
elite_tournament,elite_0.20_t5,43,24,7,16,0.2,5,0.2,1x16,242,default,baseline,204.0163301882029,185.56241899039372
elite_tournament,elite_0.20_t5,43,24,8,16,0.2,5,0.2,1x16,242,default,baseline,210.9846907921556,195.98070623100904
elite_tournament,elite_0.20_t5,43,24,9,16,0.2,5,0.2,1x16,242,default,baseline,210.9846907921556,203.67127132625197
elite_tournament,elite_0.20_t5,43,24,10,16,0.2,5,0.2,1x16,242,default,baseline,213.27146063138173,206.98641309300325
elite_tournament,elite_0.20_t5,43,24,11,16,0.2,5,0.2,1x16,242,default,baseline,218.34317669531666,210.28355533833604
elite_tournament,elite_0.20_t5,43,24,12,16,0.2,5,0.2,1x16,242,default,baseline,223.41502831588008,211.17064423524025
elite_tournament,elite_0.20_t5,43,24,13,16,0.2,5,0.2,1x16,242,default,baseline,231.75767691130184,217.43367264710102
elite_tournament,elite_0.20_t5,43,24,14,16,0.2,5,0.2,1x16,242,default,baseline,238.71370919869116,227.39027566599714
elite_tournament,elite_0.20_t5,43,24,15,16,0.2,5,0.2,1x16,242,default,baseline,239.58447083315843,231.87242082172133
elite_tournament,elite_0.20_t5,43,24,16,16,0.2,5,0.2,1x16,242,default,baseline,246.44842604258628,236.81504640094246
elite_tournament,elite_0.20_t5,43,24,17,16,0.2,5,0.2,1x16,242,default,baseline,249.949679259721,240.66786334188953
elite_tournament,elite_0.20_t5,43,24,18,16,0.2,5,0.2,1x16,242,default,baseline,249.949679259721,243.65965173420466
elite_tournament,elite_0.20_t5,43,24,19,16,0.2,5,0.2,1x16,242,default,baseline,249.949679259721,245.56056936887762
elite_tournament,elite_0.20_t5,43,24,20,16,0.2,5,0.2,1x16,242,default,baseline,249.949679259721,246.4294575744829
elite_tournament,elite_0.20_t5,43,24,21,16,0.2,5,0.2,1x16,242,default,baseline,255.00271652761535,247.03266492341697
elite_tournament,elite_0.20_t5,43,24,22,16,0.2,5,0.2,1x16,242,default,baseline,259.1051882963696,250.0807298231397
elite_tournament,elite_0.20_t5,43,24,23,16,0.2,5,0.2,1x16,242,default,baseline,259.1051882963696,253.2022233491883
elite_tournament,elite_0.20_t5,43,24,24,16,0.2,5,0.2,1x16,242,default,baseline,259.1051882963696,256.4680480296111
elite_tournament,elite_0.20_t5,44,24,0,16,0.2,5,0.2,1x16,242,default,baseline,175.29002860123632,118.06396367334293
elite_tournament,elite_0.20_t5,44,24,1,16,0.2,5,0.2,1x16,242,default,baseline,175.29002860123632,151.04762006075674
elite_tournament,elite_0.20_t5,44,24,2,16,0.2,5,0.2,1x16,242,default,baseline,178.57348754481683,163.35558727470894
elite_tournament,elite_0.20_t5,44,24,3,16,0.2,5,0.2,1x16,242,default,baseline,181.57107558256598,168.7975550878852
elite_tournament,elite_0.20_t5,44,24,4,16,0.2,5,0.2,1x16,242,default,baseline,184.87153009413623,177.94501924734436
elite_tournament,elite_0.20_t5,44,24,5,16,0.2,5,0.2,1x16,242,default,baseline,192.50220935880253,181.35937871724468
elite_tournament,elite_0.20_t5,44,24,6,16,0.2,5,0.2,1x16,242,default,baseline,205.26103338431483,185.37904369844023
elite_tournament,elite_0.20_t5,44,24,7,16,0.2,5,0.2,1x16,242,default,baseline,207.5357034862875,192.85172033137138
elite_tournament,elite_0.20_t5,44,24,8,16,0.2,5,0.2,1x16,242,default,baseline,210.17737082993955,199.29779073457334
elite_tournament,elite_0.20_t5,44,24,9,16,0.2,5,0.2,1x16,242,default,baseline,223.02226619926768,208.27560564138432
elite_tournament,elite_0.20_t5,44,24,10,16,0.2,5,0.2,1x16,242,default,baseline,223.02226619926768,214.34979826375385
elite_tournament,elite_0.20_t5,44,24,11,16,0.2,5,0.2,1x16,242,default,baseline,230.80174124536364,215.00153353789733
elite_tournament,elite_0.20_t5,44,24,12,16,0.2,5,0.2,1x16,242,default,baseline,233.38902461327223,222.78509664135817
elite_tournament,elite_0.20_t5,44,24,13,16,0.2,5,0.2,1x16,242,default,baseline,238.44950549791577,230.23745515854938
elite_tournament,elite_0.20_t5,44,24,14,16,0.2,5,0.2,1x16,242,default,baseline,240.28671473201672,233.35563792048248
elite_tournament,elite_0.20_t5,44,24,15,16,0.2,5,0.2,1x16,242,default,baseline,242.94032534067537,233.85362597019522
elite_tournament,elite_0.20_t5,44,24,16,16,0.2,5,0.2,1x16,242,default,baseline,244.9188294097308,240.3398617142887
elite_tournament,elite_0.20_t5,44,24,17,16,0.2,5,0.2,1x16,242,default,baseline,248.94378384478904,243.34153212700133
elite_tournament,elite_0.20_t5,44,24,18,16,0.2,5,0.2,1x16,242,default,baseline,251.29216340526347,246.69716226910577
elite_tournament,elite_0.20_t5,44,24,19,16,0.2,5,0.2,1x16,242,default,baseline,252.89108154654906,247.80085640414296
elite_tournament,elite_0.20_t5,44,24,20,16,0.2,5,0.2,1x16,242,default,baseline,252.89108154654906,248.87982025957297
elite_tournament,elite_0.20_t5,44,24,21,16,0.2,5,0.2,1x16,242,default,baseline,255.34390528688812,250.18329774021456
elite_tournament,elite_0.20_t5,44,24,22,16,0.2,5,0.2,1x16,242,default,baseline,255.34390528688812,250.1482334697469
elite_tournament,elite_0.20_t5,44,24,23,16,0.2,5,0.2,1x16,242,default,baseline,257.37512002234195,253.09881987652267
elite_tournament,elite_0.20_t5,44,24,24,16,0.2,5,0.2,1x16,242,default,baseline,257.37512002234195,253.48506399185416
elite_tournament,elite_0.20_t5,45,24,0,16,0.2,5,0.2,1x16,242,default,baseline,176.01205572940387,142.46705767544887
elite_tournament,elite_0.20_t5,45,24,1,16,0.2,5,0.2,1x16,242,default,baseline,176.01205572940387,143.2882752278867
elite_tournament,elite_0.20_t5,45,24,2,16,0.2,5,0.2,1x16,242,default,baseline,176.90116497251313,166.23421962905803
elite_tournament,elite_0.20_t5,45,24,3,16,0.2,5,0.2,1x16,242,default,baseline,178.27912999645343,175.64894050687388
elite_tournament,elite_0.20_t5,45,24,4,16,0.2,5,0.2,1x16,242,default,baseline,178.53263423517558,176.1669604352556
elite_tournament,elite_0.20_t5,45,24,5,16,0.2,5,0.2,1x16,242,default,baseline,180.7758926243834,176.5525854637374
elite_tournament,elite_0.20_t5,45,24,6,16,0.2,5,0.2,1x16,242,default,baseline,180.7758926243834,177.71427444600084
elite_tournament,elite_0.20_t5,45,24,7,16,0.2,5,0.2,1x16,242,default,baseline,184.40908051414402,178.45559709117296
elite_tournament,elite_0.20_t5,45,24,8,16,0.2,5,0.2,1x16,242,default,baseline,188.8656932748435,180.81548639360676
elite_tournament,elite_0.20_t5,45,24,9,16,0.2,5,0.2,1x16,242,default,baseline,202.78194426933797,185.24816369941877
elite_tournament,elite_0.20_t5,45,24,10,16,0.2,5,0.2,1x16,242,default,baseline,231.07146511613465,198.10300681912003
elite_tournament,elite_0.20_t5,45,24,11,16,0.2,5,0.2,1x16,242,default,baseline,235.77096666951914,218.64211206255126
elite_tournament,elite_0.20_t5,45,24,12,16,0.2,5,0.2,1x16,242,default,baseline,244.6942460443103,228.52442882637098
elite_tournament,elite_0.20_t5,45,24,13,16,0.2,5,0.2,1x16,242,default,baseline,248.68878106303902,239.83278161381855
elite_tournament,elite_0.20_t5,45,24,14,16,0.2,5,0.2,1x16,242,default,baseline,255.64619586642903,244.49264463414465
elite_tournament,elite_0.20_t5,45,24,15,16,0.2,5,0.2,1x16,242,default,baseline,257.1859336099143,251.0133165321209
elite_tournament,elite_0.20_t5,45,24,16,16,0.2,5,0.2,1x16,242,default,baseline,258.6415602944952,251.74457356843197
elite_tournament,elite_0.20_t5,45,24,17,16,0.2,5,0.2,1x16,242,default,baseline,258.6415602944952,253.01190227946998
elite_tournament,elite_0.20_t5,45,24,18,16,0.2,5,0.2,1x16,242,default,baseline,260.61212640563343,256.35342851618776
elite_tournament,elite_0.20_t5,45,24,19,16,0.2,5,0.2,1x16,242,default,baseline,261.64194507877227,257.480867842381
elite_tournament,elite_0.20_t5,45,24,20,16,0.2,5,0.2,1x16,242,default,baseline,263.54823377676064,258.8011258500462
elite_tournament,elite_0.20_t5,45,24,21,16,0.2,5,0.2,1x16,242,default,baseline,263.54823377676064,258.0336519727552
elite_tournament,elite_0.20_t5,45,24,22,16,0.2,5,0.2,1x16,242,default,baseline,263.54823377676064,259.8164997585045
elite_tournament,elite_0.20_t5,45,24,23,16,0.2,5,0.2,1x16,242,default,baseline,263.54823377676064,261.26318586858815
elite_tournament,elite_0.20_t5,45,24,24,16,0.2,5,0.2,1x16,242,default,baseline,263.54823377676064,260.44236842263666
elite_tournament,elite_0.20_t5,46,24,0,16,0.2,5,0.2,1x16,242,default,baseline,164.28817654436307,118.77169150605076
elite_tournament,elite_0.20_t5,46,24,1,16,0.2,5,0.2,1x16,242,default,baseline,166.8268949154229,147.74582748515232
elite_tournament,elite_0.20_t5,46,24,2,16,0.2,5,0.2,1x16,242,default,baseline,179.5078916552671,160.2636704029175
elite_tournament,elite_0.20_t5,46,24,3,16,0.2,5,0.2,1x16,242,default,baseline,185.99843017652137,173.9345468529723
elite_tournament,elite_0.20_t5,46,24,4,16,0.2,5,0.2,1x16,242,default,baseline,193.85370016908925,175.44579869379643
elite_tournament,elite_0.20_t5,46,24,5,16,0.2,5,0.2,1x16,242,default,baseline,206.96233241707108,183.05905919688115
elite_tournament,elite_0.20_t5,46,24,6,16,0.2,5,0.2,1x16,242,default,baseline,211.09013810239998,199.13701040622152
elite_tournament,elite_0.20_t5,46,24,7,16,0.2,5,0.2,1x16,242,default,baseline,218.91695779096202,206.87542180984337
elite_tournament,elite_0.20_t5,46,24,8,16,0.2,5,0.2,1x16,242,default,baseline,224.3890722534631,212.59249090202496
elite_tournament,elite_0.20_t5,46,24,9,16,0.2,5,0.2,1x16,242,default,baseline,230.13508114740176,217.81304013349853
elite_tournament,elite_0.20_t5,46,24,10,16,0.2,5,0.2,1x16,242,default,baseline,234.06157075384832,225.05855412324047
elite_tournament,elite_0.20_t5,46,24,11,16,0.2,5,0.2,1x16,242,default,baseline,237.03590203499917,230.04282828736154
elite_tournament,elite_0.20_t5,46,24,12,16,0.2,5,0.2,1x16,242,default,baseline,244.3639001204516,235.1504993911878
elite_tournament,elite_0.20_t5,46,24,13,16,0.2,5,0.2,1x16,242,default,baseline,247.18526383405336,240.46860987115957
elite_tournament,elite_0.20_t5,46,24,14,16,0.2,5,0.2,1x16,242,default,baseline,247.34055398936238,243.86101751283962
elite_tournament,elite_0.20_t5,46,24,15,16,0.2,5,0.2,1x16,242,default,baseline,249.41354095074365,245.47805017214918
elite_tournament,elite_0.20_t5,46,24,16,16,0.2,5,0.2,1x16,242,default,baseline,252.1713815586668,246.3110646969114
elite_tournament,elite_0.20_t5,46,24,17,16,0.2,5,0.2,1x16,242,default,baseline,252.26398226385675,249.07489797628503
elite_tournament,elite_0.20_t5,46,24,18,16,0.2,5,0.2,1x16,242,default,baseline,254.90151655665653,251.1441157712228
elite_tournament,elite_0.20_t5,46,24,19,16,0.2,5,0.2,1x16,242,default,baseline,256.00273771720595,252.48450796506376
elite_tournament,elite_0.20_t5,46,24,20,16,0.2,5,0.2,1x16,242,default,baseline,256.00273771720595,253.73738064359287
elite_tournament,elite_0.20_t5,46,24,21,16,0.2,5,0.2,1x16,242,default,baseline,256.00273771720595,253.6148709886811
elite_tournament,elite_0.20_t5,46,24,22,16,0.2,5,0.2,1x16,242,default,baseline,256.2887695477716,254.79910636753132
elite_tournament,elite_0.20_t5,46,24,23,16,0.2,5,0.2,1x16,242,default,baseline,257.41025139546076,254.59415176798757
elite_tournament,elite_0.20_t5,46,24,24,16,0.2,5,0.2,1x16,242,default,baseline,257.7308945303985,255.06526958469084
elite_tournament,elite_0.30_t3,42,24,0,16,0.2,3,0.3,1x16,242,default,baseline,174.64691605755775,123.93725940568496
elite_tournament,elite_0.30_t3,42,24,1,16,0.2,3,0.3,1x16,242,default,baseline,174.64691605755775,152.44270699844145
elite_tournament,elite_0.30_t3,42,24,2,16,0.2,3,0.3,1x16,242,default,baseline,176.12191517622574,160.4050616041803
elite_tournament,elite_0.30_t3,42,24,3,16,0.2,3,0.3,1x16,242,default,baseline,191.42669242383118,167.415800414658
elite_tournament,elite_0.30_t3,42,24,4,16,0.2,3,0.3,1x16,242,default,baseline,198.59376813127224,174.53418609461374
elite_tournament,elite_0.30_t3,42,24,5,16,0.2,3,0.3,1x16,242,default,baseline,200.57276626132023,181.69433738736478
elite_tournament,elite_0.30_t3,42,24,6,16,0.2,3,0.3,1x16,242,default,baseline,223.62941661992645,196.82803669531881
elite_tournament,elite_0.30_t3,42,24,7,16,0.2,3,0.3,1x16,242,default,baseline,226.48346022171677,203.90818239069577
elite_tournament,elite_0.30_t3,42,24,8,16,0.2,3,0.3,1x16,242,default,baseline,234.48163757583498,214.5003976893466
elite_tournament,elite_0.30_t3,42,24,9,16,0.2,3,0.3,1x16,242,default,baseline,238.26931126979767,220.67516051698288
elite_tournament,elite_0.30_t3,42,24,10,16,0.2,3,0.3,1x16,242,default,baseline,239.3087788230991,227.76116814495919
elite_tournament,elite_0.30_t3,42,24,11,16,0.2,3,0.3,1x16,242,default,baseline,241.13256346081204,232.33400125725018
elite_tournament,elite_0.30_t3,42,24,12,16,0.2,3,0.3,1x16,242,default,baseline,242.96488627447633,231.97085701939096
elite_tournament,elite_0.30_t3,42,24,13,16,0.2,3,0.3,1x16,242,default,baseline,253.2574456032272,236.53645152676577
elite_tournament,elite_0.30_t3,42,24,14,16,0.2,3,0.3,1x16,242,default,baseline,253.2574456032272,245.17071891878354
elite_tournament,elite_0.30_t3,42,24,15,16,0.2,3,0.3,1x16,242,default,baseline,254.44920127819154,245.18807199490016
elite_tournament,elite_0.30_t3,42,24,16,16,0.2,3,0.3,1x16,242,default,baseline,257.19509238068594,249.9268255711458
elite_tournament,elite_0.30_t3,42,24,17,16,0.2,3,0.3,1x16,242,default,baseline,257.19509238068594,250.97333326168467
elite_tournament,elite_0.30_t3,42,24,18,16,0.2,3,0.3,1x16,242,default,baseline,257.6907050808755,250.31674249015185
elite_tournament,elite_0.30_t3,42,24,19,16,0.2,3,0.3,1x16,242,default,baseline,258.5289771082535,251.3572826365034
elite_tournament,elite_0.30_t3,42,24,20,16,0.2,3,0.3,1x16,242,default,baseline,262.7018788470108,257.25664334867423
elite_tournament,elite_0.30_t3,42,24,21,16,0.2,3,0.3,1x16,242,default,baseline,262.7018788470108,257.88269585516684
elite_tournament,elite_0.30_t3,42,24,22,16,0.2,3,0.3,1x16,242,default,baseline,262.7018788470108,258.3227347866697
elite_tournament,elite_0.30_t3,42,24,23,16,0.2,3,0.3,1x16,242,default,baseline,263.5026682997536,258.5859484338247
elite_tournament,elite_0.30_t3,42,24,24,16,0.2,3,0.3,1x16,242,default,baseline,263.5026682997536,258.7576793531174
elite_tournament,elite_0.30_t3,43,24,0,16,0.2,3,0.3,1x16,242,default,baseline,173.15606138289232,124.72290905134332
elite_tournament,elite_0.30_t3,43,24,1,16,0.2,3,0.3,1x16,242,default,baseline,173.15606138289232,149.47664846509184
elite_tournament,elite_0.30_t3,43,24,2,16,0.2,3,0.3,1x16,242,default,baseline,173.15606138289232,149.33835286208944
elite_tournament,elite_0.30_t3,43,24,3,16,0.2,3,0.3,1x16,242,default,baseline,174.50446119861522,166.45025431645286
elite_tournament,elite_0.30_t3,43,24,4,16,0.2,3,0.3,1x16,242,default,baseline,178.74358174743537,172.28704735335197
elite_tournament,elite_0.30_t3,43,24,5,16,0.2,3,0.3,1x16,242,default,baseline,187.75751026167467,174.43877728997842
elite_tournament,elite_0.30_t3,43,24,6,16,0.2,3,0.3,1x16,242,default,baseline,187.75751026167467,175.68963148854746
elite_tournament,elite_0.30_t3,43,24,7,16,0.2,3,0.3,1x16,242,default,baseline,195.1640375948661,182.92574005384301
elite_tournament,elite_0.30_t3,43,24,8,16,0.2,3,0.3,1x16,242,default,baseline,202.2139517989323,190.5655914941236
elite_tournament,elite_0.30_t3,43,24,9,16,0.2,3,0.3,1x16,242,default,baseline,207.8593166941882,195.50409568717527
elite_tournament,elite_0.30_t3,43,24,10,16,0.2,3,0.3,1x16,242,default,baseline,213.4235753667882,203.60664712484498
elite_tournament,elite_0.30_t3,43,24,11,16,0.2,3,0.3,1x16,242,default,baseline,213.4235753667882,208.11342631697818
elite_tournament,elite_0.30_t3,43,24,12,16,0.2,3,0.3,1x16,242,default,baseline,222.79645180084668,212.2863787321099
elite_tournament,elite_0.30_t3,43,24,13,16,0.2,3,0.3,1x16,242,default,baseline,227.91340206874148,216.8051199468212
elite_tournament,elite_0.30_t3,43,24,14,16,0.2,3,0.3,1x16,242,default,baseline,234.82301979691417,222.61492254956354
elite_tournament,elite_0.30_t3,43,24,15,16,0.2,3,0.3,1x16,242,default,baseline,236.27414310276072,229.98185090073025
elite_tournament,elite_0.30_t3,43,24,16,16,0.2,3,0.3,1x16,242,default,baseline,237.37154368722534,234.0536110251845
elite_tournament,elite_0.30_t3,43,24,17,16,0.2,3,0.3,1x16,242,default,baseline,248.73780739345324,236.82874606368637
elite_tournament,elite_0.30_t3,43,24,18,16,0.2,3,0.3,1x16,242,default,baseline,248.73780739345324,237.30608087405795
elite_tournament,elite_0.30_t3,43,24,19,16,0.2,3,0.3,1x16,242,default,baseline,249.37292894783624,243.79556909862686
elite_tournament,elite_0.30_t3,43,24,20,16,0.2,3,0.3,1x16,242,default,baseline,251.59956355038454,245.453924902038
elite_tournament,elite_0.30_t3,43,24,21,16,0.2,3,0.3,1x16,242,default,baseline,254.0622132650158,247.05788671668176
elite_tournament,elite_0.30_t3,43,24,22,16,0.2,3,0.3,1x16,242,default,baseline,254.0622132650158,247.23305878551548
elite_tournament,elite_0.30_t3,43,24,23,16,0.2,3,0.3,1x16,242,default,baseline,254.0622132650158,248.48886354793612
elite_tournament,elite_0.30_t3,43,24,24,16,0.2,3,0.3,1x16,242,default,baseline,254.55123440272988,249.34517743905664
elite_tournament,elite_0.30_t3,44,24,0,16,0.2,3,0.3,1x16,242,default,baseline,175.29002860123632,118.06396367334293
elite_tournament,elite_0.30_t3,44,24,1,16,0.2,3,0.3,1x16,242,default,baseline,175.29002860123632,143.88254011893855
elite_tournament,elite_0.30_t3,44,24,2,16,0.2,3,0.3,1x16,242,default,baseline,175.29002860123632,153.652856186017
elite_tournament,elite_0.30_t3,44,24,3,16,0.2,3,0.3,1x16,242,default,baseline,180.18761153719262,153.21456380471307
elite_tournament,elite_0.30_t3,44,24,4,16,0.2,3,0.3,1x16,242,default,baseline,182.09742913909218,170.5508900772408
elite_tournament,elite_0.30_t3,44,24,5,16,0.2,3,0.3,1x16,242,default,baseline,189.0789704853552,174.89283624415776
elite_tournament,elite_0.30_t3,44,24,6,16,0.2,3,0.3,1x16,242,default,baseline,189.2702679031732,180.95670445030186
elite_tournament,elite_0.30_t3,44,24,7,16,0.2,3,0.3,1x16,242,default,baseline,203.43344699771137,187.22948892102073
elite_tournament,elite_0.30_t3,44,24,8,16,0.2,3,0.3,1x16,242,default,baseline,203.43344699771137,188.46962488175035
elite_tournament,elite_0.30_t3,44,24,9,16,0.2,3,0.3,1x16,242,default,baseline,205.22350369718896,192.9570912533919
elite_tournament,elite_0.30_t3,44,24,10,16,0.2,3,0.3,1x16,242,default,baseline,205.8108270212647,199.21523484208754
elite_tournament,elite_0.30_t3,44,24,11,16,0.2,3,0.3,1x16,242,default,baseline,226.63951998427314,200.9570929401055
elite_tournament,elite_0.30_t3,44,24,12,16,0.2,3,0.3,1x16,242,default,baseline,226.63951998427314,210.4111203087839
elite_tournament,elite_0.30_t3,44,24,13,16,0.2,3,0.3,1x16,242,default,baseline,227.6106978626176,217.29058029149866
elite_tournament,elite_0.30_t3,44,24,14,16,0.2,3,0.3,1x16,242,default,baseline,233.10652064861583,225.11927276968345
elite_tournament,elite_0.30_t3,44,24,15,16,0.2,3,0.3,1x16,242,default,baseline,234.02664306197232,226.6200850678195
elite_tournament,elite_0.30_t3,44,24,16,16,0.2,3,0.3,1x16,242,default,baseline,240.0787287652651,231.93576689542914
elite_tournament,elite_0.30_t3,44,24,17,16,0.2,3,0.3,1x16,242,default,baseline,243.7797537024149,233.80170156463487
elite_tournament,elite_0.30_t3,44,24,18,16,0.2,3,0.3,1x16,242,default,baseline,245.1114421978454,238.03580133184974
elite_tournament,elite_0.30_t3,44,24,19,16,0.2,3,0.3,1x16,242,default,baseline,248.49899945291634,242.4226205843567
elite_tournament,elite_0.30_t3,44,24,20,16,0.2,3,0.3,1x16,242,default,baseline,248.49899945291634,242.98657841885634
elite_tournament,elite_0.30_t3,44,24,21,16,0.2,3,0.3,1x16,242,default,baseline,248.49899945291634,242.87601043175587
elite_tournament,elite_0.30_t3,44,24,22,16,0.2,3,0.3,1x16,242,default,baseline,250.61637106484892,243.25839483487272
elite_tournament,elite_0.30_t3,44,24,23,16,0.2,3,0.3,1x16,242,default,baseline,252.06737820591718,245.72936849760634
elite_tournament,elite_0.30_t3,44,24,24,16,0.2,3,0.3,1x16,242,default,baseline,253.7527405944909,249.79134414913221
elite_tournament,elite_0.30_t3,45,24,0,16,0.2,3,0.3,1x16,242,default,baseline,176.01205572940387,142.46705767544887
elite_tournament,elite_0.30_t3,45,24,1,16,0.2,3,0.3,1x16,242,default,baseline,176.01205572940387,151.69283780463837
elite_tournament,elite_0.30_t3,45,24,2,16,0.2,3,0.3,1x16,242,default,baseline,176.54085674620032,160.40074226917085
elite_tournament,elite_0.30_t3,45,24,3,16,0.2,3,0.3,1x16,242,default,baseline,178.30501124528627,165.03527795343507
elite_tournament,elite_0.30_t3,45,24,4,16,0.2,3,0.3,1x16,242,default,baseline,190.54845327277576,173.3579579835236
elite_tournament,elite_0.30_t3,45,24,5,16,0.2,3,0.3,1x16,242,default,baseline,190.54845327277576,167.67535732323051
elite_tournament,elite_0.30_t3,45,24,6,16,0.2,3,0.3,1x16,242,default,baseline,190.54845327277576,173.62619631179496
elite_tournament,elite_0.30_t3,45,24,7,16,0.2,3,0.3,1x16,242,default,baseline,200.70485149610005,179.90966564616363
elite_tournament,elite_0.30_t3,45,24,8,16,0.2,3,0.3,1x16,242,default,baseline,207.39934841381637,190.53423622179236
elite_tournament,elite_0.30_t3,45,24,9,16,0.2,3,0.3,1x16,242,default,baseline,212.32119425108874,196.9619032131508
elite_tournament,elite_0.30_t3,45,24,10,16,0.2,3,0.3,1x16,242,default,baseline,212.5928017932701,201.97489466593913
elite_tournament,elite_0.30_t3,45,24,11,16,0.2,3,0.3,1x16,242,default,baseline,224.75529125210215,207.7637233307372
elite_tournament,elite_0.30_t3,45,24,12,16,0.2,3,0.3,1x16,242,default,baseline,225.25629694518332,212.41041514912087
elite_tournament,elite_0.30_t3,45,24,13,16,0.2,3,0.3,1x16,242,default,baseline,227.21349450226717,215.4081192140536
elite_tournament,elite_0.30_t3,45,24,14,16,0.2,3,0.3,1x16,242,default,baseline,227.21349450226717,215.98870630206164
elite_tournament,elite_0.30_t3,45,24,15,16,0.2,3,0.3,1x16,242,default,baseline,239.71600305706056,223.5240307213752
elite_tournament,elite_0.30_t3,45,24,16,16,0.2,3,0.3,1x16,242,default,baseline,239.71600305706056,224.0905159085359
elite_tournament,elite_0.30_t3,45,24,17,16,0.2,3,0.3,1x16,242,default,baseline,239.71600305706056,226.52326647237044
elite_tournament,elite_0.30_t3,45,24,18,16,0.2,3,0.3,1x16,242,default,baseline,242.15762997316997,227.37010832098457
elite_tournament,elite_0.30_t3,45,24,19,16,0.2,3,0.3,1x16,242,default,baseline,250.7067319640813,235.22369899554386
elite_tournament,elite_0.30_t3,45,24,20,16,0.2,3,0.3,1x16,242,default,baseline,250.7067319640813,235.94154443490572
elite_tournament,elite_0.30_t3,45,24,21,16,0.2,3,0.3,1x16,242,default,baseline,250.7067319640813,241.8550353379041
elite_tournament,elite_0.30_t3,45,24,22,16,0.2,3,0.3,1x16,242,default,baseline,250.7067319640813,244.3253276349701
elite_tournament,elite_0.30_t3,45,24,23,16,0.2,3,0.3,1x16,242,default,baseline,251.9702400282811,247.20239568144126
elite_tournament,elite_0.30_t3,45,24,24,16,0.2,3,0.3,1x16,242,default,baseline,253.48805536108594,250.70480229950687
elite_tournament,elite_0.30_t3,46,24,0,16,0.2,3,0.3,1x16,242,default,baseline,164.28817654436307,118.77169150605076
elite_tournament,elite_0.30_t3,46,24,1,16,0.2,3,0.3,1x16,242,default,baseline,167.47709892462336,136.8509347594101
elite_tournament,elite_0.30_t3,46,24,2,16,0.2,3,0.3,1x16,242,default,baseline,172.14333882582923,147.51917850417306
elite_tournament,elite_0.30_t3,46,24,3,16,0.2,3,0.3,1x16,242,default,baseline,179.60562837736106,162.09820399903424
elite_tournament,elite_0.30_t3,46,24,4,16,0.2,3,0.3,1x16,242,default,baseline,186.0861295884053,159.99944785718748
elite_tournament,elite_0.30_t3,46,24,5,16,0.2,3,0.3,1x16,242,default,baseline,192.97560163569088,178.31960661703357
elite_tournament,elite_0.30_t3,46,24,6,16,0.2,3,0.3,1x16,242,default,baseline,202.4438315853925,187.02352072602713
elite_tournament,elite_0.30_t3,46,24,7,16,0.2,3,0.3,1x16,242,default,baseline,205.30643726817777,193.2897295967668
elite_tournament,elite_0.30_t3,46,24,8,16,0.2,3,0.3,1x16,242,default,baseline,219.62043045558215,201.38499662241657
elite_tournament,elite_0.30_t3,46,24,9,16,0.2,3,0.3,1x16,242,default,baseline,219.62043045558215,205.59693158420083
elite_tournament,elite_0.30_t3,46,24,10,16,0.2,3,0.3,1x16,242,default,baseline,224.0024921915302,213.64018878870894
elite_tournament,elite_0.30_t3,46,24,11,16,0.2,3,0.3,1x16,242,default,baseline,230.4271390165911,216.4363216648046
elite_tournament,elite_0.30_t3,46,24,12,16,0.2,3,0.3,1x16,242,default,baseline,232.07914810835194,219.85109114916696
elite_tournament,elite_0.30_t3,46,24,13,16,0.2,3,0.3,1x16,242,default,baseline,246.30891781191966,227.85649542269272
elite_tournament,elite_0.30_t3,46,24,14,16,0.2,3,0.3,1x16,242,default,baseline,247.04733257156704,238.85240562932177
elite_tournament,elite_0.30_t3,46,24,15,16,0.2,3,0.3,1x16,242,default,baseline,250.41382183541305,240.64832533107682
elite_tournament,elite_0.30_t3,46,24,16,16,0.2,3,0.3,1x16,242,default,baseline,255.55164443678512,246.82066136866086
elite_tournament,elite_0.30_t3,46,24,17,16,0.2,3,0.3,1x16,242,default,baseline,255.55164443678512,246.805384058322
elite_tournament,elite_0.30_t3,46,24,18,16,0.2,3,0.3,1x16,242,default,baseline,256.0353249430965,250.6019856916985
elite_tournament,elite_0.30_t3,46,24,19,16,0.2,3,0.3,1x16,242,default,baseline,256.0353249430965,252.49974179670346
elite_tournament,elite_0.30_t3,46,24,20,16,0.2,3,0.3,1x16,242,default,baseline,256.36155997588673,251.4261604357717
elite_tournament,elite_0.30_t3,46,24,21,16,0.2,3,0.3,1x16,242,default,baseline,259.40286342813147,253.69953847624845
elite_tournament,elite_0.30_t3,46,24,22,16,0.2,3,0.3,1x16,242,default,baseline,259.40286342813147,254.0490609901233
elite_tournament,elite_0.30_t3,46,24,23,16,0.2,3,0.3,1x16,242,default,baseline,259.40286342813147,253.02759823794455
elite_tournament,elite_0.30_t3,46,24,24,16,0.2,3,0.3,1x16,242,default,baseline,261.20927654275044,256.40149415602434
elite_tournament,elite_0.30_t4,42,24,0,16,0.2,4,0.3,1x16,242,default,baseline,174.64691605755775,123.93725940568496
elite_tournament,elite_0.30_t4,42,24,1,16,0.2,4,0.3,1x16,242,default,baseline,174.64691605755775,152.29462494606352
elite_tournament,elite_0.30_t4,42,24,2,16,0.2,4,0.3,1x16,242,default,baseline,179.69220547696042,165.14387462747248
elite_tournament,elite_0.30_t4,42,24,3,16,0.2,4,0.3,1x16,242,default,baseline,192.4836283203798,170.0692007382749
elite_tournament,elite_0.30_t4,42,24,4,16,0.2,4,0.3,1x16,242,default,baseline,201.7303589672203,180.47868019487015
elite_tournament,elite_0.30_t4,42,24,5,16,0.2,4,0.3,1x16,242,default,baseline,205.58103521606805,188.17751840007702
elite_tournament,elite_0.30_t4,42,24,6,16,0.2,4,0.3,1x16,242,default,baseline,206.2630495197576,195.32964272861506
elite_tournament,elite_0.30_t4,42,24,7,16,0.2,4,0.3,1x16,242,default,baseline,212.39296738808613,198.98617680707895
elite_tournament,elite_0.30_t4,42,24,8,16,0.2,4,0.3,1x16,242,default,baseline,219.13299494264382,206.35774623370173
elite_tournament,elite_0.30_t4,42,24,9,16,0.2,4,0.3,1x16,242,default,baseline,228.30124545826635,209.6329145398347
elite_tournament,elite_0.30_t4,42,24,10,16,0.2,4,0.3,1x16,242,default,baseline,230.56336444265608,218.90624684622438
elite_tournament,elite_0.30_t4,42,24,11,16,0.2,4,0.3,1x16,242,default,baseline,237.81768663667813,223.28787692777797
elite_tournament,elite_0.30_t4,42,24,12,16,0.2,4,0.3,1x16,242,default,baseline,242.63395435576638,230.0620543356597
elite_tournament,elite_0.30_t4,42,24,13,16,0.2,4,0.3,1x16,242,default,baseline,247.35693596147223,234.26626898984253
elite_tournament,elite_0.30_t4,42,24,14,16,0.2,4,0.3,1x16,242,default,baseline,247.35693596147223,236.9327406839978
elite_tournament,elite_0.30_t4,42,24,15,16,0.2,4,0.3,1x16,242,default,baseline,250.23252251589628,238.90089116630418
elite_tournament,elite_0.30_t4,42,24,16,16,0.2,4,0.3,1x16,242,default,baseline,250.50957550355488,245.8133007951884
elite_tournament,elite_0.30_t4,42,24,17,16,0.2,4,0.3,1x16,242,default,baseline,256.10478599214787,248.12291844000822
elite_tournament,elite_0.30_t4,42,24,18,16,0.2,4,0.3,1x16,242,default,baseline,257.67807786023343,250.71255400247972
elite_tournament,elite_0.30_t4,42,24,19,16,0.2,4,0.3,1x16,242,default,baseline,257.67807786023343,253.56804984029088
elite_tournament,elite_0.30_t4,42,24,20,16,0.2,4,0.3,1x16,242,default,baseline,257.85399397626566,252.2511197192851
elite_tournament,elite_0.30_t4,42,24,21,16,0.2,4,0.3,1x16,242,default,baseline,260.5243110542311,254.62113341512486
elite_tournament,elite_0.30_t4,42,24,22,16,0.2,4,0.3,1x16,242,default,baseline,261.10046791816137,256.96398686418416
elite_tournament,elite_0.30_t4,42,24,23,16,0.2,4,0.3,1x16,242,default,baseline,262.6389002955544,257.9378834724387
elite_tournament,elite_0.30_t4,42,24,24,16,0.2,4,0.3,1x16,242,default,baseline,262.6389002955544,259.3434401264475
elite_tournament,elite_0.30_t4,43,24,0,16,0.2,4,0.3,1x16,242,default,baseline,173.15606138289232,124.72290905134332
elite_tournament,elite_0.30_t4,43,24,1,16,0.2,4,0.3,1x16,242,default,baseline,174.46661892111462,150.8259702603395
elite_tournament,elite_0.30_t4,43,24,2,16,0.2,4,0.3,1x16,242,default,baseline,174.46661892111462,157.90337040713976
elite_tournament,elite_0.30_t4,43,24,3,16,0.2,4,0.3,1x16,242,default,baseline,176.66420827518337,171.81471633873093
elite_tournament,elite_0.30_t4,43,24,4,16,0.2,4,0.3,1x16,242,default,baseline,178.5241061263257,173.5627176203691
elite_tournament,elite_0.30_t4,43,24,5,16,0.2,4,0.3,1x16,242,default,baseline,178.5241061263257,173.6146993524946
elite_tournament,elite_0.30_t4,43,24,6,16,0.2,4,0.3,1x16,242,default,baseline,178.5241061263257,174.14789033693918
elite_tournament,elite_0.30_t4,43,24,7,16,0.2,4,0.3,1x16,242,default,baseline,183.18693811645062,178.45661309701103
elite_tournament,elite_0.30_t4,43,24,8,16,0.2,4,0.3,1x16,242,default,baseline,183.18693811645062,179.62922082230955
elite_tournament,elite_0.30_t4,43,24,9,16,0.2,4,0.3,1x16,242,default,baseline,189.44536658288078,182.3581179788319
elite_tournament,elite_0.30_t4,43,24,10,16,0.2,4,0.3,1x16,242,default,baseline,189.50608996693933,184.23525409472006
elite_tournament,elite_0.30_t4,43,24,11,16,0.2,4,0.3,1x16,242,default,baseline,197.69000108943567,186.02554263176646
elite_tournament,elite_0.30_t4,43,24,12,16,0.2,4,0.3,1x16,242,default,baseline,198.80724299092861,189.4344822729461
elite_tournament,elite_0.30_t4,43,24,13,16,0.2,4,0.3,1x16,242,default,baseline,198.80724299092861,191.25788747703393
elite_tournament,elite_0.30_t4,43,24,14,16,0.2,4,0.3,1x16,242,default,baseline,203.54984283122562,195.22765306392802
elite_tournament,elite_0.30_t4,43,24,15,16,0.2,4,0.3,1x16,242,default,baseline,210.1510768853634,199.39586359300938
elite_tournament,elite_0.30_t4,43,24,16,16,0.2,4,0.3,1x16,242,default,baseline,213.78119070111663,203.85034615023713
elite_tournament,elite_0.30_t4,43,24,17,16,0.2,4,0.3,1x16,242,default,baseline,214.28136756089674,204.72552853934758
elite_tournament,elite_0.30_t4,43,24,18,16,0.2,4,0.3,1x16,242,default,baseline,222.0415481128819,210.1865655346785
elite_tournament,elite_0.30_t4,43,24,19,16,0.2,4,0.3,1x16,242,default,baseline,225.1667211556465,216.7770984000312
elite_tournament,elite_0.30_t4,43,24,20,16,0.2,4,0.3,1x16,242,default,baseline,226.9665942294828,220.6008343190167
elite_tournament,elite_0.30_t4,43,24,21,16,0.2,4,0.3,1x16,242,default,baseline,234.28628218794285,225.29800479973312
elite_tournament,elite_0.30_t4,43,24,22,16,0.2,4,0.3,1x16,242,default,baseline,239.41785965482066,231.24728417874613
elite_tournament,elite_0.30_t4,43,24,23,16,0.2,4,0.3,1x16,242,default,baseline,243.07392114343537,234.79226369830704
elite_tournament,elite_0.30_t4,43,24,24,16,0.2,4,0.3,1x16,242,default,baseline,251.8130212664245,238.71662844092393
elite_tournament,elite_0.30_t4,44,24,0,16,0.2,4,0.3,1x16,242,default,baseline,175.29002860123632,118.06396367334293
elite_tournament,elite_0.30_t4,44,24,1,16,0.2,4,0.3,1x16,242,default,baseline,175.29002860123632,144.29335670517878
elite_tournament,elite_0.30_t4,44,24,2,16,0.2,4,0.3,1x16,242,default,baseline,175.29002860123632,163.99339464638982
elite_tournament,elite_0.30_t4,44,24,3,16,0.2,4,0.3,1x16,242,default,baseline,176.42052638012711,162.23482929564813
elite_tournament,elite_0.30_t4,44,24,4,16,0.2,4,0.3,1x16,242,default,baseline,178.47338103303943,167.39228451426908
elite_tournament,elite_0.30_t4,44,24,5,16,0.2,4,0.3,1x16,242,default,baseline,182.30404134313483,173.66733960160735
elite_tournament,elite_0.30_t4,44,24,6,16,0.2,4,0.3,1x16,242,default,baseline,195.28278203939828,175.263004953237
elite_tournament,elite_0.30_t4,44,24,7,16,0.2,4,0.3,1x16,242,default,baseline,199.97972144079299,182.59801135068045
elite_tournament,elite_0.30_t4,44,24,8,16,0.2,4,0.3,1x16,242,default,baseline,204.23484778159502,191.12136324879134
elite_tournament,elite_0.30_t4,44,24,9,16,0.2,4,0.3,1x16,242,default,baseline,207.8997347285254,198.3989230593322
elite_tournament,elite_0.30_t4,44,24,10,16,0.2,4,0.3,1x16,242,default,baseline,217.92238835354127,206.06508406140307
elite_tournament,elite_0.30_t4,44,24,11,16,0.2,4,0.3,1x16,242,default,baseline,225.77280098653833,210.23033671224107
elite_tournament,elite_0.30_t4,44,24,12,16,0.2,4,0.3,1x16,242,default,baseline,225.77280098653833,216.83210222694237
elite_tournament,elite_0.30_t4,44,24,13,16,0.2,4,0.3,1x16,242,default,baseline,234.2590843287116,220.99104745240973
elite_tournament,elite_0.30_t4,44,24,14,16,0.2,4,0.3,1x16,242,default,baseline,234.2590843287116,227.57876927544743
elite_tournament,elite_0.30_t4,44,24,15,16,0.2,4,0.3,1x16,242,default,baseline,239.78561695480533,231.61145578182823
elite_tournament,elite_0.30_t4,44,24,16,16,0.2,4,0.3,1x16,242,default,baseline,240.47228202153138,232.62878012825152
elite_tournament,elite_0.30_t4,44,24,17,16,0.2,4,0.3,1x16,242,default,baseline,245.44136231073372,237.85701330762197
elite_tournament,elite_0.30_t4,44,24,18,16,0.2,4,0.3,1x16,242,default,baseline,251.37484337080065,240.82244695182027
elite_tournament,elite_0.30_t4,44,24,19,16,0.2,4,0.3,1x16,242,default,baseline,251.37484337080065,245.52295834147878
elite_tournament,elite_0.30_t4,44,24,20,16,0.2,4,0.3,1x16,242,default,baseline,253.39067798277105,248.29853982929697
elite_tournament,elite_0.30_t4,44,24,21,16,0.2,4,0.3,1x16,242,default,baseline,254.6323727359086,250.04923613885248
elite_tournament,elite_0.30_t4,44,24,22,16,0.2,4,0.3,1x16,242,default,baseline,254.6323727359086,249.79331468748111
elite_tournament,elite_0.30_t4,44,24,23,16,0.2,4,0.3,1x16,242,default,baseline,257.1956216540935,252.74286020049573
elite_tournament,elite_0.30_t4,44,24,24,16,0.2,4,0.3,1x16,242,default,baseline,257.1956216540935,253.9389175660774
elite_tournament,elite_0.30_t4,45,24,0,16,0.2,4,0.3,1x16,242,default,baseline,176.01205572940387,142.46705767544887
elite_tournament,elite_0.30_t4,45,24,1,16,0.2,4,0.3,1x16,242,default,baseline,176.01205572940387,154.23637916824393
elite_tournament,elite_0.30_t4,45,24,2,16,0.2,4,0.3,1x16,242,default,baseline,176.54085674620032,169.62595835676208
elite_tournament,elite_0.30_t4,45,24,3,16,0.2,4,0.3,1x16,242,default,baseline,191.59853224001162,170.9377261725827
elite_tournament,elite_0.30_t4,45,24,4,16,0.2,4,0.3,1x16,242,default,baseline,200.2956736992815,180.2213322440851
elite_tournament,elite_0.30_t4,45,24,5,16,0.2,4,0.3,1x16,242,default,baseline,208.3168770878214,189.027002661028
elite_tournament,elite_0.30_t4,45,24,6,16,0.2,4,0.3,1x16,242,default,baseline,208.3168770878214,191.5477129835512
elite_tournament,elite_0.30_t4,45,24,7,16,0.2,4,0.3,1x16,242,default,baseline,221.30367959195115,191.4225980264668
elite_tournament,elite_0.30_t4,45,24,8,16,0.2,4,0.3,1x16,242,default,baseline,228.82420419410468,200.1484539648711
elite_tournament,elite_0.30_t4,45,24,9,16,0.2,4,0.3,1x16,242,default,baseline,233.612230659766,210.19953436252186
elite_tournament,elite_0.30_t4,45,24,10,16,0.2,4,0.3,1x16,242,default,baseline,237.23203873293374,223.61556405475955
elite_tournament,elite_0.30_t4,45,24,11,16,0.2,4,0.3,1x16,242,default,baseline,245.28496837536312,234.8481762465292
elite_tournament,elite_0.30_t4,45,24,12,16,0.2,4,0.3,1x16,242,default,baseline,246.1490279177637,237.36862477764333
elite_tournament,elite_0.30_t4,45,24,13,16,0.2,4,0.3,1x16,242,default,baseline,249.3699836658047,239.00564970452035
elite_tournament,elite_0.30_t4,45,24,14,16,0.2,4,0.3,1x16,242,default,baseline,252.39962755251875,245.59861410876178
elite_tournament,elite_0.30_t4,45,24,15,16,0.2,4,0.3,1x16,242,default,baseline,255.97457282044144,248.2026722361196
elite_tournament,elite_0.30_t4,45,24,16,16,0.2,4,0.3,1x16,242,default,baseline,258.52039318490074,252.12669536185854
elite_tournament,elite_0.30_t4,45,24,17,16,0.2,4,0.3,1x16,242,default,baseline,258.52039318490074,251.99017501417433
elite_tournament,elite_0.30_t4,45,24,18,16,0.2,4,0.3,1x16,242,default,baseline,258.52039318490074,254.83700692195066
elite_tournament,elite_0.30_t4,45,24,19,16,0.2,4,0.3,1x16,242,default,baseline,258.66531714527014,255.42800264304256
elite_tournament,elite_0.30_t4,45,24,20,16,0.2,4,0.3,1x16,242,default,baseline,258.78681773378355,255.4791100322804
elite_tournament,elite_0.30_t4,45,24,21,16,0.2,4,0.3,1x16,242,default,baseline,260.019254413987,256.33047441170476
elite_tournament,elite_0.30_t4,45,24,22,16,0.2,4,0.3,1x16,242,default,baseline,260.019254413987,257.0442981707512
elite_tournament,elite_0.30_t4,45,24,23,16,0.2,4,0.3,1x16,242,default,baseline,261.24524498593695,257.58549243065397
elite_tournament,elite_0.30_t4,45,24,24,16,0.2,4,0.3,1x16,242,default,baseline,261.24524498593695,257.9919098246112
elite_tournament,elite_0.30_t4,46,24,0,16,0.2,4,0.3,1x16,242,default,baseline,164.28817654436307,118.77169150605076
elite_tournament,elite_0.30_t4,46,24,1,16,0.2,4,0.3,1x16,242,default,baseline,167.47709892462336,143.10019992877642
elite_tournament,elite_0.30_t4,46,24,2,16,0.2,4,0.3,1x16,242,default,baseline,179.87880862601668,159.74362066787285
elite_tournament,elite_0.30_t4,46,24,3,16,0.2,4,0.3,1x16,242,default,baseline,179.87880862601668,163.78299787527158
elite_tournament,elite_0.30_t4,46,24,4,16,0.2,4,0.3,1x16,242,default,baseline,196.36484014729427,173.24551874416738
elite_tournament,elite_0.30_t4,46,24,5,16,0.2,4,0.3,1x16,242,default,baseline,210.48789182413117,179.2125680663708
elite_tournament,elite_0.30_t4,46,24,6,16,0.2,4,0.3,1x16,242,default,baseline,215.63319275589768,193.8782816805147
elite_tournament,elite_0.30_t4,46,24,7,16,0.2,4,0.3,1x16,242,default,baseline,219.25327113775495,202.73002528320603
elite_tournament,elite_0.30_t4,46,24,8,16,0.2,4,0.3,1x16,242,default,baseline,231.31068225212243,205.2383814384673
elite_tournament,elite_0.30_t4,46,24,9,16,0.2,4,0.3,1x16,242,default,baseline,235.42198250722515,220.81249177956641
elite_tournament,elite_0.30_t4,46,24,10,16,0.2,4,0.3,1x16,242,default,baseline,248.8972960759477,229.96819506158326
elite_tournament,elite_0.30_t4,46,24,11,16,0.2,4,0.3,1x16,242,default,baseline,251.89849955343442,241.62427316066905
elite_tournament,elite_0.30_t4,46,24,12,16,0.2,4,0.3,1x16,242,default,baseline,252.73343754048148,245.28519856989683
elite_tournament,elite_0.30_t4,46,24,13,16,0.2,4,0.3,1x16,242,default,baseline,254.15118627253014,250.64259813242793
elite_tournament,elite_0.30_t4,46,24,14,16,0.2,4,0.3,1x16,242,default,baseline,257.94302292757675,252.9495267868291
elite_tournament,elite_0.30_t4,46,24,15,16,0.2,4,0.3,1x16,242,default,baseline,257.94302292757675,254.7408371309097
elite_tournament,elite_0.30_t4,46,24,16,16,0.2,4,0.3,1x16,242,default,baseline,258.60755445084084,255.74198641690802
elite_tournament,elite_0.30_t4,46,24,17,16,0.2,4,0.3,1x16,242,default,baseline,259.54268454012015,256.5011880350744
elite_tournament,elite_0.30_t4,46,24,18,16,0.2,4,0.3,1x16,242,default,baseline,259.54268454012015,257.39142467081865
elite_tournament,elite_0.30_t4,46,24,19,16,0.2,4,0.3,1x16,242,default,baseline,261.8787958879365,257.34181534990904
elite_tournament,elite_0.30_t4,46,24,20,16,0.2,4,0.3,1x16,242,default,baseline,261.8787958879365,257.1767854139187
elite_tournament,elite_0.30_t4,46,24,21,16,0.2,4,0.3,1x16,242,default,baseline,261.8787958879365,258.8920889041469
elite_tournament,elite_0.30_t4,46,24,22,16,0.2,4,0.3,1x16,242,default,baseline,261.8787958879365,258.912709970718
elite_tournament,elite_0.30_t4,46,24,23,16,0.2,4,0.3,1x16,242,default,baseline,263.6654825523834,259.91288336756014
elite_tournament,elite_0.30_t4,46,24,24,16,0.2,4,0.3,1x16,242,default,baseline,263.6654825523834,259.9833899121332
elite_tournament,elite_0.30_t5,42,24,0,16,0.2,5,0.3,1x16,242,default,baseline,174.64691605755775,123.93725940568496
elite_tournament,elite_0.30_t5,42,24,1,16,0.2,5,0.3,1x16,242,default,baseline,174.64691605755775,145.53341314535317
elite_tournament,elite_0.30_t5,42,24,2,16,0.2,5,0.3,1x16,242,default,baseline,190.67515286444583,166.1554219449086
elite_tournament,elite_0.30_t5,42,24,3,16,0.2,5,0.3,1x16,242,default,baseline,198.85982651121583,179.30009758530971
elite_tournament,elite_0.30_t5,42,24,4,16,0.2,5,0.3,1x16,242,default,baseline,202.91026766750667,189.3401262179058
elite_tournament,elite_0.30_t5,42,24,5,16,0.2,5,0.3,1x16,242,default,baseline,212.76310858726933,195.10091640874953
elite_tournament,elite_0.30_t5,42,24,6,16,0.2,5,0.3,1x16,242,default,baseline,225.47149240826877,190.42565882855973
elite_tournament,elite_0.30_t5,42,24,7,16,0.2,5,0.3,1x16,242,default,baseline,226.86980542904115,197.51053043463344
elite_tournament,elite_0.30_t5,42,24,8,16,0.2,5,0.3,1x16,242,default,baseline,236.07901254473725,221.86926281884539
elite_tournament,elite_0.30_t5,42,24,9,16,0.2,5,0.3,1x16,242,default,baseline,240.7278058018914,229.45034964750053
elite_tournament,elite_0.30_t5,42,24,10,16,0.2,5,0.3,1x16,242,default,baseline,246.19399326112529,237.73877818286553
elite_tournament,elite_0.30_t5,42,24,11,16,0.2,5,0.3,1x16,242,default,baseline,246.4099073654297,240.0824140070074
elite_tournament,elite_0.30_t5,42,24,12,16,0.2,5,0.3,1x16,242,default,baseline,249.3007886110011,243.72480044525693
elite_tournament,elite_0.30_t5,42,24,13,16,0.2,5,0.3,1x16,242,default,baseline,251.85148464123594,246.7724838248343
elite_tournament,elite_0.30_t5,42,24,14,16,0.2,5,0.3,1x16,242,default,baseline,253.52757806035123,249.16315620074263
elite_tournament,elite_0.30_t5,42,24,15,16,0.2,5,0.3,1x16,242,default,baseline,253.52757806035123,250.93814211579632
elite_tournament,elite_0.30_t5,42,24,16,16,0.2,5,0.3,1x16,242,default,baseline,256.9595058464556,252.9822401771538
elite_tournament,elite_0.30_t5,42,24,17,16,0.2,5,0.3,1x16,242,default,baseline,258.7232296918112,254.3297734846163
elite_tournament,elite_0.30_t5,42,24,18,16,0.2,5,0.3,1x16,242,default,baseline,261.2910045460069,255.1853672688525
elite_tournament,elite_0.30_t5,42,24,19,16,0.2,5,0.3,1x16,242,default,baseline,262.7285361093424,256.66621878754984
elite_tournament,elite_0.30_t5,42,24,20,16,0.2,5,0.3,1x16,242,default,baseline,262.7285361093424,257.8423456206574
elite_tournament,elite_0.30_t5,42,24,21,16,0.2,5,0.3,1x16,242,default,baseline,262.7285361093424,259.1545894500741
elite_tournament,elite_0.30_t5,42,24,22,16,0.2,5,0.3,1x16,242,default,baseline,262.7285361093424,258.7598060448248
elite_tournament,elite_0.30_t5,42,24,23,16,0.2,5,0.3,1x16,242,default,baseline,263.1896725546253,259.04622263093864
elite_tournament,elite_0.30_t5,42,24,24,16,0.2,5,0.3,1x16,242,default,baseline,263.1896725546253,260.1473523457121
elite_tournament,elite_0.30_t5,43,24,0,16,0.2,5,0.3,1x16,242,default,baseline,173.15606138289232,124.72290905134332
elite_tournament,elite_0.30_t5,43,24,1,16,0.2,5,0.3,1x16,242,default,baseline,174.46661892111462,154.299958582287
elite_tournament,elite_0.30_t5,43,24,2,16,0.2,5,0.3,1x16,242,default,baseline,176.19483555914252,164.63594145208526
elite_tournament,elite_0.30_t5,43,24,3,16,0.2,5,0.3,1x16,242,default,baseline,186.9090335455819,171.30590937763165
elite_tournament,elite_0.30_t5,43,24,4,16,0.2,5,0.3,1x16,242,default,baseline,186.9090335455819,175.00557648471957
elite_tournament,elite_0.30_t5,43,24,5,16,0.2,5,0.3,1x16,242,default,baseline,186.9090335455819,178.11141726833114
elite_tournament,elite_0.30_t5,43,24,6,16,0.2,5,0.3,1x16,242,default,baseline,186.9090335455819,183.3953078114024
elite_tournament,elite_0.30_t5,43,24,7,16,0.2,5,0.3,1x16,242,default,baseline,202.8033322680036,190.9818096794261
elite_tournament,elite_0.30_t5,43,24,8,16,0.2,5,0.3,1x16,242,default,baseline,206.13207846419567,198.48896243532457
elite_tournament,elite_0.30_t5,43,24,9,16,0.2,5,0.3,1x16,242,default,baseline,215.62052053919473,202.718633231164
elite_tournament,elite_0.30_t5,43,24,10,16,0.2,5,0.3,1x16,242,default,baseline,227.75300465291173,211.41176971280964
elite_tournament,elite_0.30_t5,43,24,11,16,0.2,5,0.3,1x16,242,default,baseline,227.98308494302722,217.4386916053636
elite_tournament,elite_0.30_t5,43,24,12,16,0.2,5,0.3,1x16,242,default,baseline,231.70598116688666,224.26252721580047
elite_tournament,elite_0.30_t5,43,24,13,16,0.2,5,0.3,1x16,242,default,baseline,237.4140133228595,227.560532225433
elite_tournament,elite_0.30_t5,43,24,14,16,0.2,5,0.3,1x16,242,default,baseline,239.8217373428779,232.48407518306286
elite_tournament,elite_0.30_t5,43,24,15,16,0.2,5,0.3,1x16,242,default,baseline,245.19022567650276,237.58897676343645
elite_tournament,elite_0.30_t5,43,24,16,16,0.2,5,0.3,1x16,242,default,baseline,249.50303575308183,240.92845474230717
elite_tournament,elite_0.30_t5,43,24,17,16,0.2,5,0.3,1x16,242,default,baseline,249.86545604912445,241.99476194494162
elite_tournament,elite_0.30_t5,43,24,18,16,0.2,5,0.3,1x16,242,default,baseline,252.72544601966325,246.4588048639002
elite_tournament,elite_0.30_t5,43,24,19,16,0.2,5,0.3,1x16,242,default,baseline,253.93205485659857,248.72717563807527
elite_tournament,elite_0.30_t5,43,24,20,16,0.2,5,0.3,1x16,242,default,baseline,253.93205485659857,250.02173042832158
elite_tournament,elite_0.30_t5,43,24,21,16,0.2,5,0.3,1x16,242,default,baseline,256.96945332518925,252.31265964787463
elite_tournament,elite_0.30_t5,43,24,22,16,0.2,5,0.3,1x16,242,default,baseline,258.097715265969,254.2656980871135
elite_tournament,elite_0.30_t5,43,24,23,16,0.2,5,0.3,1x16,242,default,baseline,259.04946682655145,256.2096841950598
elite_tournament,elite_0.30_t5,43,24,24,16,0.2,5,0.3,1x16,242,default,baseline,259.63092274435877,257.2519449440399
elite_tournament,elite_0.30_t5,44,24,0,16,0.2,5,0.3,1x16,242,default,baseline,175.29002860123632,118.06396367334293
elite_tournament,elite_0.30_t5,44,24,1,16,0.2,5,0.3,1x16,242,default,baseline,175.29002860123632,155.62550070245607
elite_tournament,elite_0.30_t5,44,24,2,16,0.2,5,0.3,1x16,242,default,baseline,178.57348754481683,165.63618167890667
elite_tournament,elite_0.30_t5,44,24,3,16,0.2,5,0.3,1x16,242,default,baseline,181.39593301821282,169.17904079691013
elite_tournament,elite_0.30_t5,44,24,4,16,0.2,5,0.3,1x16,242,default,baseline,184.5825082855463,172.8607449367906
elite_tournament,elite_0.30_t5,44,24,5,16,0.2,5,0.3,1x16,242,default,baseline,190.4459993712175,180.62370058516822
elite_tournament,elite_0.30_t5,44,24,6,16,0.2,5,0.3,1x16,242,default,baseline,193.6900938459982,185.04898039959738
elite_tournament,elite_0.30_t5,44,24,7,16,0.2,5,0.3,1x16,242,default,baseline,204.89702608827275,192.12646014369426
elite_tournament,elite_0.30_t5,44,24,8,16,0.2,5,0.3,1x16,242,default,baseline,210.10555165147878,196.97863809278607
elite_tournament,elite_0.30_t5,44,24,9,16,0.2,5,0.3,1x16,242,default,baseline,228.71702700419638,206.79793046496536
elite_tournament,elite_0.30_t5,44,24,10,16,0.2,5,0.3,1x16,242,default,baseline,232.70671976802583,219.52727188003354
elite_tournament,elite_0.30_t5,44,24,11,16,0.2,5,0.3,1x16,242,default,baseline,237.4536165595599,227.830001083999
elite_tournament,elite_0.30_t5,44,24,12,16,0.2,5,0.3,1x16,242,default,baseline,242.88198344397966,229.41979485564383
elite_tournament,elite_0.30_t5,44,24,13,16,0.2,5,0.3,1x16,242,default,baseline,244.47691782776315,237.69508544479189
elite_tournament,elite_0.30_t5,44,24,14,16,0.2,5,0.3,1x16,242,default,baseline,248.22545830294135,240.05071036288473
elite_tournament,elite_0.30_t5,44,24,15,16,0.2,5,0.3,1x16,242,default,baseline,249.27754029427433,241.7534467739864
elite_tournament,elite_0.30_t5,44,24,16,16,0.2,5,0.3,1x16,242,default,baseline,249.27754029427433,244.59577054799783
elite_tournament,elite_0.30_t5,44,24,17,16,0.2,5,0.3,1x16,242,default,baseline,249.360005992814,246.4720529657717
elite_tournament,elite_0.30_t5,44,24,18,16,0.2,5,0.3,1x16,242,default,baseline,250.96418262230685,247.91537217874395
elite_tournament,elite_0.30_t5,44,24,19,16,0.2,5,0.3,1x16,242,default,baseline,251.64494147962287,248.590234069636
elite_tournament,elite_0.30_t5,44,24,20,16,0.2,5,0.3,1x16,242,default,baseline,253.83671529275088,249.03748215355597
elite_tournament,elite_0.30_t5,44,24,21,16,0.2,5,0.3,1x16,242,default,baseline,253.83671529275088,250.2208184976342
elite_tournament,elite_0.30_t5,44,24,22,16,0.2,5,0.3,1x16,242,default,baseline,254.26443109338058,250.78500664381608
elite_tournament,elite_0.30_t5,44,24,23,16,0.2,5,0.3,1x16,242,default,baseline,256.3095947261535,252.6256747161502
elite_tournament,elite_0.30_t5,44,24,24,16,0.2,5,0.3,1x16,242,default,baseline,257.7940786286738,254.32752521524537
elite_tournament,elite_0.30_t5,45,24,0,16,0.2,5,0.3,1x16,242,default,baseline,176.01205572940387,142.46705767544887
elite_tournament,elite_0.30_t5,45,24,1,16,0.2,5,0.3,1x16,242,default,baseline,176.01205572940387,147.52564522809786
elite_tournament,elite_0.30_t5,45,24,2,16,0.2,5,0.3,1x16,242,default,baseline,176.54085674620032,165.98719468684993
elite_tournament,elite_0.30_t5,45,24,3,16,0.2,5,0.3,1x16,242,default,baseline,181.40985482633056,173.56267962244874
elite_tournament,elite_0.30_t5,45,24,4,16,0.2,5,0.3,1x16,242,default,baseline,199.0938800546856,174.51218400425668
elite_tournament,elite_0.30_t5,45,24,5,16,0.2,5,0.3,1x16,242,default,baseline,202.03196991170392,183.9435018648001
elite_tournament,elite_0.30_t5,45,24,6,16,0.2,5,0.3,1x16,242,default,baseline,215.18316776034345,198.69872335307036
elite_tournament,elite_0.30_t5,45,24,7,16,0.2,5,0.3,1x16,242,default,baseline,215.52659747126282,206.15004033160258
elite_tournament,elite_0.30_t5,45,24,8,16,0.2,5,0.3,1x16,242,default,baseline,224.1701675715753,211.76403237033986
elite_tournament,elite_0.30_t5,45,24,9,16,0.2,5,0.3,1x16,242,default,baseline,233.34529776885717,217.95643476518688
elite_tournament,elite_0.30_t5,45,24,10,16,0.2,5,0.3,1x16,242,default,baseline,246.29289986258257,228.08130879130033
elite_tournament,elite_0.30_t5,45,24,11,16,0.2,5,0.3,1x16,242,default,baseline,248.58868609162306,237.47636249254055
elite_tournament,elite_0.30_t5,45,24,12,16,0.2,5,0.3,1x16,242,default,baseline,252.18554303677053,243.9835059419279
elite_tournament,elite_0.30_t5,45,24,13,16,0.2,5,0.3,1x16,242,default,baseline,252.1960904963488,246.42615057622007
elite_tournament,elite_0.30_t5,45,24,14,16,0.2,5,0.3,1x16,242,default,baseline,255.56667432721792,250.25629807760293
elite_tournament,elite_0.30_t5,45,24,15,16,0.2,5,0.3,1x16,242,default,baseline,255.56667432721792,251.50014842673352
elite_tournament,elite_0.30_t5,45,24,16,16,0.2,5,0.3,1x16,242,default,baseline,256.9385746644992,253.30327268971294
elite_tournament,elite_0.30_t5,45,24,17,16,0.2,5,0.3,1x16,242,default,baseline,256.9385746644992,253.2910700913834
elite_tournament,elite_0.30_t5,45,24,18,16,0.2,5,0.3,1x16,242,default,baseline,258.0645389845505,254.77747849875269
elite_tournament,elite_0.30_t5,45,24,19,16,0.2,5,0.3,1x16,242,default,baseline,260.52107383530404,256.422555259221
elite_tournament,elite_0.30_t5,45,24,20,16,0.2,5,0.3,1x16,242,default,baseline,260.52107383530404,256.58513396346757
elite_tournament,elite_0.30_t5,45,24,21,16,0.2,5,0.3,1x16,242,default,baseline,260.52107383530404,257.21688732183816
elite_tournament,elite_0.30_t5,45,24,22,16,0.2,5,0.3,1x16,242,default,baseline,260.52107383530404,257.59564681353004
elite_tournament,elite_0.30_t5,45,24,23,16,0.2,5,0.3,1x16,242,default,baseline,262.46915302712125,258.3378906884816
elite_tournament,elite_0.30_t5,45,24,24,16,0.2,5,0.3,1x16,242,default,baseline,262.46915302712125,259.5080529108566
elite_tournament,elite_0.30_t5,46,24,0,16,0.2,5,0.3,1x16,242,default,baseline,164.28817654436307,118.77169150605076
elite_tournament,elite_0.30_t5,46,24,1,16,0.2,5,0.3,1x16,242,default,baseline,166.8268949154229,146.51783902677954
elite_tournament,elite_0.30_t5,46,24,2,16,0.2,5,0.3,1x16,242,default,baseline,180.38008424342718,148.18770144527298
elite_tournament,elite_0.30_t5,46,24,3,16,0.2,5,0.3,1x16,242,default,baseline,180.38008424342718,167.74095122303794
elite_tournament,elite_0.30_t5,46,24,4,16,0.2,5,0.3,1x16,242,default,baseline,180.38008424342718,169.32186852085817
elite_tournament,elite_0.30_t5,46,24,5,16,0.2,5,0.3,1x16,242,default,baseline,185.74798532778445,176.20620400681125
elite_tournament,elite_0.30_t5,46,24,6,16,0.2,5,0.3,1x16,242,default,baseline,185.74798532778445,179.51640941349274
elite_tournament,elite_0.30_t5,46,24,7,16,0.2,5,0.3,1x16,242,default,baseline,194.10263936468544,184.27605490203115
elite_tournament,elite_0.30_t5,46,24,8,16,0.2,5,0.3,1x16,242,default,baseline,205.3010079415052,190.75971183942187
elite_tournament,elite_0.30_t5,46,24,9,16,0.2,5,0.3,1x16,242,default,baseline,218.57344888091578,200.52551961425704
elite_tournament,elite_0.30_t5,46,24,10,16,0.2,5,0.3,1x16,242,default,baseline,220.06027425946925,210.65506471140415
elite_tournament,elite_0.30_t5,46,24,11,16,0.2,5,0.3,1x16,242,default,baseline,223.10155019225053,215.54344168605434
elite_tournament,elite_0.30_t5,46,24,12,16,0.2,5,0.3,1x16,242,default,baseline,232.5022832080349,218.4222516855565
elite_tournament,elite_0.30_t5,46,24,13,16,0.2,5,0.3,1x16,242,default,baseline,239.69389234959402,227.57315943886908
elite_tournament,elite_0.30_t5,46,24,14,16,0.2,5,0.3,1x16,242,default,baseline,244.60160192118593,238.79534098414587
elite_tournament,elite_0.30_t5,46,24,15,16,0.2,5,0.3,1x16,242,default,baseline,244.60160192118593,241.0357883268827
elite_tournament,elite_0.30_t5,46,24,16,16,0.2,5,0.3,1x16,242,default,baseline,248.30689397776902,243.67923114050097
elite_tournament,elite_0.30_t5,46,24,17,16,0.2,5,0.3,1x16,242,default,baseline,249.4294456754717,245.18940095587485
elite_tournament,elite_0.30_t5,46,24,18,16,0.2,5,0.3,1x16,242,default,baseline,249.57293011913333,247.27225872152408
elite_tournament,elite_0.30_t5,46,24,19,16,0.2,5,0.3,1x16,242,default,baseline,252.38700112831873,248.7629933347959
elite_tournament,elite_0.30_t5,46,24,20,16,0.2,5,0.3,1x16,242,default,baseline,252.38700112831873,248.0862895766737
elite_tournament,elite_0.30_t5,46,24,21,16,0.2,5,0.3,1x16,242,default,baseline,252.38700112831873,250.47311958291544
elite_tournament,elite_0.30_t5,46,24,22,16,0.2,5,0.3,1x16,242,default,baseline,256.4512440318696,251.22040030950635
elite_tournament,elite_0.30_t5,46,24,23,16,0.2,5,0.3,1x16,242,default,baseline,256.4512440318696,251.5065958730392
elite_tournament,elite_0.30_t5,46,24,24,16,0.2,5,0.3,1x16,242,default,baseline,256.4512440318696,253.5602969736704
weight_profile,baseline,42,24,0,16,0.2,5,0.2,1x16,242,default,baseline,174.64691605755775,123.93725940568496
weight_profile,baseline,42,24,1,16,0.2,5,0.2,1x16,242,default,baseline,174.64691605755775,143.06426926603922
weight_profile,baseline,42,24,2,16,0.2,5,0.2,1x16,242,default,baseline,178.9474375016876,166.54738463789363
weight_profile,baseline,42,24,3,16,0.2,5,0.2,1x16,242,default,baseline,188.94087692695587,173.46737204221944
weight_profile,baseline,42,24,4,16,0.2,5,0.2,1x16,242,default,baseline,194.11362691733444,180.49337880519576
weight_profile,baseline,42,24,5,16,0.2,5,0.2,1x16,242,default,baseline,202.01973464856437,189.11958249784135
weight_profile,baseline,42,24,6,16,0.2,5,0.2,1x16,242,default,baseline,202.39452677303717,190.9196168381185
weight_profile,baseline,42,24,7,16,0.2,5,0.2,1x16,242,default,baseline,223.57172190586513,197.02741676941744
weight_profile,baseline,42,24,8,16,0.2,5,0.2,1x16,242,default,baseline,225.71356264381217,209.728685048481
weight_profile,baseline,42,24,9,16,0.2,5,0.2,1x16,242,default,baseline,231.46607825798435,219.30997420296532
weight_profile,baseline,42,24,10,16,0.2,5,0.2,1x16,242,default,baseline,234.05622387295222,224.7941175620453
weight_profile,baseline,42,24,11,16,0.2,5,0.2,1x16,242,default,baseline,242.66807642129731,227.8193339105415
weight_profile,baseline,42,24,12,16,0.2,5,0.2,1x16,242,default,baseline,243.15967294142737,237.27806150414068
weight_profile,baseline,42,24,13,16,0.2,5,0.2,1x16,242,default,baseline,245.05779914309412,240.54307131347042
weight_profile,baseline,42,24,14,16,0.2,5,0.2,1x16,242,default,baseline,245.05779914309412,241.64640253598228
weight_profile,baseline,42,24,15,16,0.2,5,0.2,1x16,242,default,baseline,248.67581212137156,243.58203429336973
weight_profile,baseline,42,24,16,16,0.2,5,0.2,1x16,242,default,baseline,255.603935540985,247.78879906212137
weight_profile,baseline,42,24,17,16,0.2,5,0.2,1x16,242,default,baseline,255.603935540985,250.64566993686907
weight_profile,baseline,42,24,18,16,0.2,5,0.2,1x16,242,default,baseline,255.86449488359804,253.60391137565466
weight_profile,baseline,42,24,19,16,0.2,5,0.2,1x16,242,default,baseline,257.1471868408097,254.17448857559114
weight_profile,baseline,42,24,20,16,0.2,5,0.2,1x16,242,default,baseline,257.1471868408097,254.6818966916717
weight_profile,baseline,42,24,21,16,0.2,5,0.2,1x16,242,default,baseline,257.6149716600046,255.41857567909477
weight_profile,baseline,42,24,22,16,0.2,5,0.2,1x16,242,default,baseline,258.6648096537491,255.87962613839304
weight_profile,baseline,42,24,23,16,0.2,5,0.2,1x16,242,default,baseline,260.6576240430328,256.9576131006578
weight_profile,baseline,42,24,24,16,0.2,5,0.2,1x16,242,default,baseline,260.6576240430328,258.089552421786
weight_profile,baseline,43,24,0,16,0.2,5,0.2,1x16,242,default,baseline,173.15606138289232,124.72290905134332
weight_profile,baseline,43,24,1,16,0.2,5,0.2,1x16,242,default,baseline,174.46661892111462,155.17287648197288
weight_profile,baseline,43,24,2,16,0.2,5,0.2,1x16,242,default,baseline,174.46661892111462,168.7378950380152
weight_profile,baseline,43,24,3,16,0.2,5,0.2,1x16,242,default,baseline,176.08781215000224,171.05913587904092
weight_profile,baseline,43,24,4,16,0.2,5,0.2,1x16,242,default,baseline,176.43678841498877,171.62161071970937
weight_profile,baseline,43,24,5,16,0.2,5,0.2,1x16,242,default,baseline,186.47726341018813,172.955216518761
weight_profile,baseline,43,24,6,16,0.2,5,0.2,1x16,242,default,baseline,198.4481839979593,178.97703302482546
weight_profile,baseline,43,24,7,16,0.2,5,0.2,1x16,242,default,baseline,204.0163301882029,185.56241899039372
weight_profile,baseline,43,24,8,16,0.2,5,0.2,1x16,242,default,baseline,210.9846907921556,195.98070623100904
weight_profile,baseline,43,24,9,16,0.2,5,0.2,1x16,242,default,baseline,210.9846907921556,203.67127132625197
weight_profile,baseline,43,24,10,16,0.2,5,0.2,1x16,242,default,baseline,213.27146063138173,206.98641309300325
weight_profile,baseline,43,24,11,16,0.2,5,0.2,1x16,242,default,baseline,218.34317669531666,210.28355533833604
weight_profile,baseline,43,24,12,16,0.2,5,0.2,1x16,242,default,baseline,223.41502831588008,211.17064423524025
weight_profile,baseline,43,24,13,16,0.2,5,0.2,1x16,242,default,baseline,231.75767691130184,217.43367264710102
weight_profile,baseline,43,24,14,16,0.2,5,0.2,1x16,242,default,baseline,238.71370919869116,227.39027566599714
weight_profile,baseline,43,24,15,16,0.2,5,0.2,1x16,242,default,baseline,239.58447083315843,231.87242082172133
weight_profile,baseline,43,24,16,16,0.2,5,0.2,1x16,242,default,baseline,246.44842604258628,236.81504640094246
weight_profile,baseline,43,24,17,16,0.2,5,0.2,1x16,242,default,baseline,249.949679259721,240.66786334188953
weight_profile,baseline,43,24,18,16,0.2,5,0.2,1x16,242,default,baseline,249.949679259721,243.65965173420466
weight_profile,baseline,43,24,19,16,0.2,5,0.2,1x16,242,default,baseline,249.949679259721,245.56056936887762
weight_profile,baseline,43,24,20,16,0.2,5,0.2,1x16,242,default,baseline,249.949679259721,246.4294575744829
weight_profile,baseline,43,24,21,16,0.2,5,0.2,1x16,242,default,baseline,255.00271652761535,247.03266492341697
weight_profile,baseline,43,24,22,16,0.2,5,0.2,1x16,242,default,baseline,259.1051882963696,250.0807298231397
weight_profile,baseline,43,24,23,16,0.2,5,0.2,1x16,242,default,baseline,259.1051882963696,253.2022233491883
weight_profile,baseline,43,24,24,16,0.2,5,0.2,1x16,242,default,baseline,259.1051882963696,256.4680480296111
weight_profile,baseline,44,24,0,16,0.2,5,0.2,1x16,242,default,baseline,175.29002860123632,118.06396367334293
weight_profile,baseline,44,24,1,16,0.2,5,0.2,1x16,242,default,baseline,175.29002860123632,151.04762006075674
weight_profile,baseline,44,24,2,16,0.2,5,0.2,1x16,242,default,baseline,178.57348754481683,163.35558727470894
weight_profile,baseline,44,24,3,16,0.2,5,0.2,1x16,242,default,baseline,181.57107558256598,168.7975550878852
weight_profile,baseline,44,24,4,16,0.2,5,0.2,1x16,242,default,baseline,184.87153009413623,177.94501924734436
weight_profile,baseline,44,24,5,16,0.2,5,0.2,1x16,242,default,baseline,192.50220935880253,181.35937871724468
weight_profile,baseline,44,24,6,16,0.2,5,0.2,1x16,242,default,baseline,205.26103338431483,185.37904369844023
weight_profile,baseline,44,24,7,16,0.2,5,0.2,1x16,242,default,baseline,207.5357034862875,192.85172033137138
weight_profile,baseline,44,24,8,16,0.2,5,0.2,1x16,242,default,baseline,210.17737082993955,199.29779073457334
weight_profile,baseline,44,24,9,16,0.2,5,0.2,1x16,242,default,baseline,223.02226619926768,208.27560564138432
weight_profile,baseline,44,24,10,16,0.2,5,0.2,1x16,242,default,baseline,223.02226619926768,214.34979826375385
weight_profile,baseline,44,24,11,16,0.2,5,0.2,1x16,242,default,baseline,230.80174124536364,215.00153353789733
weight_profile,baseline,44,24,12,16,0.2,5,0.2,1x16,242,default,baseline,233.38902461327223,222.78509664135817
weight_profile,baseline,44,24,13,16,0.2,5,0.2,1x16,242,default,baseline,238.44950549791577,230.23745515854938
weight_profile,baseline,44,24,14,16,0.2,5,0.2,1x16,242,default,baseline,240.28671473201672,233.35563792048248
weight_profile,baseline,44,24,15,16,0.2,5,0.2,1x16,242,default,baseline,242.94032534067537,233.85362597019522
weight_profile,baseline,44,24,16,16,0.2,5,0.2,1x16,242,default,baseline,244.9188294097308,240.3398617142887
weight_profile,baseline,44,24,17,16,0.2,5,0.2,1x16,242,default,baseline,248.94378384478904,243.34153212700133
weight_profile,baseline,44,24,18,16,0.2,5,0.2,1x16,242,default,baseline,251.29216340526347,246.69716226910577
weight_profile,baseline,44,24,19,16,0.2,5,0.2,1x16,242,default,baseline,252.89108154654906,247.80085640414296
weight_profile,baseline,44,24,20,16,0.2,5,0.2,1x16,242,default,baseline,252.89108154654906,248.87982025957297
weight_profile,baseline,44,24,21,16,0.2,5,0.2,1x16,242,default,baseline,255.34390528688812,250.18329774021456
weight_profile,baseline,44,24,22,16,0.2,5,0.2,1x16,242,default,baseline,255.34390528688812,250.1482334697469
weight_profile,baseline,44,24,23,16,0.2,5,0.2,1x16,242,default,baseline,257.37512002234195,253.09881987652267
weight_profile,baseline,44,24,24,16,0.2,5,0.2,1x16,242,default,baseline,257.37512002234195,253.48506399185416
weight_profile,baseline,45,24,0,16,0.2,5,0.2,1x16,242,default,baseline,176.01205572940387,142.46705767544887
weight_profile,baseline,45,24,1,16,0.2,5,0.2,1x16,242,default,baseline,176.01205572940387,143.2882752278867
weight_profile,baseline,45,24,2,16,0.2,5,0.2,1x16,242,default,baseline,176.90116497251313,166.23421962905803
weight_profile,baseline,45,24,3,16,0.2,5,0.2,1x16,242,default,baseline,178.27912999645343,175.64894050687388
weight_profile,baseline,45,24,4,16,0.2,5,0.2,1x16,242,default,baseline,178.53263423517558,176.1669604352556
weight_profile,baseline,45,24,5,16,0.2,5,0.2,1x16,242,default,baseline,180.7758926243834,176.5525854637374
weight_profile,baseline,45,24,6,16,0.2,5,0.2,1x16,242,default,baseline,180.7758926243834,177.71427444600084
weight_profile,baseline,45,24,7,16,0.2,5,0.2,1x16,242,default,baseline,184.40908051414402,178.45559709117296
weight_profile,baseline,45,24,8,16,0.2,5,0.2,1x16,242,default,baseline,188.8656932748435,180.81548639360676
weight_profile,baseline,45,24,9,16,0.2,5,0.2,1x16,242,default,baseline,202.78194426933797,185.24816369941877
weight_profile,baseline,45,24,10,16,0.2,5,0.2,1x16,242,default,baseline,231.07146511613465,198.10300681912003
weight_profile,baseline,45,24,11,16,0.2,5,0.2,1x16,242,default,baseline,235.77096666951914,218.64211206255126
weight_profile,baseline,45,24,12,16,0.2,5,0.2,1x16,242,default,baseline,244.6942460443103,228.52442882637098
weight_profile,baseline,45,24,13,16,0.2,5,0.2,1x16,242,default,baseline,248.68878106303902,239.83278161381855
weight_profile,baseline,45,24,14,16,0.2,5,0.2,1x16,242,default,baseline,255.64619586642903,244.49264463414465
weight_profile,baseline,45,24,15,16,0.2,5,0.2,1x16,242,default,baseline,257.1859336099143,251.0133165321209
weight_profile,baseline,45,24,16,16,0.2,5,0.2,1x16,242,default,baseline,258.6415602944952,251.74457356843197
weight_profile,baseline,45,24,17,16,0.2,5,0.2,1x16,242,default,baseline,258.6415602944952,253.01190227946998
weight_profile,baseline,45,24,18,16,0.2,5,0.2,1x16,242,default,baseline,260.61212640563343,256.35342851618776
weight_profile,baseline,45,24,19,16,0.2,5,0.2,1x16,242,default,baseline,261.64194507877227,257.480867842381
weight_profile,baseline,45,24,20,16,0.2,5,0.2,1x16,242,default,baseline,263.54823377676064,258.8011258500462
weight_profile,baseline,45,24,21,16,0.2,5,0.2,1x16,242,default,baseline,263.54823377676064,258.0336519727552
weight_profile,baseline,45,24,22,16,0.2,5,0.2,1x16,242,default,baseline,263.54823377676064,259.8164997585045
weight_profile,baseline,45,24,23,16,0.2,5,0.2,1x16,242,default,baseline,263.54823377676064,261.26318586858815
weight_profile,baseline,45,24,24,16,0.2,5,0.2,1x16,242,default,baseline,263.54823377676064,260.44236842263666
weight_profile,baseline,46,24,0,16,0.2,5,0.2,1x16,242,default,baseline,164.28817654436307,118.77169150605076
weight_profile,baseline,46,24,1,16,0.2,5,0.2,1x16,242,default,baseline,166.8268949154229,147.74582748515232
weight_profile,baseline,46,24,2,16,0.2,5,0.2,1x16,242,default,baseline,179.5078916552671,160.2636704029175
weight_profile,baseline,46,24,3,16,0.2,5,0.2,1x16,242,default,baseline,185.99843017652137,173.9345468529723
weight_profile,baseline,46,24,4,16,0.2,5,0.2,1x16,242,default,baseline,193.85370016908925,175.44579869379643
weight_profile,baseline,46,24,5,16,0.2,5,0.2,1x16,242,default,baseline,206.96233241707108,183.05905919688115
weight_profile,baseline,46,24,6,16,0.2,5,0.2,1x16,242,default,baseline,211.09013810239998,199.13701040622152
weight_profile,baseline,46,24,7,16,0.2,5,0.2,1x16,242,default,baseline,218.91695779096202,206.87542180984337
weight_profile,baseline,46,24,8,16,0.2,5,0.2,1x16,242,default,baseline,224.3890722534631,212.59249090202496
weight_profile,baseline,46,24,9,16,0.2,5,0.2,1x16,242,default,baseline,230.13508114740176,217.81304013349853
weight_profile,baseline,46,24,10,16,0.2,5,0.2,1x16,242,default,baseline,234.06157075384832,225.05855412324047
weight_profile,baseline,46,24,11,16,0.2,5,0.2,1x16,242,default,baseline,237.03590203499917,230.04282828736154
weight_profile,baseline,46,24,12,16,0.2,5,0.2,1x16,242,default,baseline,244.3639001204516,235.1504993911878
weight_profile,baseline,46,24,13,16,0.2,5,0.2,1x16,242,default,baseline,247.18526383405336,240.46860987115957
weight_profile,baseline,46,24,14,16,0.2,5,0.2,1x16,242,default,baseline,247.34055398936238,243.86101751283962
weight_profile,baseline,46,24,15,16,0.2,5,0.2,1x16,242,default,baseline,249.41354095074365,245.47805017214918
weight_profile,baseline,46,24,16,16,0.2,5,0.2,1x16,242,default,baseline,252.1713815586668,246.3110646969114
weight_profile,baseline,46,24,17,16,0.2,5,0.2,1x16,242,default,baseline,252.26398226385675,249.07489797628503
weight_profile,baseline,46,24,18,16,0.2,5,0.2,1x16,242,default,baseline,254.90151655665653,251.1441157712228
weight_profile,baseline,46,24,19,16,0.2,5,0.2,1x16,242,default,baseline,256.00273771720595,252.48450796506376
weight_profile,baseline,46,24,20,16,0.2,5,0.2,1x16,242,default,baseline,256.00273771720595,253.73738064359287
weight_profile,baseline,46,24,21,16,0.2,5,0.2,1x16,242,default,baseline,256.00273771720595,253.6148709886811
weight_profile,baseline,46,24,22,16,0.2,5,0.2,1x16,242,default,baseline,256.2887695477716,254.79910636753132
weight_profile,baseline,46,24,23,16,0.2,5,0.2,1x16,242,default,baseline,257.41025139546076,254.59415176798757
weight_profile,baseline,46,24,24,16,0.2,5,0.2,1x16,242,default,baseline,257.7308945303985,255.06526958469084
weight_profile,distance_focus,42,24,0,16,0.2,5,0.2,1x16,242,default,distance_focus,191.43010589865492,133.2963591365992
weight_profile,distance_focus,42,24,1,16,0.2,5,0.2,1x16,242,default,distance_focus,191.43010589865492,154.5793697404622
weight_profile,distance_focus,42,24,2,16,0.2,5,0.2,1x16,242,default,distance_focus,195.50327727739034,180.4922877527622
weight_profile,distance_focus,42,24,3,16,0.2,5,0.2,1x16,242,default,distance_focus,206.30059524109916,187.865171933271
weight_profile,distance_focus,42,24,4,16,0.2,5,0.2,1x16,242,default,distance_focus,211.87632237893172,197.93928945533565
weight_profile,distance_focus,42,24,5,16,0.2,5,0.2,1x16,242,default,distance_focus,220.79092365194145,205.60554476840628
weight_profile,distance_focus,42,24,6,16,0.2,5,0.2,1x16,242,default,distance_focus,223.24608078959102,209.3012001418858
weight_profile,distance_focus,42,24,7,16,0.2,5,0.2,1x16,242,default,distance_focus,230.03939909822367,217.38678942287814
weight_profile,distance_focus,42,24,8,16,0.2,5,0.2,1x16,242,default,distance_focus,241.64900896340964,227.6319416474764
weight_profile,distance_focus,42,24,9,16,0.2,5,0.2,1x16,242,default,distance_focus,250.8617644466271,236.60858346283317
weight_profile,distance_focus,42,24,10,16,0.2,5,0.2,1x16,242,default,distance_focus,258.17459134578644,246.40246811062235
weight_profile,distance_focus,42,24,11,16,0.2,5,0.2,1x16,242,default,distance_focus,268.3972744663075,254.58439034273079
weight_profile,distance_focus,42,24,12,16,0.2,5,0.2,1x16,242,default,distance_focus,268.3972744663075,259.35769963406676
weight_profile,distance_focus,42,24,13,16,0.2,5,0.2,1x16,242,default,distance_focus,269.50266206383316,264.20966581860506
weight_profile,distance_focus,42,24,14,16,0.2,5,0.2,1x16,242,default,distance_focus,273.93250961211083,267.09130603729926
weight_profile,distance_focus,42,24,15,16,0.2,5,0.2,1x16,242,default,distance_focus,276.4105187452584,268.73883979947544
weight_profile,distance_focus,42,24,16,16,0.2,5,0.2,1x16,242,default,distance_focus,282.20078387308445,273.84002187733194
weight_profile,distance_focus,42,24,17,16,0.2,5,0.2,1x16,242,default,distance_focus,283.8547790577006,277.42850276712966
weight_profile,distance_focus,42,24,18,16,0.2,5,0.2,1x16,242,default,distance_focus,284.5028332452938,280.532629031727
weight_profile,distance_focus,42,24,19,16,0.2,5,0.2,1x16,242,default,distance_focus,286.12577310837605,281.3305324599312
weight_profile,distance_focus,42,24,20,16,0.2,5,0.2,1x16,242,default,distance_focus,288.60340633948704,283.5507002102571
weight_profile,distance_focus,42,24,21,16,0.2,5,0.2,1x16,242,default,distance_focus,288.86671386011517,285.5423813629409
weight_profile,distance_focus,42,24,22,16,0.2,5,0.2,1x16,242,default,distance_focus,290.6169171761791,287.1564914086663
weight_profile,distance_focus,42,24,23,16,0.2,5,0.2,1x16,242,default,distance_focus,290.6169171761791,285.7727556225066
weight_profile,distance_focus,42,24,24,16,0.2,5,0.2,1x16,242,default,distance_focus,290.6169171761791,285.7771853482304
weight_profile,distance_focus,43,24,0,16,0.2,5,0.2,1x16,242,default,distance_focus,190.33695973207136,133.85820414486693
weight_profile,distance_focus,43,24,1,16,0.2,5,0.2,1x16,242,default,distance_focus,192.08639561343665,168.4700036541278
weight_profile,distance_focus,43,24,2,16,0.2,5,0.2,1x16,242,default,distance_focus,192.08639561343665,184.01164281327237
weight_profile,distance_focus,43,24,3,16,0.2,5,0.2,1x16,242,default,distance_focus,194.75361026452651,190.7029607471143
weight_profile,distance_focus,43,24,4,16,0.2,5,0.2,1x16,242,default,distance_focus,196.99562519524827,190.2184672270821
weight_profile,distance_focus,43,24,5,16,0.2,5,0.2,1x16,242,default,distance_focus,198.12180175172224,191.7806775763204
weight_profile,distance_focus,43,24,6,16,0.2,5,0.2,1x16,242,default,distance_focus,199.59401618478296,195.0231462654846
weight_profile,distance_focus,43,24,7,16,0.2,5,0.2,1x16,242,default,distance_focus,205.52000446538324,197.31218747547467
weight_profile,distance_focus,43,24,8,16,0.2,5,0.2,1x16,242,default,distance_focus,215.79628643630247,200.36359745998357
weight_profile,distance_focus,43,24,9,16,0.2,5,0.2,1x16,242,default,distance_focus,219.59938915865462,206.83488486803404
weight_profile,distance_focus,43,24,10,16,0.2,5,0.2,1x16,242,default,distance_focus,224.10302524297833,215.97735905467096
weight_profile,distance_focus,43,24,11,16,0.2,5,0.2,1x16,242,default,distance_focus,241.43198920599494,220.40175856099623
weight_profile,distance_focus,43,24,12,16,0.2,5,0.2,1x16,242,default,distance_focus,242.8916672959008,226.9527109048248
weight_profile,distance_focus,43,24,13,16,0.2,5,0.2,1x16,242,default,distance_focus,249.54556841410925,237.7775370321293
weight_profile,distance_focus,43,24,14,16,0.2,5,0.2,1x16,242,default,distance_focus,254.9871581564013,245.19563081130758
weight_profile,distance_focus,43,24,15,16,0.2,5,0.2,1x16,242,default,distance_focus,263.1294976059044,252.39621018948188
weight_profile,distance_focus,43,24,16,16,0.2,5,0.2,1x16,242,default,distance_focus,267.63791105352476,258.4595400816463
weight_profile,distance_focus,43,24,17,16,0.2,5,0.2,1x16,242,default,distance_focus,272.5221630584978,266.6941422431537
weight_profile,distance_focus,43,24,18,16,0.2,5,0.2,1x16,242,default,distance_focus,277.6750783074124,270.6994897487556
weight_profile,distance_focus,43,24,19,16,0.2,5,0.2,1x16,242,default,distance_focus,280.48817979143723,274.0831655923402
weight_profile,distance_focus,43,24,20,16,0.2,5,0.2,1x16,242,default,distance_focus,280.48817979143723,277.51576692277126
weight_profile,distance_focus,43,24,21,16,0.2,5,0.2,1x16,242,default,distance_focus,281.1071341991925,276.9815370971685
weight_profile,distance_focus,43,24,22,16,0.2,5,0.2,1x16,242,default,distance_focus,282.3030307354638,277.4297455269301
weight_profile,distance_focus,43,24,23,16,0.2,5,0.2,1x16,242,default,distance_focus,282.3030307354638,278.6170822558238
weight_profile,distance_focus,43,24,24,16,0.2,5,0.2,1x16,242,default,distance_focus,283.0065017891592,279.5573361625568
weight_profile,distance_focus,44,24,0,16,0.2,5,0.2,1x16,242,default,distance_focus,192.50683155464333,126.79584060202342
weight_profile,distance_focus,44,24,1,16,0.2,5,0.2,1x16,242,default,distance_focus,192.50683155464333,163.71341289298593
weight_profile,distance_focus,44,24,2,16,0.2,5,0.2,1x16,242,default,distance_focus,196.58560938255283,179.16399391471913
weight_profile,distance_focus,44,24,3,16,0.2,5,0.2,1x16,242,default,distance_focus,198.76955985537194,185.42414698615636
weight_profile,distance_focus,44,24,4,16,0.2,5,0.2,1x16,242,default,distance_focus,199.98712935587287,195.53257943239183
weight_profile,distance_focus,44,24,5,16,0.2,5,0.2,1x16,242,default,distance_focus,211.89893894513236,197.6820222572116
weight_profile,distance_focus,44,24,6,16,0.2,5,0.2,1x16,242,default,distance_focus,219.8496285662137,203.44849159235287
weight_profile,distance_focus,44,24,7,16,0.2,5,0.2,1x16,242,default,distance_focus,219.8496285662137,207.65893199717632
weight_profile,distance_focus,44,24,8,16,0.2,5,0.2,1x16,242,default,distance_focus,224.65047772312306,212.08386409231713
weight_profile,distance_focus,44,24,9,16,0.2,5,0.2,1x16,242,default,distance_focus,236.57458836641246,220.12900896068098
weight_profile,distance_focus,44,24,10,16,0.2,5,0.2,1x16,242,default,distance_focus,246.2924404037749,230.5867132570928
weight_profile,distance_focus,44,24,11,16,0.2,5,0.2,1x16,242,default,distance_focus,252.59132408565037,235.85823105732993
weight_profile,distance_focus,44,24,12,16,0.2,5,0.2,1x16,242,default,distance_focus,254.54144517110933,241.20174755689914
weight_profile,distance_focus,44,24,13,16,0.2,5,0.2,1x16,242,default,distance_focus,257.7371213422684,245.20008765363576
weight_profile,distance_focus,44,24,14,16,0.2,5,0.2,1x16,242,default,distance_focus,260.12241018543125,251.95176920033248
weight_profile,distance_focus,44,24,15,16,0.2,5,0.2,1x16,242,default,distance_focus,262.2194603387046,256.45877298618564
weight_profile,distance_focus,44,24,16,16,0.2,5,0.2,1x16,242,default,distance_focus,263.9512592464241,257.5395944196516
weight_profile,distance_focus,44,24,17,16,0.2,5,0.2,1x16,242,default,distance_focus,271.4592896483393,260.0995309623912
weight_profile,distance_focus,44,24,18,16,0.2,5,0.2,1x16,242,default,distance_focus,273.57381032679126,266.82818118312224
weight_profile,distance_focus,44,24,19,16,0.2,5,0.2,1x16,242,default,distance_focus,273.57381032679126,269.0535220515509
weight_profile,distance_focus,44,24,20,16,0.2,5,0.2,1x16,242,default,distance_focus,277.7036026940195,270.9006572637319
weight_profile,distance_focus,44,24,21,16,0.2,5,0.2,1x16,242,default,distance_focus,278.9554688388112,273.83751814456593
weight_profile,distance_focus,44,24,22,16,0.2,5,0.2,1x16,242,default,distance_focus,281.25290443255517,275.41232969274995
weight_profile,distance_focus,44,24,23,16,0.2,5,0.2,1x16,242,default,distance_focus,285.7821484110444,279.8354042393176
weight_profile,distance_focus,44,24,24,16,0.2,5,0.2,1x16,242,default,distance_focus,286.2935803664127,282.92017279067284
weight_profile,distance_focus,45,24,0,16,0.2,5,0.2,1x16,242,default,distance_focus,193.40500210418026,153.65302960290376
weight_profile,distance_focus,45,24,1,16,0.2,5,0.2,1x16,242,default,distance_focus,193.40500210418026,155.40504639165647
weight_profile,distance_focus,45,24,2,16,0.2,5,0.2,1x16,242,default,distance_focus,194.76111363990356,181.35058573654797
weight_profile,distance_focus,45,24,3,16,0.2,5,0.2,1x16,242,default,distance_focus,196.54055798225824,192.90082894480474
weight_profile,distance_focus,45,24,4,16,0.2,5,0.2,1x16,242,default,distance_focus,196.54055798225824,193.47063047853717
weight_profile,distance_focus,45,24,5,16,0.2,5,0.2,1x16,242,default,distance_focus,198.90986727565257,193.60197317028832
weight_profile,distance_focus,45,24,6,16,0.2,5,0.2,1x16,242,default,distance_focus,198.90986727565257,194.49893152078482
weight_profile,distance_focus,45,24,7,16,0.2,5,0.2,1x16,242,default,distance_focus,202.17205190082177,194.89238586681498
weight_profile,distance_focus,45,24,8,16,0.2,5,0.2,1x16,242,default,distance_focus,207.5254510975724,198.18137681781337
weight_profile,distance_focus,45,24,9,16,0.2,5,0.2,1x16,242,default,distance_focus,225.9213709872264,203.99560577413644
weight_profile,distance_focus,45,24,10,16,0.2,5,0.2,1x16,242,default,distance_focus,253.93929171687364,217.07735312038776
weight_profile,distance_focus,45,24,11,16,0.2,5,0.2,1x16,242,default,distance_focus,259.3755560383638,237.21334186049756
weight_profile,distance_focus,45,24,12,16,0.2,5,0.2,1x16,242,default,distance_focus,269.8615009271199,251.09429791475927
weight_profile,distance_focus,45,24,13,16,0.2,5,0.2,1x16,242,default,distance_focus,271.6340759953906,261.0379175959283
weight_profile,distance_focus,45,24,14,16,0.2,5,0.2,1x16,242,default,distance_focus,275.3211274667689,268.50171084152623
weight_profile,distance_focus,45,24,15,16,0.2,5,0.2,1x16,242,default,distance_focus,278.0320216110452,271.0217118569441
weight_profile,distance_focus,45,24,16,16,0.2,5,0.2,1x16,242,default,distance_focus,279.5447268274235,272.86673031694664
weight_profile,distance_focus,45,24,17,16,0.2,5,0.2,1x16,242,default,distance_focus,280.8849659152098,275.15330397109443
weight_profile,distance_focus,45,24,18,16,0.2,5,0.2,1x16,242,default,distance_focus,282.87166017469167,276.34663661630384
weight_profile,distance_focus,45,24,19,16,0.2,5,0.2,1x16,242,default,distance_focus,286.01143981536376,278.8162322449675
weight_profile,distance_focus,45,24,20,16,0.2,5,0.2,1x16,242,default,distance_focus,286.01143981536376,280.0214862060085
weight_profile,distance_focus,45,24,21,16,0.2,5,0.2,1x16,242,default,distance_focus,290.110039775925,282.3164717640741
weight_profile,distance_focus,45,24,22,16,0.2,5,0.2,1x16,242,default,distance_focus,290.110039775925,281.1445550675491
weight_profile,distance_focus,45,24,23,16,0.2,5,0.2,1x16,242,default,distance_focus,290.110039775925,284.38704042617
weight_profile,distance_focus,45,24,24,16,0.2,5,0.2,1x16,242,default,distance_focus,290.3472947619671,284.1332328437338
weight_profile,distance_focus,46,24,0,16,0.2,5,0.2,1x16,242,default,distance_focus,177.23283570243376,126.88061851632526
weight_profile,distance_focus,46,24,1,16,0.2,5,0.2,1x16,242,default,distance_focus,180.63618562690382,158.88474326922088
weight_profile,distance_focus,46,24,2,16,0.2,5,0.2,1x16,242,default,distance_focus,197.8313241633524,173.18095990908924
weight_profile,distance_focus,46,24,3,16,0.2,5,0.2,1x16,242,default,distance_focus,202.0745229834883,188.87070444143447
weight_profile,distance_focus,46,24,4,16,0.2,5,0.2,1x16,242,default,distance_focus,205.35549890936397,191.8193480722988
weight_profile,distance_focus,46,24,5,16,0.2,5,0.2,1x16,242,default,distance_focus,210.11219942894604,192.66446642659213
weight_profile,distance_focus,46,24,6,16,0.2,5,0.2,1x16,242,default,distance_focus,212.58418198508485,199.12718996593318
weight_profile,distance_focus,46,24,7,16,0.2,5,0.2,1x16,242,default,distance_focus,227.17609357401005,206.7275324978979
weight_profile,distance_focus,46,24,8,16,0.2,5,0.2,1x16,242,default,distance_focus,227.17609357401005,212.2257796914165
weight_profile,distance_focus,46,24,9,16,0.2,5,0.2,1x16,242,default,distance_focus,235.14699776740866,221.6367984948733
weight_profile,distance_focus,46,24,10,16,0.2,5,0.2,1x16,242,default,distance_focus,240.89086848223835,231.33860861464888
weight_profile,distance_focus,46,24,11,16,0.2,5,0.2,1x16,242,default,distance_focus,253.7260046385624,235.5813680893842
weight_profile,distance_focus,46,24,12,16,0.2,5,0.2,1x16,242,default,distance_focus,259.7339522118683,240.90765553268332
weight_profile,distance_focus,46,24,13,16,0.2,5,0.2,1x16,242,default,distance_focus,269.62731422558954,257.09273011739606
weight_profile,distance_focus,46,24,14,16,0.2,5,0.2,1x16,242,default,distance_focus,273.75243968025376,259.7592292400987
weight_profile,distance_focus,46,24,15,16,0.2,5,0.2,1x16,242,default,distance_focus,280.3220215979528,271.4903579550649
weight_profile,distance_focus,46,24,16,16,0.2,5,0.2,1x16,242,default,distance_focus,280.9491256341686,275.9962389554853
weight_profile,distance_focus,46,24,17,16,0.2,5,0.2,1x16,242,default,distance_focus,283.9888873615462,278.28503160585944
weight_profile,distance_focus,46,24,18,16,0.2,5,0.2,1x16,242,default,distance_focus,283.9888873615462,278.53675756722373
weight_profile,distance_focus,46,24,19,16,0.2,5,0.2,1x16,242,default,distance_focus,284.1698374791956,279.7226165849544
weight_profile,distance_focus,46,24,20,16,0.2,5,0.2,1x16,242,default,distance_focus,284.1698374791956,279.4299835663177
weight_profile,distance_focus,46,24,21,16,0.2,5,0.2,1x16,242,default,distance_focus,284.1698374791956,280.6173106828321
weight_profile,distance_focus,46,24,22,16,0.2,5,0.2,1x16,242,default,distance_focus,284.1698374791956,281.0998489198746
weight_profile,distance_focus,46,24,23,16,0.2,5,0.2,1x16,242,default,distance_focus,284.1698374791956,280.7433275926877
weight_profile,distance_focus,46,24,24,16,0.2,5,0.2,1x16,242,default,distance_focus,284.1698374791956,281.75450287354613
weight_profile,survival_focus,42,24,0,16,0.2,5,0.2,1x16,242,default,survival_focus,166.81428428063128,115.11872084671171
weight_profile,survival_focus,42,24,1,16,0.2,5,0.2,1x16,242,default,survival_focus,166.81428428063128,138.96512957448562
weight_profile,survival_focus,42,24,2,16,0.2,5,0.2,1x16,242,default,survival_focus,178.14396568238308,154.5463545350147
weight_profile,survival_focus,42,24,3,16,0.2,5,0.2,1x16,242,default,survival_focus,178.14396568238308,163.08636093233252
weight_profile,survival_focus,42,24,4,16,0.2,5,0.2,1x16,242,default,survival_focus,185.8409481481159,166.37107433771027
weight_profile,survival_focus,42,24,5,16,0.2,5,0.2,1x16,242,default,survival_focus,189.1226054470256,171.8927720161596
weight_profile,survival_focus,42,24,6,16,0.2,5,0.2,1x16,242,default,survival_focus,199.8483038067592,178.19847939745728
weight_profile,survival_focus,42,24,7,16,0.2,5,0.2,1x16,242,default,survival_focus,208.86658174372127,189.25551297861728
weight_profile,survival_focus,42,24,8,16,0.2,5,0.2,1x16,242,default,survival_focus,212.23401793808085,203.55556419006842
weight_profile,survival_focus,42,24,9,16,0.2,5,0.2,1x16,242,default,survival_focus,222.53417015257128,205.752946015926
weight_profile,survival_focus,42,24,10,16,0.2,5,0.2,1x16,242,default,survival_focus,222.5921204031122,212.04641324170427
weight_profile,survival_focus,42,24,11,16,0.2,5,0.2,1x16,242,default,survival_focus,230.0741976703368,219.60788931638706
weight_profile,survival_focus,42,24,12,16,0.2,5,0.2,1x16,242,default,survival_focus,230.54839210028757,223.43275192252545
weight_profile,survival_focus,42,24,13,16,0.2,5,0.2,1x16,242,default,survival_focus,233.78874454913063,227.53065907330398
weight_profile,survival_focus,42,24,14,16,0.2,5,0.2,1x16,242,default,survival_focus,234.51105647378282,228.72962068522816
weight_profile,survival_focus,42,24,15,16,0.2,5,0.2,1x16,242,default,survival_focus,240.72133110109104,232.72571059814229
weight_profile,survival_focus,42,24,16,16,0.2,5,0.2,1x16,242,default,survival_focus,242.48406100940906,235.12092894129245
weight_profile,survival_focus,42,24,17,16,0.2,5,0.2,1x16,242,default,survival_focus,243.47693415965395,236.20500198657882
weight_profile,survival_focus,42,24,18,16,0.2,5,0.2,1x16,242,default,survival_focus,243.47693415965395,236.6309142485648
weight_profile,survival_focus,42,24,19,16,0.2,5,0.2,1x16,242,default,survival_focus,244.5115717742579,239.74688379644505
weight_profile,survival_focus,42,24,20,16,0.2,5,0.2,1x16,242,default,survival_focus,245.05573569877924,239.61420783923518
weight_profile,survival_focus,42,24,21,16,0.2,5,0.2,1x16,242,default,survival_focus,245.05573569877924,237.7952825474729
weight_profile,survival_focus,42,24,22,16,0.2,5,0.2,1x16,242,default,survival_focus,245.05573569877924,239.7899100817454
weight_profile,survival_focus,42,24,23,16,0.2,5,0.2,1x16,242,default,survival_focus,247.7692100868855,239.84619638402864
weight_profile,survival_focus,42,24,24,16,0.2,5,0.2,1x16,242,default,survival_focus,247.7692100868855,240.8529656055782
weight_profile,survival_focus,43,24,0,16,0.2,5,0.2,1x16,242,default,survival_focus,167.56219715663545,114.67223265389714
weight_profile,survival_focus,43,24,1,16,0.2,5,0.2,1x16,242,default,survival_focus,169.80760931539717,144.05396857015603
weight_profile,survival_focus,43,24,2,16,0.2,5,0.2,1x16,242,default,survival_focus,170.07473171666297,160.9875514349792
weight_profile,survival_focus,43,24,3,16,0.2,5,0.2,1x16,242,default,survival_focus,172.22941371386162,167.4258097456398
weight_profile,survival_focus,43,24,4,16,0.2,5,0.2,1x16,242,default,survival_focus,172.50648285375908,166.7640883465767
weight_profile,survival_focus,43,24,5,16,0.2,5,0.2,1x16,242,default,survival_focus,172.50648285375908,167.33961412291262
weight_profile,survival_focus,43,24,6,16,0.2,5,0.2,1x16,242,default,survival_focus,174.08849892595367,168.98736109792105
weight_profile,survival_focus,43,24,7,16,0.2,5,0.2,1x16,242,default,survival_focus,177.9080248273018,172.4026650708384
weight_profile,survival_focus,43,24,8,16,0.2,5,0.2,1x16,242,default,survival_focus,177.9080248273018,172.31434380637
weight_profile,survival_focus,43,24,9,16,0.2,5,0.2,1x16,242,default,survival_focus,181.13972788173453,174.52746130558907
weight_profile,survival_focus,43,24,10,16,0.2,5,0.2,1x16,242,default,survival_focus,188.81114325400546,174.51251420498332
weight_profile,survival_focus,43,24,11,16,0.2,5,0.2,1x16,242,default,survival_focus,188.81114325400546,180.50618742498273
weight_profile,survival_focus,43,24,12,16,0.2,5,0.2,1x16,242,default,survival_focus,196.10067846955843,182.2947366606258
weight_profile,survival_focus,43,24,13,16,0.2,5,0.2,1x16,242,default,survival_focus,197.92580085439738,190.72691726099197
weight_profile,survival_focus,43,24,14,16,0.2,5,0.2,1x16,242,default,survival_focus,210.3470746010818,196.4277494767329
weight_profile,survival_focus,43,24,15,16,0.2,5,0.2,1x16,242,default,survival_focus,210.3470746010818,202.8999967712909
weight_profile,survival_focus,43,24,16,16,0.2,5,0.2,1x16,242,default,survival_focus,222.0017860629181,207.57546612360449
weight_profile,survival_focus,43,24,17,16,0.2,5,0.2,1x16,242,default,survival_focus,226.2904117977289,212.02919706404168
weight_profile,survival_focus,43,24,18,16,0.2,5,0.2,1x16,242,default,survival_focus,226.2904117977289,219.8939979244
weight_profile,survival_focus,43,24,19,16,0.2,5,0.2,1x16,242,default,survival_focus,226.2904117977289,221.91017240001196
weight_profile,survival_focus,43,24,20,16,0.2,5,0.2,1x16,242,default,survival_focus,231.37478361668565,224.3025021455565
weight_profile,survival_focus,43,24,21,16,0.2,5,0.2,1x16,242,default,survival_focus,235.8820945755917,225.0580747630981
weight_profile,survival_focus,43,24,22,16,0.2,5,0.2,1x16,242,default,survival_focus,236.9953413469914,228.01260492398785
weight_profile,survival_focus,43,24,23,16,0.2,5,0.2,1x16,242,default,survival_focus,237.23158557245355,231.68755811305738
weight_profile,survival_focus,43,24,24,16,0.2,5,0.2,1x16,242,default,survival_focus,240.45107763141567,235.5441539995182
weight_profile,survival_focus,44,24,0,16,0.2,5,0.2,1x16,242,default,survival_focus,168.71964025699185,109.9877529156868
weight_profile,survival_focus,44,24,1,16,0.2,5,0.2,1x16,242,default,survival_focus,168.71964025699185,140.4234114753205
weight_profile,survival_focus,44,24,2,16,0.2,5,0.2,1x16,242,default,survival_focus,173.22518558615792,150.37749139507375
weight_profile,survival_focus,44,24,3,16,0.2,5,0.2,1x16,242,default,survival_focus,176.36218967197803,166.91971303066572
weight_profile,survival_focus,44,24,4,16,0.2,5,0.2,1x16,242,default,survival_focus,176.36218967197803,170.74838890251425
weight_profile,survival_focus,44,24,5,16,0.2,5,0.2,1x16,242,default,survival_focus,176.6592882019515,172.72985424004662
weight_profile,survival_focus,44,24,6,16,0.2,5,0.2,1x16,242,default,survival_focus,181.87456474756306,174.987571716251
weight_profile,survival_focus,44,24,7,16,0.2,5,0.2,1x16,242,default,survival_focus,181.87456474756306,176.03496536649448
weight_profile,survival_focus,44,24,8,16,0.2,5,0.2,1x16,242,default,survival_focus,188.29405230347018,178.14996708921387
weight_profile,survival_focus,44,24,9,16,0.2,5,0.2,1x16,242,default,survival_focus,199.12755871245068,182.54307899640202
weight_profile,survival_focus,44,24,10,16,0.2,5,0.2,1x16,242,default,survival_focus,204.73179668003314,193.46091084835342
weight_profile,survival_focus,44,24,11,16,0.2,5,0.2,1x16,242,default,survival_focus,208.10655291610385,195.90107531816605
weight_profile,survival_focus,44,24,12,16,0.2,5,0.2,1x16,242,default,survival_focus,216.8186406484308,202.36703148220306
weight_profile,survival_focus,44,24,13,16,0.2,5,0.2,1x16,242,default,survival_focus,218.96807276142218,207.4720302986388
weight_profile,survival_focus,44,24,14,16,0.2,5,0.2,1x16,242,default,survival_focus,224.91031116242323,214.65397929111538
weight_profile,survival_focus,44,24,15,16,0.2,5,0.2,1x16,242,default,survival_focus,225.1559649856286,216.64243656291686
weight_profile,survival_focus,44,24,16,16,0.2,5,0.2,1x16,242,default,survival_focus,230.42757605914215,224.24235452328327
weight_profile,survival_focus,44,24,17,16,0.2,5,0.2,1x16,242,default,survival_focus,235.18518772055683,228.1726701165383
weight_profile,survival_focus,44,24,18,16,0.2,5,0.2,1x16,242,default,survival_focus,236.7570770169353,231.35071408356305
weight_profile,survival_focus,44,24,19,16,0.2,5,0.2,1x16,242,default,survival_focus,237.54744361989574,230.87927023141748
weight_profile,survival_focus,44,24,20,16,0.2,5,0.2,1x16,242,default,survival_focus,242.24831285159814,236.25759033668442
weight_profile,survival_focus,44,24,21,16,0.2,5,0.2,1x16,242,default,survival_focus,242.24831285159814,236.62519068770177
weight_profile,survival_focus,44,24,22,16,0.2,5,0.2,1x16,242,default,survival_focus,242.3897646916422,237.95164361033636
weight_profile,survival_focus,44,24,23,16,0.2,5,0.2,1x16,242,default,survival_focus,243.83463766298985,238.76998713072797
weight_profile,survival_focus,44,24,24,16,0.2,5,0.2,1x16,242,default,survival_focus,246.0096418957065,239.2176991261467
weight_profile,survival_focus,45,24,0,16,0.2,5,0.2,1x16,242,default,survival_focus,169.71501929444898,130.7470528507339
weight_profile,survival_focus,45,24,1,16,0.2,5,0.2,1x16,242,default,survival_focus,169.71501929444898,134.92163718843895
weight_profile,survival_focus,45,24,2,16,0.2,5,0.2,1x16,242,default,survival_focus,171.86148804160013,156.63591146890985
weight_profile,survival_focus,45,24,3,16,0.2,5,0.2,1x16,242,default,survival_focus,174.00159900748812,169.05716421399416
weight_profile,survival_focus,45,24,4,16,0.2,5,0.2,1x16,242,default,survival_focus,174.00159900748812,169.99258761785453
weight_profile,survival_focus,45,24,5,16,0.2,5,0.2,1x16,242,default,survival_focus,174.62519065395787,170.8133956105562
weight_profile,survival_focus,45,24,6,16,0.2,5,0.2,1x16,242,default,survival_focus,174.62519065395787,167.75160709539165
weight_profile,survival_focus,45,24,7,16,0.2,5,0.2,1x16,242,default,survival_focus,177.09420895953693,169.71900165453098
weight_profile,survival_focus,45,24,8,16,0.2,5,0.2,1x16,242,default,survival_focus,179.6141828362081,172.45197066776214
weight_profile,survival_focus,45,24,9,16,0.2,5,0.2,1x16,242,default,survival_focus,184.75631828523987,175.32341217415458
weight_profile,survival_focus,45,24,10,16,0.2,5,0.2,1x16,242,default,survival_focus,203.55802062546417,181.6164940459836
weight_profile,survival_focus,45,24,11,16,0.2,5,0.2,1x16,242,default,survival_focus,212.9166174554346,195.50723963864397
weight_profile,survival_focus,45,24,12,16,0.2,5,0.2,1x16,242,default,survival_focus,223.88344206444825,209.35838829918737
weight_profile,survival_focus,45,24,13,16,0.2,5,0.2,1x16,242,default,survival_focus,226.3478298670539,219.89615019496614
weight_profile,survival_focus,45,24,14,16,0.2,5,0.2,1x16,242,default,survival_focus,231.256729842066,220.17571942656906
weight_profile,survival_focus,45,24,15,16,0.2,5,0.2,1x16,242,default,survival_focus,231.256729842066,224.8915111053892
weight_profile,survival_focus,45,24,16,16,0.2,5,0.2,1x16,242,default,survival_focus,235.43192237573774,226.5836810700352
weight_profile,survival_focus,45,24,17,16,0.2,5,0.2,1x16,242,default,survival_focus,244.40205688907875,229.90639199582557
weight_profile,survival_focus,45,24,18,16,0.2,5,0.2,1x16,242,default,survival_focus,244.40205688907875,232.5939245948752
weight_profile,survival_focus,45,24,19,16,0.2,5,0.2,1x16,242,default,survival_focus,244.40205688907875,238.3154019086891
weight_profile,survival_focus,45,24,20,16,0.2,5,0.2,1x16,242,default,survival_focus,244.78658117614444,239.28892576360988
weight_profile,survival_focus,45,24,21,16,0.2,5,0.2,1x16,242,default,survival_focus,245.57367143332158,240.95052612489295
weight_profile,survival_focus,45,24,22,16,0.2,5,0.2,1x16,242,default,survival_focus,245.57367143332158,240.76016366006144
weight_profile,survival_focus,45,24,23,16,0.2,5,0.2,1x16,242,default,survival_focus,245.57367143332158,239.95917808401344
weight_profile,survival_focus,45,24,24,16,0.2,5,0.2,1x16,242,default,survival_focus,245.57367143332158,238.84960658034674
weight_profile,survival_focus,46,24,0,16,0.2,5,0.2,1x16,242,default,survival_focus,147.7056623909711,108.03434843179468
weight_profile,survival_focus,46,24,1,16,0.2,5,0.2,1x16,242,default,survival_focus,152.10857844464968,133.10998137108544
weight_profile,survival_focus,46,24,2,16,0.2,5,0.2,1x16,242,default,survival_focus,157.2303546106764,132.8719300857731
weight_profile,survival_focus,46,24,3,16,0.2,5,0.2,1x16,242,default,survival_focus,158.16104554722796,141.88999318524492
weight_profile,survival_focus,46,24,4,16,0.2,5,0.2,1x16,242,default,survival_focus,166.9872858046901,157.5627376414107
weight_profile,survival_focus,46,24,5,16,0.2,5,0.2,1x16,242,default,survival_focus,174.53887592992672,162.42822157632764
weight_profile,survival_focus,46,24,6,16,0.2,5,0.2,1x16,242,default,survival_focus,190.56708379458559,173.41419977535065
weight_profile,survival_focus,46,24,7,16,0.2,5,0.2,1x16,242,default,survival_focus,205.48364228811457,182.1004576947753
weight_profile,survival_focus,46,24,8,16,0.2,5,0.2,1x16,242,default,survival_focus,211.82356430604176,193.8777659580271
weight_profile,survival_focus,46,24,9,16,0.2,5,0.2,1x16,242,default,survival_focus,217.49573701251904,207.98610533312385
weight_profile,survival_focus,46,24,10,16,0.2,5,0.2,1x16,242,default,survival_focus,226.24936617057202,215.44501184828437
weight_profile,survival_focus,46,24,11,16,0.2,5,0.2,1x16,242,default,survival_focus,226.24936617057202,218.68553574220857
weight_profile,survival_focus,46,24,12,16,0.2,5,0.2,1x16,242,default,survival_focus,230.89232406433302,220.12181875858877
weight_profile,survival_focus,46,24,13,16,0.2,5,0.2,1x16,242,default,survival_focus,231.84672939820845,224.57885150789994
weight_profile,survival_focus,46,24,14,16,0.2,5,0.2,1x16,242,default,survival_focus,234.3625877700503,228.2340009793982
weight_profile,survival_focus,46,24,15,16,0.2,5,0.2,1x16,242,default,survival_focus,234.3625877700503,229.9097341100824
weight_profile,survival_focus,46,24,16,16,0.2,5,0.2,1x16,242,default,survival_focus,234.88464253395824,231.156847246557
weight_profile,survival_focus,46,24,17,16,0.2,5,0.2,1x16,242,default,survival_focus,235.64979149086605,232.653608871369
weight_profile,survival_focus,46,24,18,16,0.2,5,0.2,1x16,242,default,survival_focus,236.69465774021646,232.35311819469192
weight_profile,survival_focus,46,24,19,16,0.2,5,0.2,1x16,242,default,survival_focus,236.69465774021646,232.75938737507718
weight_profile,survival_focus,46,24,20,16,0.2,5,0.2,1x16,242,default,survival_focus,237.60260059949312,233.7821997052578
weight_profile,survival_focus,46,24,21,16,0.2,5,0.2,1x16,242,default,survival_focus,239.0720271624632,233.7797714560864
weight_profile,survival_focus,46,24,22,16,0.2,5,0.2,1x16,242,default,survival_focus,241.7467693106858,233.88887913554393
weight_profile,survival_focus,46,24,23,16,0.2,5,0.2,1x16,242,default,survival_focus,242.1376131579537,236.00118368553436
weight_profile,survival_focus,46,24,24,16,0.2,5,0.2,1x16,242,default,survival_focus,245.76281472235186,239.96076415595493
weight_profile,aggressive,42,24,0,16,0.2,5,0.2,1x16,242,default,aggressive,202.34777455506884,146.13266007340837
weight_profile,aggressive,42,24,1,16,0.2,5,0.2,1x16,242,default,aggressive,202.34777455506884,168.83900651539517
weight_profile,aggressive,42,24,2,16,0.2,5,0.2,1x16,242,default,aggressive,211.52555967097464,200.30427134434427
weight_profile,aggressive,42,24,3,16,0.2,5,0.2,1x16,242,default,aggressive,220.56949182619405,203.06696226705046
weight_profile,aggressive,42,24,4,16,0.2,5,0.2,1x16,242,default,aggressive,228.70554123418452,212.29151248583048
weight_profile,aggressive,42,24,5,16,0.2,5,0.2,1x16,242,default,aggressive,230.5380833152132,218.10975691171708
weight_profile,aggressive,42,24,6,16,0.2,5,0.2,1x16,242,default,aggressive,245.72379607467442,225.5036222152197
weight_profile,aggressive,42,24,7,16,0.2,5,0.2,1x16,242,default,aggressive,254.80379438403526,232.83939025191637
weight_profile,aggressive,42,24,8,16,0.2,5,0.2,1x16,242,default,aggressive,264.204919194383,242.89869541626433
weight_profile,aggressive,42,24,9,16,0.2,5,0.2,1x16,242,default,aggressive,269.82804997043854,257.23162689325704
weight_profile,aggressive,42,24,10,16,0.2,5,0.2,1x16,242,default,aggressive,274.19040048451114,259.6667759480845
weight_profile,aggressive,42,24,11,16,0.2,5,0.2,1x16,242,default,aggressive,283.1513086706236,268.08353149410175
weight_profile,aggressive,42,24,12,16,0.2,5,0.2,1x16,242,default,aggressive,287.37237890420613,275.20741233447427
weight_profile,aggressive,42,24,13,16,0.2,5,0.2,1x16,242,default,aggressive,292.8805111779092,281.8431993773721
weight_profile,aggressive,42,24,14,16,0.2,5,0.2,1x16,242,default,aggressive,292.8805111779092,280.7115854584378
weight_profile,aggressive,42,24,15,16,0.2,5,0.2,1x16,242,default,aggressive,296.1632944409985,288.9489441061136
weight_profile,aggressive,42,24,16,16,0.2,5,0.2,1x16,242,default,aggressive,297.7395296663005,293.94333555030744
weight_profile,aggressive,42,24,17,16,0.2,5,0.2,1x16,242,default,aggressive,299.6912703484911,295.64029118331604
weight_profile,aggressive,42,24,18,16,0.2,5,0.2,1x16,242,default,aggressive,300.8928386662461,298.32655648810464
weight_profile,aggressive,42,24,19,16,0.2,5,0.2,1x16,242,default,aggressive,301.1937292602454,298.7608336738796
weight_profile,aggressive,42,24,20,16,0.2,5,0.2,1x16,242,default,aggressive,302.62942437443047,299.53642565638404
weight_profile,aggressive,42,24,21,16,0.2,5,0.2,1x16,242,default,aggressive,303.11101033443975,300.7935342994537
weight_profile,aggressive,42,24,22,16,0.2,5,0.2,1x16,242,default,aggressive,304.8604799966759,301.6109743859753
weight_profile,aggressive,42,24,23,16,0.2,5,0.2,1x16,242,default,aggressive,304.8604799966759,303.2142190285498
weight_profile,aggressive,42,24,24,16,0.2,5,0.2,1x16,242,default,aggressive,304.8604799966759,303.2057611313496
weight_profile,aggressive,43,24,0,16,0.2,5,0.2,1x16,242,default,aggressive,199.7298028729496,147.53456114001872
weight_profile,aggressive,43,24,1,16,0.2,5,0.2,1x16,242,default,aggressive,201.39697097625765,181.75452371867624
weight_profile,aggressive,43,24,2,16,0.2,5,0.2,1x16,242,default,aggressive,201.39697097625765,195.78076802810955
weight_profile,aggressive,43,24,3,16,0.2,5,0.2,1x16,242,default,aggressive,207.36538543049397,197.37943465529318
weight_profile,aggressive,43,24,4,16,0.2,5,0.2,1x16,242,default,aggressive,209.26180041036153,200.97604056428332
weight_profile,aggressive,43,24,5,16,0.2,5,0.2,1x16,242,default,aggressive,220.68094781542,201.17834576543984
weight_profile,aggressive,43,24,6,16,0.2,5,0.2,1x16,242,default,aggressive,230.00167029056388,209.40364923193655
weight_profile,aggressive,43,24,7,16,0.2,5,0.2,1x16,242,default,aggressive,248.35412927756911,227.15502557179758
weight_profile,aggressive,43,24,8,16,0.2,5,0.2,1x16,242,default,aggressive,249.9839581250047,235.25837855167663
weight_profile,aggressive,43,24,9,16,0.2,5,0.2,1x16,242,default,aggressive,263.49618341230365,251.4099364758959
weight_profile,aggressive,43,24,10,16,0.2,5,0.2,1x16,242,default,aggressive,271.7835543585383,256.73850978239363
weight_profile,aggressive,43,24,11,16,0.2,5,0.2,1x16,242,default,aggressive,275.5947420433864,266.66804897759795
weight_profile,aggressive,43,24,12,16,0.2,5,0.2,1x16,242,default,aggressive,281.9589181809816,267.95988479145194
weight_profile,aggressive,43,24,13,16,0.2,5,0.2,1x16,242,default,aggressive,283.756248453054,276.9267750221675
weight_profile,aggressive,43,24,14,16,0.2,5,0.2,1x16,242,default,aggressive,293.58835836645005,283.11613355680834
weight_profile,aggressive,43,24,15,16,0.2,5,0.2,1x16,242,default,aggressive,293.58835836645005,286.6135934358948
weight_profile,aggressive,43,24,16,16,0.2,5,0.2,1x16,242,default,aggressive,296.7210204707977,291.0908559286927
weight_profile,aggressive,43,24,17,16,0.2,5,0.2,1x16,242,default,aggressive,296.7210204707977,292.3852944508542
weight_profile,aggressive,43,24,18,16,0.2,5,0.2,1x16,242,default,aggressive,296.7210204707977,293.30058209202326
weight_profile,aggressive,43,24,19,16,0.2,5,0.2,1x16,242,default,aggressive,297.76696418967856,294.6762078761832
weight_profile,aggressive,43,24,20,16,0.2,5,0.2,1x16,242,default,aggressive,298.54039681641245,295.2020071598682
weight_profile,aggressive,43,24,21,16,0.2,5,0.2,1x16,242,default,aggressive,298.54039681641245,294.7295942038939
weight_profile,aggressive,43,24,22,16,0.2,5,0.2,1x16,242,default,aggressive,299.16259534127784,296.7923595666173
weight_profile,aggressive,43,24,23,16,0.2,5,0.2,1x16,242,default,aggressive,299.8824580057483,297.10683338879414
weight_profile,aggressive,43,24,24,16,0.2,5,0.2,1x16,242,default,aggressive,299.8824580057483,297.82226648245273
weight_profile,aggressive,44,24,0,16,0.2,5,0.2,1x16,242,default,aggressive,202.5287632489689,139.25713866631708
weight_profile,aggressive,44,24,1,16,0.2,5,0.2,1x16,242,default,aggressive,202.5287632489689,177.2243023190556
weight_profile,aggressive,44,24,2,16,0.2,5,0.2,1x16,242,default,aggressive,207.47377939151843,190.81356022432368
weight_profile,aggressive,44,24,3,16,0.2,5,0.2,1x16,242,default,aggressive,212.3896623901983,195.7343297026728
weight_profile,aggressive,44,24,4,16,0.2,5,0.2,1x16,242,default,aggressive,217.87363497900026,208.23796887312213
weight_profile,aggressive,44,24,5,16,0.2,5,0.2,1x16,242,default,aggressive,233.71422925472464,215.26023434364143
weight_profile,aggressive,44,24,6,16,0.2,5,0.2,1x16,242,default,aggressive,239.22459601119436,222.08980183850306
weight_profile,aggressive,44,24,7,16,0.2,5,0.2,1x16,242,default,aggressive,247.51741153930163,227.87045568978147
weight_profile,aggressive,44,24,8,16,0.2,5,0.2,1x16,242,default,aggressive,247.51741153930163,232.85510547922672
weight_profile,aggressive,44,24,9,16,0.2,5,0.2,1x16,242,default,aggressive,253.1947574128032,242.79559712229113
weight_profile,aggressive,44,24,10,16,0.2,5,0.2,1x16,242,default,aggressive,263.4715876682601,250.2522491212876
weight_profile,aggressive,44,24,11,16,0.2,5,0.2,1x16,242,default,aggressive,272.71959319055634,255.26233270380152
weight_profile,aggressive,44,24,12,16,0.2,5,0.2,1x16,242,default,aggressive,276.6618315401614,263.1833199233112
weight_profile,aggressive,44,24,13,16,0.2,5,0.2,1x16,242,default,aggressive,276.9015753521663,268.9729707574739
weight_profile,aggressive,44,24,14,16,0.2,5,0.2,1x16,242,default,aggressive,278.4492555041354,272.4419226389366
weight_profile,aggressive,44,24,15,16,0.2,5,0.2,1x16,242,default,aggressive,278.4492555041354,272.161602473058
weight_profile,aggressive,44,24,16,16,0.2,5,0.2,1x16,242,default,aggressive,281.13726989629635,275.89577965307285
weight_profile,aggressive,44,24,17,16,0.2,5,0.2,1x16,242,default,aggressive,282.74587597881947,278.9855813954033
weight_profile,aggressive,44,24,18,16,0.2,5,0.2,1x16,242,default,aggressive,284.7252272353609,279.7915677557968
weight_profile,aggressive,44,24,19,16,0.2,5,0.2,1x16,242,default,aggressive,287.2433179483486,279.88780898873046
weight_profile,aggressive,44,24,20,16,0.2,5,0.2,1x16,242,default,aggressive,295.1146984582904,284.9338609969179
weight_profile,aggressive,44,24,21,16,0.2,5,0.2,1x16,242,default,aggressive,295.2093996619526,289.446319011721
weight_profile,aggressive,44,24,22,16,0.2,5,0.2,1x16,242,default,aggressive,299.0820421131825,290.9031438613331
weight_profile,aggressive,44,24,23,16,0.2,5,0.2,1x16,242,default,aggressive,299.1628545417915,295.3640217449964
weight_profile,aggressive,44,24,24,16,0.2,5,0.2,1x16,242,default,aggressive,301.0211796474529,297.2587721606897
weight_profile,aggressive,45,24,0,16,0.2,5,0.2,1x16,242,default,aggressive,203.21880384953883,168.06254294759168
weight_profile,aggressive,45,24,1,16,0.2,5,0.2,1x16,242,default,aggressive,203.21880384953883,169.00221862738954
weight_profile,aggressive,45,24,2,16,0.2,5,0.2,1x16,242,default,aggressive,203.67661122745184,188.13460479752356
weight_profile,aggressive,45,24,3,16,0.2,5,0.2,1x16,242,default,aggressive,204.8911792409628,202.95400304221604
weight_profile,aggressive,45,24,4,16,0.2,5,0.2,1x16,242,default,aggressive,205.87383494130367,203.66266416038047
weight_profile,aggressive,45,24,5,16,0.2,5,0.2,1x16,242,default,aggressive,208.43154409977004,204.39043899187263
weight_profile,aggressive,45,24,6,16,0.2,5,0.2,1x16,242,default,aggressive,208.43154409977004,205.24684388791064
weight_profile,aggressive,45,24,7,16,0.2,5,0.2,1x16,242,default,aggressive,213.87408552611384,206.76884505242865
weight_profile,aggressive,45,24,8,16,0.2,5,0.2,1x16,242,default,aggressive,223.65989396523014,210.29866463820048
weight_profile,aggressive,45,24,9,16,0.2,5,0.2,1x16,242,default,aggressive,244.0824327720648,218.96611495042546
weight_profile,aggressive,45,24,10,16,0.2,5,0.2,1x16,242,default,aggressive,274.65604305073225,236.09780781841366
weight_profile,aggressive,45,24,11,16,0.2,5,0.2,1x16,242,default,aggressive,277.9515253816877,262.7971187008336
weight_profile,aggressive,45,24,12,16,0.2,5,0.2,1x16,242,default,aggressive,283.1564478531211,270.42216332148865
weight_profile,aggressive,45,24,13,16,0.2,5,0.2,1x16,242,default,aggressive,286.00421960607696,278.6019278611209
weight_profile,aggressive,45,24,14,16,0.2,5,0.2,1x16,242,default,aggressive,290.87070287069906,282.45867199112257
weight_profile,aggressive,45,24,15,16,0.2,5,0.2,1x16,242,default,aggressive,294.55808578680836,284.8299587088571
weight_profile,aggressive,45,24,16,16,0.2,5,0.2,1x16,242,default,aggressive,294.9293316798734,284.1720041626738
weight_profile,aggressive,45,24,17,16,0.2,5,0.2,1x16,242,default,aggressive,298.851761121012,291.02001562720795
weight_profile,aggressive,45,24,18,16,0.2,5,0.2,1x16,242,default,aggressive,300.0424313664193,296.26579929298555
weight_profile,aggressive,45,24,19,16,0.2,5,0.2,1x16,242,default,aggressive,300.0424313664193,297.2648253243995
weight_profile,aggressive,45,24,20,16,0.2,5,0.2,1x16,242,default,aggressive,300.3720742270796,298.27528606397
weight_profile,aggressive,45,24,21,16,0.2,5,0.2,1x16,242,default,aggressive,301.9868356404186,298.72463187108076
weight_profile,aggressive,45,24,22,16,0.2,5,0.2,1x16,242,default,aggressive,302.5399612944647,299.9838936227932
weight_profile,aggressive,45,24,23,16,0.2,5,0.2,1x16,242,default,aggressive,303.12773001927394,301.31332707937133
weight_profile,aggressive,45,24,24,16,0.2,5,0.2,1x16,242,default,aggressive,303.5303755875283,300.4513034358223
weight_profile,aggressive,46,24,0,16,0.2,5,0.2,1x16,242,default,aggressive,194.50302451696157,141.1802574822188
weight_profile,aggressive,46,24,1,16,0.2,5,0.2,1x16,242,default,aggressive,197.80036295789552,175.19921678917734
weight_profile,aggressive,46,24,2,16,0.2,5,0.2,1x16,242,default,aggressive,211.8144409245197,185.95126837072843
weight_profile,aggressive,46,24,3,16,0.2,5,0.2,1x16,242,default,aggressive,218.64402231800358,202.7181091785933
weight_profile,aggressive,46,24,4,16,0.2,5,0.2,1x16,242,default,aggressive,228.95423111493892,206.3502029242763
weight_profile,aggressive,46,24,5,16,0.2,5,0.2,1x16,242,default,aggressive,240.4510540596092,215.62714141832294
weight_profile,aggressive,46,24,6,16,0.2,5,0.2,1x16,242,default,aggressive,247.11330582323595,232.3774603614025
weight_profile,aggressive,46,24,7,16,0.2,5,0.2,1x16,242,default,aggressive,256.07018035919657,241.4037793132834
weight_profile,aggressive,46,24,8,16,0.2,5,0.2,1x16,242,default,aggressive,259.8446693272226,246.95639415610447
weight_profile,aggressive,46,24,9,16,0.2,5,0.2,1x16,242,default,aggressive,266.59777984994815,254.74226179225937
weight_profile,aggressive,46,24,10,16,0.2,5,0.2,1x16,242,default,aggressive,275.8383912007434,265.8150269938316
weight_profile,aggressive,46,24,11,16,0.2,5,0.2,1x16,242,default,aggressive,282.86130972631554,271.3322936089711
weight_profile,aggressive,46,24,12,16,0.2,5,0.2,1x16,242,default,aggressive,285.7837551871984,279.1427775617529
weight_profile,aggressive,46,24,13,16,0.2,5,0.2,1x16,242,default,aggressive,289.6774732683267,283.6926363692962
weight_profile,aggressive,46,24,14,16,0.2,5,0.2,1x16,242,default,aggressive,290.68882918413357,286.1104985532207
weight_profile,aggressive,46,24,15,16,0.2,5,0.2,1x16,242,default,aggressive,293.6186345676481,289.0166727373825
weight_profile,aggressive,46,24,16,16,0.2,5,0.2,1x16,242,default,aggressive,295.2454136412065,291.93381001321006
weight_profile,aggressive,46,24,17,16,0.2,5,0.2,1x16,242,default,aggressive,298.5058853596969,294.8535893846135
weight_profile,aggressive,46,24,18,16,0.2,5,0.2,1x16,242,default,aggressive,299.1565297703361,296.68258858811873
weight_profile,aggressive,46,24,19,16,0.2,5,0.2,1x16,242,default,aggressive,299.1565297703361,295.96940171253596
weight_profile,aggressive,46,24,20,16,0.2,5,0.2,1x16,242,default,aggressive,299.1565297703361,297.34675078852524
weight_profile,aggressive,46,24,21,16,0.2,5,0.2,1x16,242,default,aggressive,299.1565297703361,297.27378138460534
weight_profile,aggressive,46,24,22,16,0.2,5,0.2,1x16,242,default,aggressive,299.6562554168821,298.0612013326985
weight_profile,aggressive,46,24,23,16,0.2,5,0.2,1x16,242,default,aggressive,300.01402880413497,297.5303900138422
weight_profile,aggressive,46,24,24,16,0.2,5,0.2,1x16,242,default,aggressive,300.7730932382173,298.1889224290966
architecture,1x16_mutation_0.05,42,24,0,16,0.05,5,0.2,1x16,242,default,baseline,174.64691605755775,123.93725940568496
architecture,1x16_mutation_0.05,42,24,1,16,0.05,5,0.2,1x16,242,default,baseline,174.64691605755775,142.1684547841573
architecture,1x16_mutation_0.05,42,24,2,16,0.05,5,0.2,1x16,242,default,baseline,177.01035448107874,167.1107889966467
architecture,1x16_mutation_0.05,42,24,3,16,0.05,5,0.2,1x16,242,default,baseline,178.81533655253514,172.1882184242553
architecture,1x16_mutation_0.05,42,24,4,16,0.05,5,0.2,1x16,242,default,baseline,184.18047956333288,177.17516950920788
architecture,1x16_mutation_0.05,42,24,5,16,0.05,5,0.2,1x16,242,default,baseline,185.86724757250755,181.59663281813707
architecture,1x16_mutation_0.05,42,24,6,16,0.05,5,0.2,1x16,242,default,baseline,194.77452628318554,185.4428832735503
architecture,1x16_mutation_0.05,42,24,7,16,0.05,5,0.2,1x16,242,default,baseline,194.77452628318554,189.59728998093357
architecture,1x16_mutation_0.05,42,24,8,16,0.05,5,0.2,1x16,242,default,baseline,201.37179924747724,194.02275251673774
architecture,1x16_mutation_0.05,42,24,9,16,0.05,5,0.2,1x16,242,default,baseline,204.78498562034554,198.47251021873547
architecture,1x16_mutation_0.05,42,24,10,16,0.05,5,0.2,1x16,242,default,baseline,211.39744886156626,200.9126528092572
architecture,1x16_mutation_0.05,42,24,11,16,0.05,5,0.2,1x16,242,default,baseline,214.09939896365546,206.17918052512906
architecture,1x16_mutation_0.05,42,24,12,16,0.05,5,0.2,1x16,242,default,baseline,214.74089423118807,210.29026685157004
architecture,1x16_mutation_0.05,42,24,13,16,0.05,5,0.2,1x16,242,default,baseline,221.19388506018754,214.30901406205635
architecture,1x16_mutation_0.05,42,24,14,16,0.05,5,0.2,1x16,242,default,baseline,225.80541133684244,216.99929310282488
architecture,1x16_mutation_0.05,42,24,15,16,0.05,5,0.2,1x16,242,default,baseline,228.14726054663066,221.73452546392252
architecture,1x16_mutation_0.05,42,24,16,16,0.05,5,0.2,1x16,242,default,baseline,237.11005161260488,225.2147430531952
architecture,1x16_mutation_0.05,42,24,17,16,0.05,5,0.2,1x16,242,default,baseline,243.2885710082391,230.4779257606222
architecture,1x16_mutation_0.05,42,24,18,16,0.05,5,0.2,1x16,242,default,baseline,243.2885710082391,236.59894727634045
architecture,1x16_mutation_0.05,42,24,19,16,0.05,5,0.2,1x16,242,default,baseline,248.57377385267114,241.7947539010915
architecture,1x16_mutation_0.05,42,24,20,16,0.05,5,0.2,1x16,242,default,baseline,249.70071168660235,244.72959712825758
architecture,1x16_mutation_0.05,42,24,21,16,0.05,5,0.2,1x16,242,default,baseline,252.7553726455115,247.40943883858128
architecture,1x16_mutation_0.05,42,24,22,16,0.05,5,0.2,1x16,242,default,baseline,254.20123390095705,250.39395192540388
architecture,1x16_mutation_0.05,42,24,23,16,0.05,5,0.2,1x16,242,default,baseline,254.93512517583156,252.81026027890192
architecture,1x16_mutation_0.05,42,24,24,16,0.05,5,0.2,1x16,242,default,baseline,257.7925779681517,253.8362442260424
architecture,1x16_mutation_0.05,43,24,0,16,0.05,5,0.2,1x16,242,default,baseline,173.15606138289232,124.72290905134332
architecture,1x16_mutation_0.05,43,24,1,16,0.05,5,0.2,1x16,242,default,baseline,173.57748106078378,154.56659508208745
architecture,1x16_mutation_0.05,43,24,2,16,0.05,5,0.2,1x16,242,default,baseline,175.6220750137858,170.04244749137132
architecture,1x16_mutation_0.05,43,24,3,16,0.05,5,0.2,1x16,242,default,baseline,175.6220750137858,174.1794297512979
architecture,1x16_mutation_0.05,43,24,4,16,0.05,5,0.2,1x16,242,default,baseline,176.4503704814871,175.38962414386864
architecture,1x16_mutation_0.05,43,24,5,16,0.05,5,0.2,1x16,242,default,baseline,179.81168647075935,176.0326858148232
architecture,1x16_mutation_0.05,43,24,6,16,0.05,5,0.2,1x16,242,default,baseline,180.78814312420616,177.46634090395773
architecture,1x16_mutation_0.05,43,24,7,16,0.05,5,0.2,1x16,242,default,baseline,181.52117048731074,179.545395420009
architecture,1x16_mutation_0.05,43,24,8,16,0.05,5,0.2,1x16,242,default,baseline,184.62360166868336,179.63182427981843
architecture,1x16_mutation_0.05,43,24,9,16,0.05,5,0.2,1x16,242,default,baseline,187.4851788348833,181.80411474307203
architecture,1x16_mutation_0.05,43,24,10,16,0.05,5,0.2,1x16,242,default,baseline,187.4851788348833,183.68401478154482
architecture,1x16_mutation_0.05,43,24,11,16,0.05,5,0.2,1x16,242,default,baseline,188.9830825380663,186.30929504382453
architecture,1x16_mutation_0.05,43,24,12,16,0.05,5,0.2,1x16,242,default,baseline,190.7950226874128,186.79242861135216
architecture,1x16_mutation_0.05,43,24,13,16,0.05,5,0.2,1x16,242,default,baseline,204.38374584055344,189.25829790044423
architecture,1x16_mutation_0.05,43,24,14,16,0.05,5,0.2,1x16,242,default,baseline,209.801233391249,198.29471627344586
architecture,1x16_mutation_0.05,43,24,15,16,0.05,5,0.2,1x16,242,default,baseline,216.06233462779966,207.18876512700305
architecture,1x16_mutation_0.05,43,24,16,16,0.05,5,0.2,1x16,242,default,baseline,220.40723901565786,211.57739583382096
architecture,1x16_mutation_0.05,43,24,17,16,0.05,5,0.2,1x16,242,default,baseline,223.36955760198285,214.94546065810516
architecture,1x16_mutation_0.05,43,24,18,16,0.05,5,0.2,1x16,242,default,baseline,223.36955760198285,217.58348535257926
architecture,1x16_mutation_0.05,43,24,19,16,0.05,5,0.2,1x16,242,default,baseline,225.42124772632695,220.64942010846346
architecture,1x16_mutation_0.05,43,24,20,16,0.05,5,0.2,1x16,242,default,baseline,229.92754621307174,223.8749203232929
architecture,1x16_mutation_0.05,43,24,21,16,0.05,5,0.2,1x16,242,default,baseline,229.92754621307174,226.03909499780698
architecture,1x16_mutation_0.05,43,24,22,16,0.05,5,0.2,1x16,242,default,baseline,231.1714406766278,228.78124984639743
architecture,1x16_mutation_0.05,43,24,23,16,0.05,5,0.2,1x16,242,default,baseline,231.6127770625405,229.32869109153916
architecture,1x16_mutation_0.05,43,24,24,16,0.05,5,0.2,1x16,242,default,baseline,233.3042421639108,231.12770893458645
architecture,1x16_mutation_0.05,44,24,0,16,0.05,5,0.2,1x16,242,default,baseline,175.29002860123632,118.06396367334293
architecture,1x16_mutation_0.05,44,24,1,16,0.05,5,0.2,1x16,242,default,baseline,175.29002860123632,151.16557542950798
architecture,1x16_mutation_0.05,44,24,2,16,0.05,5,0.2,1x16,242,default,baseline,176.56518416781643,167.95090148542448
architecture,1x16_mutation_0.05,44,24,3,16,0.05,5,0.2,1x16,242,default,baseline,177.50339205224333,173.238323966863
architecture,1x16_mutation_0.05,44,24,4,16,0.05,5,0.2,1x16,242,default,baseline,178.27692776423822,176.4281468450063
architecture,1x16_mutation_0.05,44,24,5,16,0.05,5,0.2,1x16,242,default,baseline,178.75734734746285,176.8999758607838
architecture,1x16_mutation_0.05,44,24,6,16,0.05,5,0.2,1x16,242,default,baseline,179.38637450435147,177.93698308335945
architecture,1x16_mutation_0.05,44,24,7,16,0.05,5,0.2,1x16,242,default,baseline,179.64407755212665,178.54462658335765
architecture,1x16_mutation_0.05,44,24,8,16,0.05,5,0.2,1x16,242,default,baseline,182.87631411374534,179.16938213222446
architecture,1x16_mutation_0.05,44,24,9,16,0.05,5,0.2,1x16,242,default,baseline,188.4219092971848,181.21657469582124
architecture,1x16_mutation_0.05,44,24,10,16,0.05,5,0.2,1x16,242,default,baseline,188.4219092971848,184.35401896929596
architecture,1x16_mutation_0.05,44,24,11,16,0.05,5,0.2,1x16,242,default,baseline,208.34598213123715,189.0700554394703
architecture,1x16_mutation_0.05,44,24,12,16,0.05,5,0.2,1x16,242,default,baseline,208.34598213123715,193.77773114363754
architecture,1x16_mutation_0.05,44,24,13,16,0.05,5,0.2,1x16,242,default,baseline,216.77248323505563,204.15008855462816
architecture,1x16_mutation_0.05,44,24,14,16,0.05,5,0.2,1x16,242,default,baseline,217.02905370813102,211.8833375279918
architecture,1x16_mutation_0.05,44,24,15,16,0.05,5,0.2,1x16,242,default,baseline,221.850175575697,214.13879654344188
architecture,1x16_mutation_0.05,44,24,16,16,0.05,5,0.2,1x16,242,default,baseline,225.9661915528206,219.27186371021713
architecture,1x16_mutation_0.05,44,24,17,16,0.05,5,0.2,1x16,242,default,baseline,229.37716440759107,220.08703035859253
architecture,1x16_mutation_0.05,44,24,18,16,0.05,5,0.2,1x16,242,default,baseline,237.39039444451868,226.41105004910042
architecture,1x16_mutation_0.05,44,24,19,16,0.05,5,0.2,1x16,242,default,baseline,238.48642361101815,231.48786742663356
architecture,1x16_mutation_0.05,44,24,20,16,0.05,5,0.2,1x16,242,default,baseline,242.74477216874362,235.57242251274153
architecture,1x16_mutation_0.05,44,24,21,16,0.05,5,0.2,1x16,242,default,baseline,244.2567807161473,240.36245732055468
architecture,1x16_mutation_0.05,44,24,22,16,0.05,5,0.2,1x16,242,default,baseline,246.43926297949045,242.71938510126037
architecture,1x16_mutation_0.05,44,24,23,16,0.05,5,0.2,1x16,242,default,baseline,249.68189688966027,245.20753212211824
architecture,1x16_mutation_0.05,44,24,24,16,0.05,5,0.2,1x16,242,default,baseline,249.68189688966027,247.70741227596895
architecture,1x16_mutation_0.05,45,24,0,16,0.05,5,0.2,1x16,242,default,baseline,176.01205572940387,142.46705767544887
architecture,1x16_mutation_0.05,45,24,1,16,0.05,5,0.2,1x16,242,default,baseline,176.11548367110004,144.2435442214162
architecture,1x16_mutation_0.05,45,24,2,16,0.05,5,0.2,1x16,242,default,baseline,177.56364270463374,165.13472232317713
architecture,1x16_mutation_0.05,45,24,3,16,0.05,5,0.2,1x16,242,default,baseline,177.56364270463374,175.437270793251
architecture,1x16_mutation_0.05,45,24,4,16,0.05,5,0.2,1x16,242,default,baseline,178.64962913300133,177.3059488411057
architecture,1x16_mutation_0.05,45,24,5,16,0.05,5,0.2,1x16,242,default,baseline,179.32760066634194,177.83249038736113
architecture,1x16_mutation_0.05,45,24,6,16,0.05,5,0.2,1x16,242,default,baseline,180.0113690887776,178.61941704506165
architecture,1x16_mutation_0.05,45,24,7,16,0.05,5,0.2,1x16,242,default,baseline,180.3625330951612,178.73632293472826
architecture,1x16_mutation_0.05,45,24,8,16,0.05,5,0.2,1x16,242,default,baseline,180.3625330951612,178.99391825697592
architecture,1x16_mutation_0.05,45,24,9,16,0.05,5,0.2,1x16,242,default,baseline,181.3001280086478,179.38941892793417
architecture,1x16_mutation_0.05,45,24,10,16,0.05,5,0.2,1x16,242,default,baseline,181.79092760267392,180.26691551248393
architecture,1x16_mutation_0.05,45,24,11,16,0.05,5,0.2,1x16,242,default,baseline,184.83822853303047,181.422985387668
architecture,1x16_mutation_0.05,45,24,12,16,0.05,5,0.2,1x16,242,default,baseline,187.46239200537258,182.52334200554066
architecture,1x16_mutation_0.05,45,24,13,16,0.05,5,0.2,1x16,242,default,baseline,194.40517845600718,185.15472518454834
architecture,1x16_mutation_0.05,45,24,14,16,0.05,5,0.2,1x16,242,default,baseline,197.34005713369385,190.48462072626648
architecture,1x16_mutation_0.05,45,24,15,16,0.05,5,0.2,1x16,242,default,baseline,202.51491064517336,195.12999472177938
architecture,1x16_mutation_0.05,45,24,16,16,0.05,5,0.2,1x16,242,default,baseline,202.8182809631504,198.52680897021008
architecture,1x16_mutation_0.05,45,24,17,16,0.05,5,0.2,1x16,242,default,baseline,207.95292287556663,201.50357974741252
architecture,1x16_mutation_0.05,45,24,18,16,0.05,5,0.2,1x16,242,default,baseline,217.08273121362583,207.31333343821365
architecture,1x16_mutation_0.05,45,24,19,16,0.05,5,0.2,1x16,242,default,baseline,221.23602688480796,212.85422372141772
architecture,1x16_mutation_0.05,45,24,20,16,0.05,5,0.2,1x16,242,default,baseline,224.2376152152261,218.1833828955569
architecture,1x16_mutation_0.05,45,24,21,16,0.05,5,0.2,1x16,242,default,baseline,230.34112112960722,223.06278295547702
architecture,1x16_mutation_0.05,45,24,22,16,0.05,5,0.2,1x16,242,default,baseline,232.68264735806844,226.22225418845323
architecture,1x16_mutation_0.05,45,24,23,16,0.05,5,0.2,1x16,242,default,baseline,233.6260054658486,230.3116101317135
architecture,1x16_mutation_0.05,45,24,24,16,0.05,5,0.2,1x16,242,default,baseline,233.7404760910223,230.66743114434655
architecture,1x16_mutation_0.05,46,24,0,16,0.05,5,0.2,1x16,242,default,baseline,164.28817654436307,118.77169150605076
architecture,1x16_mutation_0.05,46,24,1,16,0.05,5,0.2,1x16,242,default,baseline,166.14885271074883,148.00431025494817
architecture,1x16_mutation_0.05,46,24,2,16,0.05,5,0.2,1x16,242,default,baseline,171.53877728383105,149.12724609882042
architecture,1x16_mutation_0.05,46,24,3,16,0.05,5,0.2,1x16,242,default,baseline,174.59260697900106,168.93005641240768
architecture,1x16_mutation_0.05,46,24,4,16,0.05,5,0.2,1x16,242,default,baseline,179.45638669778046,172.17065214746324
architecture,1x16_mutation_0.05,46,24,5,16,0.05,5,0.2,1x16,242,default,baseline,179.45638669778046,174.68601090869223
architecture,1x16_mutation_0.05,46,24,6,16,0.05,5,0.2,1x16,242,default,baseline,182.96326484132805,178.91591727261135
architecture,1x16_mutation_0.05,46,24,7,16,0.05,5,0.2,1x16,242,default,baseline,187.91819649703638,182.04607310555681
architecture,1x16_mutation_0.05,46,24,8,16,0.05,5,0.2,1x16,242,default,baseline,191.31882390563698,185.86412404621268
architecture,1x16_mutation_0.05,46,24,9,16,0.05,5,0.2,1x16,242,default,baseline,198.38481205144342,189.23872248449067
architecture,1x16_mutation_0.05,46,24,10,16,0.05,5,0.2,1x16,242,default,baseline,198.38481205144342,194.69786451850382
architecture,1x16_mutation_0.05,46,24,11,16,0.05,5,0.2,1x16,242,default,baseline,208.1106385197857,197.38038623090188
architecture,1x16_mutation_0.05,46,24,12,16,0.05,5,0.2,1x16,242,default,baseline,210.00097799299,202.49303014596643
architecture,1x16_mutation_0.05,46,24,13,16,0.05,5,0.2,1x16,242,default,baseline,214.69408935341386,206.7240662858875
architecture,1x16_mutation_0.05,46,24,14,16,0.05,5,0.2,1x16,242,default,baseline,214.69408935341386,211.05331560008824
architecture,1x16_mutation_0.05,46,24,15,16,0.05,5,0.2,1x16,242,default,baseline,217.15674797531818,213.6544013455092
architecture,1x16_mutation_0.05,46,24,16,16,0.05,5,0.2,1x16,242,default,baseline,223.61117636480336,216.27082389657954
architecture,1x16_mutation_0.05,46,24,17,16,0.05,5,0.2,1x16,242,default,baseline,231.11752696092884,221.39865556451645
architecture,1x16_mutation_0.05,46,24,18,16,0.05,5,0.2,1x16,242,default,baseline,238.34517833332035,225.5276712330855
architecture,1x16_mutation_0.05,46,24,19,16,0.05,5,0.2,1x16,242,default,baseline,242.32789986117865,233.83480323851094
architecture,1x16_mutation_0.05,46,24,20,16,0.05,5,0.2,1x16,242,default,baseline,242.32789986117865,237.97646617233457
architecture,1x16_mutation_0.05,46,24,21,16,0.05,5,0.2,1x16,242,default,baseline,245.29515400907513,240.7137182276567
architecture,1x16_mutation_0.05,46,24,22,16,0.05,5,0.2,1x16,242,default,baseline,246.32842459144643,244.14137958762174
architecture,1x16_mutation_0.05,46,24,23,16,0.05,5,0.2,1x16,242,default,baseline,248.26658570018722,244.60480582951706
architecture,1x16_mutation_0.05,46,24,24,16,0.05,5,0.2,1x16,242,default,baseline,250.4444052976027,246.3919266391972
architecture,1x16_mutation_0.20,42,24,0,16,0.2,5,0.2,1x16,242,default,baseline,174.64691605755775,123.93725940568496
architecture,1x16_mutation_0.20,42,24,1,16,0.2,5,0.2,1x16,242,default,baseline,174.64691605755775,143.06426926603922
architecture,1x16_mutation_0.20,42,24,2,16,0.2,5,0.2,1x16,242,default,baseline,178.9474375016876,166.54738463789363
architecture,1x16_mutation_0.20,42,24,3,16,0.2,5,0.2,1x16,242,default,baseline,188.94087692695587,173.46737204221944
architecture,1x16_mutation_0.20,42,24,4,16,0.2,5,0.2,1x16,242,default,baseline,194.11362691733444,180.49337880519576
architecture,1x16_mutation_0.20,42,24,5,16,0.2,5,0.2,1x16,242,default,baseline,202.01973464856437,189.11958249784135
architecture,1x16_mutation_0.20,42,24,6,16,0.2,5,0.2,1x16,242,default,baseline,202.39452677303717,190.9196168381185
architecture,1x16_mutation_0.20,42,24,7,16,0.2,5,0.2,1x16,242,default,baseline,223.57172190586513,197.02741676941744
architecture,1x16_mutation_0.20,42,24,8,16,0.2,5,0.2,1x16,242,default,baseline,225.71356264381217,209.728685048481
architecture,1x16_mutation_0.20,42,24,9,16,0.2,5,0.2,1x16,242,default,baseline,231.46607825798435,219.30997420296532
architecture,1x16_mutation_0.20,42,24,10,16,0.2,5,0.2,1x16,242,default,baseline,234.05622387295222,224.7941175620453
architecture,1x16_mutation_0.20,42,24,11,16,0.2,5,0.2,1x16,242,default,baseline,242.66807642129731,227.8193339105415
architecture,1x16_mutation_0.20,42,24,12,16,0.2,5,0.2,1x16,242,default,baseline,243.15967294142737,237.27806150414068
architecture,1x16_mutation_0.20,42,24,13,16,0.2,5,0.2,1x16,242,default,baseline,245.05779914309412,240.54307131347042
architecture,1x16_mutation_0.20,42,24,14,16,0.2,5,0.2,1x16,242,default,baseline,245.05779914309412,241.64640253598228
architecture,1x16_mutation_0.20,42,24,15,16,0.2,5,0.2,1x16,242,default,baseline,248.67581212137156,243.58203429336973
architecture,1x16_mutation_0.20,42,24,16,16,0.2,5,0.2,1x16,242,default,baseline,255.603935540985,247.78879906212137
architecture,1x16_mutation_0.20,42,24,17,16,0.2,5,0.2,1x16,242,default,baseline,255.603935540985,250.64566993686907
architecture,1x16_mutation_0.20,42,24,18,16,0.2,5,0.2,1x16,242,default,baseline,255.86449488359804,253.60391137565466
architecture,1x16_mutation_0.20,42,24,19,16,0.2,5,0.2,1x16,242,default,baseline,257.1471868408097,254.17448857559114
architecture,1x16_mutation_0.20,42,24,20,16,0.2,5,0.2,1x16,242,default,baseline,257.1471868408097,254.6818966916717
architecture,1x16_mutation_0.20,42,24,21,16,0.2,5,0.2,1x16,242,default,baseline,257.6149716600046,255.41857567909477
architecture,1x16_mutation_0.20,42,24,22,16,0.2,5,0.2,1x16,242,default,baseline,258.6648096537491,255.87962613839304
architecture,1x16_mutation_0.20,42,24,23,16,0.2,5,0.2,1x16,242,default,baseline,260.6576240430328,256.9576131006578
architecture,1x16_mutation_0.20,42,24,24,16,0.2,5,0.2,1x16,242,default,baseline,260.6576240430328,258.089552421786
architecture,1x16_mutation_0.20,43,24,0,16,0.2,5,0.2,1x16,242,default,baseline,173.15606138289232,124.72290905134332
architecture,1x16_mutation_0.20,43,24,1,16,0.2,5,0.2,1x16,242,default,baseline,174.46661892111462,155.17287648197288
architecture,1x16_mutation_0.20,43,24,2,16,0.2,5,0.2,1x16,242,default,baseline,174.46661892111462,168.7378950380152
architecture,1x16_mutation_0.20,43,24,3,16,0.2,5,0.2,1x16,242,default,baseline,176.08781215000224,171.05913587904092
architecture,1x16_mutation_0.20,43,24,4,16,0.2,5,0.2,1x16,242,default,baseline,176.43678841498877,171.62161071970937
architecture,1x16_mutation_0.20,43,24,5,16,0.2,5,0.2,1x16,242,default,baseline,186.47726341018813,172.955216518761
architecture,1x16_mutation_0.20,43,24,6,16,0.2,5,0.2,1x16,242,default,baseline,198.4481839979593,178.97703302482546
architecture,1x16_mutation_0.20,43,24,7,16,0.2,5,0.2,1x16,242,default,baseline,204.0163301882029,185.56241899039372
architecture,1x16_mutation_0.20,43,24,8,16,0.2,5,0.2,1x16,242,default,baseline,210.9846907921556,195.98070623100904
architecture,1x16_mutation_0.20,43,24,9,16,0.2,5,0.2,1x16,242,default,baseline,210.9846907921556,203.67127132625197
architecture,1x16_mutation_0.20,43,24,10,16,0.2,5,0.2,1x16,242,default,baseline,213.27146063138173,206.98641309300325
architecture,1x16_mutation_0.20,43,24,11,16,0.2,5,0.2,1x16,242,default,baseline,218.34317669531666,210.28355533833604
architecture,1x16_mutation_0.20,43,24,12,16,0.2,5,0.2,1x16,242,default,baseline,223.41502831588008,211.17064423524025
architecture,1x16_mutation_0.20,43,24,13,16,0.2,5,0.2,1x16,242,default,baseline,231.75767691130184,217.43367264710102
architecture,1x16_mutation_0.20,43,24,14,16,0.2,5,0.2,1x16,242,default,baseline,238.71370919869116,227.39027566599714
architecture,1x16_mutation_0.20,43,24,15,16,0.2,5,0.2,1x16,242,default,baseline,239.58447083315843,231.87242082172133
architecture,1x16_mutation_0.20,43,24,16,16,0.2,5,0.2,1x16,242,default,baseline,246.44842604258628,236.81504640094246
architecture,1x16_mutation_0.20,43,24,17,16,0.2,5,0.2,1x16,242,default,baseline,249.949679259721,240.66786334188953
architecture,1x16_mutation_0.20,43,24,18,16,0.2,5,0.2,1x16,242,default,baseline,249.949679259721,243.65965173420466
architecture,1x16_mutation_0.20,43,24,19,16,0.2,5,0.2,1x16,242,default,baseline,249.949679259721,245.56056936887762
architecture,1x16_mutation_0.20,43,24,20,16,0.2,5,0.2,1x16,242,default,baseline,249.949679259721,246.4294575744829
architecture,1x16_mutation_0.20,43,24,21,16,0.2,5,0.2,1x16,242,default,baseline,255.00271652761535,247.03266492341697
architecture,1x16_mutation_0.20,43,24,22,16,0.2,5,0.2,1x16,242,default,baseline,259.1051882963696,250.0807298231397
architecture,1x16_mutation_0.20,43,24,23,16,0.2,5,0.2,1x16,242,default,baseline,259.1051882963696,253.2022233491883
architecture,1x16_mutation_0.20,43,24,24,16,0.2,5,0.2,1x16,242,default,baseline,259.1051882963696,256.4680480296111
architecture,1x16_mutation_0.20,44,24,0,16,0.2,5,0.2,1x16,242,default,baseline,175.29002860123632,118.06396367334293
architecture,1x16_mutation_0.20,44,24,1,16,0.2,5,0.2,1x16,242,default,baseline,175.29002860123632,151.04762006075674
architecture,1x16_mutation_0.20,44,24,2,16,0.2,5,0.2,1x16,242,default,baseline,178.57348754481683,163.35558727470894
architecture,1x16_mutation_0.20,44,24,3,16,0.2,5,0.2,1x16,242,default,baseline,181.57107558256598,168.7975550878852
architecture,1x16_mutation_0.20,44,24,4,16,0.2,5,0.2,1x16,242,default,baseline,184.87153009413623,177.94501924734436
architecture,1x16_mutation_0.20,44,24,5,16,0.2,5,0.2,1x16,242,default,baseline,192.50220935880253,181.35937871724468
architecture,1x16_mutation_0.20,44,24,6,16,0.2,5,0.2,1x16,242,default,baseline,205.26103338431483,185.37904369844023
architecture,1x16_mutation_0.20,44,24,7,16,0.2,5,0.2,1x16,242,default,baseline,207.5357034862875,192.85172033137138
architecture,1x16_mutation_0.20,44,24,8,16,0.2,5,0.2,1x16,242,default,baseline,210.17737082993955,199.29779073457334
architecture,1x16_mutation_0.20,44,24,9,16,0.2,5,0.2,1x16,242,default,baseline,223.02226619926768,208.27560564138432
architecture,1x16_mutation_0.20,44,24,10,16,0.2,5,0.2,1x16,242,default,baseline,223.02226619926768,214.34979826375385
architecture,1x16_mutation_0.20,44,24,11,16,0.2,5,0.2,1x16,242,default,baseline,230.80174124536364,215.00153353789733
architecture,1x16_mutation_0.20,44,24,12,16,0.2,5,0.2,1x16,242,default,baseline,233.38902461327223,222.78509664135817
architecture,1x16_mutation_0.20,44,24,13,16,0.2,5,0.2,1x16,242,default,baseline,238.44950549791577,230.23745515854938
architecture,1x16_mutation_0.20,44,24,14,16,0.2,5,0.2,1x16,242,default,baseline,240.28671473201672,233.35563792048248
architecture,1x16_mutation_0.20,44,24,15,16,0.2,5,0.2,1x16,242,default,baseline,242.94032534067537,233.85362597019522
architecture,1x16_mutation_0.20,44,24,16,16,0.2,5,0.2,1x16,242,default,baseline,244.9188294097308,240.3398617142887
architecture,1x16_mutation_0.20,44,24,17,16,0.2,5,0.2,1x16,242,default,baseline,248.94378384478904,243.34153212700133
architecture,1x16_mutation_0.20,44,24,18,16,0.2,5,0.2,1x16,242,default,baseline,251.29216340526347,246.69716226910577
architecture,1x16_mutation_0.20,44,24,19,16,0.2,5,0.2,1x16,242,default,baseline,252.89108154654906,247.80085640414296
architecture,1x16_mutation_0.20,44,24,20,16,0.2,5,0.2,1x16,242,default,baseline,252.89108154654906,248.87982025957297
architecture,1x16_mutation_0.20,44,24,21,16,0.2,5,0.2,1x16,242,default,baseline,255.34390528688812,250.18329774021456
architecture,1x16_mutation_0.20,44,24,22,16,0.2,5,0.2,1x16,242,default,baseline,255.34390528688812,250.1482334697469
architecture,1x16_mutation_0.20,44,24,23,16,0.2,5,0.2,1x16,242,default,baseline,257.37512002234195,253.09881987652267
architecture,1x16_mutation_0.20,44,24,24,16,0.2,5,0.2,1x16,242,default,baseline,257.37512002234195,253.48506399185416
architecture,1x16_mutation_0.20,45,24,0,16,0.2,5,0.2,1x16,242,default,baseline,176.01205572940387,142.46705767544887
architecture,1x16_mutation_0.20,45,24,1,16,0.2,5,0.2,1x16,242,default,baseline,176.01205572940387,143.2882752278867
architecture,1x16_mutation_0.20,45,24,2,16,0.2,5,0.2,1x16,242,default,baseline,176.90116497251313,166.23421962905803
architecture,1x16_mutation_0.20,45,24,3,16,0.2,5,0.2,1x16,242,default,baseline,178.27912999645343,175.64894050687388
architecture,1x16_mutation_0.20,45,24,4,16,0.2,5,0.2,1x16,242,default,baseline,178.53263423517558,176.1669604352556
architecture,1x16_mutation_0.20,45,24,5,16,0.2,5,0.2,1x16,242,default,baseline,180.7758926243834,176.5525854637374
architecture,1x16_mutation_0.20,45,24,6,16,0.2,5,0.2,1x16,242,default,baseline,180.7758926243834,177.71427444600084
architecture,1x16_mutation_0.20,45,24,7,16,0.2,5,0.2,1x16,242,default,baseline,184.40908051414402,178.45559709117296
architecture,1x16_mutation_0.20,45,24,8,16,0.2,5,0.2,1x16,242,default,baseline,188.8656932748435,180.81548639360676
architecture,1x16_mutation_0.20,45,24,9,16,0.2,5,0.2,1x16,242,default,baseline,202.78194426933797,185.24816369941877
architecture,1x16_mutation_0.20,45,24,10,16,0.2,5,0.2,1x16,242,default,baseline,231.07146511613465,198.10300681912003
architecture,1x16_mutation_0.20,45,24,11,16,0.2,5,0.2,1x16,242,default,baseline,235.77096666951914,218.64211206255126
architecture,1x16_mutation_0.20,45,24,12,16,0.2,5,0.2,1x16,242,default,baseline,244.6942460443103,228.52442882637098
architecture,1x16_mutation_0.20,45,24,13,16,0.2,5,0.2,1x16,242,default,baseline,248.68878106303902,239.83278161381855
architecture,1x16_mutation_0.20,45,24,14,16,0.2,5,0.2,1x16,242,default,baseline,255.64619586642903,244.49264463414465
architecture,1x16_mutation_0.20,45,24,15,16,0.2,5,0.2,1x16,242,default,baseline,257.1859336099143,251.0133165321209
architecture,1x16_mutation_0.20,45,24,16,16,0.2,5,0.2,1x16,242,default,baseline,258.6415602944952,251.74457356843197
architecture,1x16_mutation_0.20,45,24,17,16,0.2,5,0.2,1x16,242,default,baseline,258.6415602944952,253.01190227946998
architecture,1x16_mutation_0.20,45,24,18,16,0.2,5,0.2,1x16,242,default,baseline,260.61212640563343,256.35342851618776
architecture,1x16_mutation_0.20,45,24,19,16,0.2,5,0.2,1x16,242,default,baseline,261.64194507877227,257.480867842381
architecture,1x16_mutation_0.20,45,24,20,16,0.2,5,0.2,1x16,242,default,baseline,263.54823377676064,258.8011258500462
architecture,1x16_mutation_0.20,45,24,21,16,0.2,5,0.2,1x16,242,default,baseline,263.54823377676064,258.0336519727552
architecture,1x16_mutation_0.20,45,24,22,16,0.2,5,0.2,1x16,242,default,baseline,263.54823377676064,259.8164997585045
architecture,1x16_mutation_0.20,45,24,23,16,0.2,5,0.2,1x16,242,default,baseline,263.54823377676064,261.26318586858815
architecture,1x16_mutation_0.20,45,24,24,16,0.2,5,0.2,1x16,242,default,baseline,263.54823377676064,260.44236842263666
architecture,1x16_mutation_0.20,46,24,0,16,0.2,5,0.2,1x16,242,default,baseline,164.28817654436307,118.77169150605076
architecture,1x16_mutation_0.20,46,24,1,16,0.2,5,0.2,1x16,242,default,baseline,166.8268949154229,147.74582748515232
architecture,1x16_mutation_0.20,46,24,2,16,0.2,5,0.2,1x16,242,default,baseline,179.5078916552671,160.2636704029175
architecture,1x16_mutation_0.20,46,24,3,16,0.2,5,0.2,1x16,242,default,baseline,185.99843017652137,173.9345468529723
architecture,1x16_mutation_0.20,46,24,4,16,0.2,5,0.2,1x16,242,default,baseline,193.85370016908925,175.44579869379643
architecture,1x16_mutation_0.20,46,24,5,16,0.2,5,0.2,1x16,242,default,baseline,206.96233241707108,183.05905919688115
architecture,1x16_mutation_0.20,46,24,6,16,0.2,5,0.2,1x16,242,default,baseline,211.09013810239998,199.13701040622152
architecture,1x16_mutation_0.20,46,24,7,16,0.2,5,0.2,1x16,242,default,baseline,218.91695779096202,206.87542180984337
architecture,1x16_mutation_0.20,46,24,8,16,0.2,5,0.2,1x16,242,default,baseline,224.3890722534631,212.59249090202496
architecture,1x16_mutation_0.20,46,24,9,16,0.2,5,0.2,1x16,242,default,baseline,230.13508114740176,217.81304013349853
architecture,1x16_mutation_0.20,46,24,10,16,0.2,5,0.2,1x16,242,default,baseline,234.06157075384832,225.05855412324047
architecture,1x16_mutation_0.20,46,24,11,16,0.2,5,0.2,1x16,242,default,baseline,237.03590203499917,230.04282828736154
architecture,1x16_mutation_0.20,46,24,12,16,0.2,5,0.2,1x16,242,default,baseline,244.3639001204516,235.1504993911878
architecture,1x16_mutation_0.20,46,24,13,16,0.2,5,0.2,1x16,242,default,baseline,247.18526383405336,240.46860987115957
architecture,1x16_mutation_0.20,46,24,14,16,0.2,5,0.2,1x16,242,default,baseline,247.34055398936238,243.86101751283962
architecture,1x16_mutation_0.20,46,24,15,16,0.2,5,0.2,1x16,242,default,baseline,249.41354095074365,245.47805017214918
architecture,1x16_mutation_0.20,46,24,16,16,0.2,5,0.2,1x16,242,default,baseline,252.1713815586668,246.3110646969114
architecture,1x16_mutation_0.20,46,24,17,16,0.2,5,0.2,1x16,242,default,baseline,252.26398226385675,249.07489797628503
architecture,1x16_mutation_0.20,46,24,18,16,0.2,5,0.2,1x16,242,default,baseline,254.90151655665653,251.1441157712228
architecture,1x16_mutation_0.20,46,24,19,16,0.2,5,0.2,1x16,242,default,baseline,256.00273771720595,252.48450796506376
architecture,1x16_mutation_0.20,46,24,20,16,0.2,5,0.2,1x16,242,default,baseline,256.00273771720595,253.73738064359287
architecture,1x16_mutation_0.20,46,24,21,16,0.2,5,0.2,1x16,242,default,baseline,256.00273771720595,253.6148709886811
architecture,1x16_mutation_0.20,46,24,22,16,0.2,5,0.2,1x16,242,default,baseline,256.2887695477716,254.79910636753132
architecture,1x16_mutation_0.20,46,24,23,16,0.2,5,0.2,1x16,242,default,baseline,257.41025139546076,254.59415176798757
architecture,1x16_mutation_0.20,46,24,24,16,0.2,5,0.2,1x16,242,default,baseline,257.7308945303985,255.06526958469084
architecture,2x16_mutation_0.05,42,24,0,16,0.05,5,0.2,2x16,514,default,baseline,165.48580233056106,116.50066394022312
architecture,2x16_mutation_0.05,42,24,1,16,0.05,5,0.2,2x16,514,default,baseline,169.08774818144707,142.9365821274936
architecture,2x16_mutation_0.05,42,24,2,16,0.05,5,0.2,2x16,514,default,baseline,177.79755895623595,156.07715837837478
architecture,2x16_mutation_0.05,42,24,3,16,0.05,5,0.2,2x16,514,default,baseline,181.3384152416533,168.3077968992304
architecture,2x16_mutation_0.05,42,24,4,16,0.05,5,0.2,2x16,514,default,baseline,186.6343857277485,179.3290073929113
architecture,2x16_mutation_0.05,42,24,5,16,0.05,5,0.2,2x16,514,default,baseline,191.49906509473266,180.40266402294884
architecture,2x16_mutation_0.05,42,24,6,16,0.05,5,0.2,2x16,514,default,baseline,196.7701104384189,184.03096842367873
architecture,2x16_mutation_0.05,42,24,7,16,0.05,5,0.2,2x16,514,default,baseline,204.89248508758928,191.7773464972767
architecture,2x16_mutation_0.05,42,24,8,16,0.05,5,0.2,2x16,514,default,baseline,204.89248508758928,195.8449792170579
architecture,2x16_mutation_0.05,42,24,9,16,0.05,5,0.2,2x16,514,default,baseline,209.2460474196904,200.43389442980222
architecture,2x16_mutation_0.05,42,24,10,16,0.05,5,0.2,2x16,514,default,baseline,215.63230772627537,206.00012700746748
architecture,2x16_mutation_0.05,42,24,11,16,0.05,5,0.2,2x16,514,default,baseline,220.1309558212265,212.98477996474924
architecture,2x16_mutation_0.05,42,24,12,16,0.05,5,0.2,2x16,514,default,baseline,227.6836175530202,215.9870067740582
architecture,2x16_mutation_0.05,42,24,13,16,0.05,5,0.2,2x16,514,default,baseline,233.30273173514786,223.0953858563854
architecture,2x16_mutation_0.05,42,24,14,16,0.05,5,0.2,2x16,514,default,baseline,239.66126706688874,227.90850496274112
architecture,2x16_mutation_0.05,42,24,15,16,0.05,5,0.2,2x16,514,default,baseline,243.21949113344309,233.64192526000795
architecture,2x16_mutation_0.05,42,24,16,16,0.05,5,0.2,2x16,514,default,baseline,248.72245302199673,237.9916122541839
architecture,2x16_mutation_0.05,42,24,17,16,0.05,5,0.2,2x16,514,default,baseline,253.56704721641682,244.83670523448515
architecture,2x16_mutation_0.05,42,24,18,16,0.05,5,0.2,2x16,514,default,baseline,253.56704721641682,248.58065842503188
architecture,2x16_mutation_0.05,42,24,19,16,0.05,5,0.2,2x16,514,default,baseline,255.937380298491,252.23398543215774
architecture,2x16_mutation_0.05,42,24,20,16,0.05,5,0.2,2x16,514,default,baseline,259.54039754274254,253.8787964697383
architecture,2x16_mutation_0.05,42,24,21,16,0.05,5,0.2,2x16,514,default,baseline,259.54039754274254,256.21453580453505
architecture,2x16_mutation_0.05,42,24,22,16,0.05,5,0.2,2x16,514,default,baseline,260.88420690085053,257.8253990221528
architecture,2x16_mutation_0.05,42,24,23,16,0.05,5,0.2,2x16,514,default,baseline,261.12843251650264,259.1420204262127
architecture,2x16_mutation_0.05,42,24,24,16,0.05,5,0.2,2x16,514,default,baseline,262.7434801815191,260.0302764412364
architecture,2x16_mutation_0.05,43,24,0,16,0.05,5,0.2,2x16,514,default,baseline,175.13828505370748,117.66676625009404
architecture,2x16_mutation_0.05,43,24,1,16,0.05,5,0.2,2x16,514,default,baseline,175.13828505370748,155.35240188423703
architecture,2x16_mutation_0.05,43,24,2,16,0.05,5,0.2,2x16,514,default,baseline,177.53637209424562,166.4335055558614
architecture,2x16_mutation_0.05,43,24,3,16,0.05,5,0.2,2x16,514,default,baseline,177.53637209424562,175.07636456980947
architecture,2x16_mutation_0.05,43,24,4,16,0.05,5,0.2,2x16,514,default,baseline,180.83606831879914,176.23820338872315
architecture,2x16_mutation_0.05,43,24,5,16,0.05,5,0.2,2x16,514,default,baseline,183.39928175181626,178.3267944506758
architecture,2x16_mutation_0.05,43,24,6,16,0.05,5,0.2,2x16,514,default,baseline,189.78851424081864,181.64745216396355
architecture,2x16_mutation_0.05,43,24,7,16,0.05,5,0.2,2x16,514,default,baseline,192.8247265471466,184.4389876642195
architecture,2x16_mutation_0.05,43,24,8,16,0.05,5,0.2,2x16,514,default,baseline,192.8247265471466,187.91952296450958
architecture,2x16_mutation_0.05,43,24,9,16,0.05,5,0.2,2x16,514,default,baseline,205.46321040319765,191.57936837121554
architecture,2x16_mutation_0.05,43,24,10,16,0.05,5,0.2,2x16,514,default,baseline,209.2065258565893,196.37678239364757
architecture,2x16_mutation_0.05,43,24,11,16,0.05,5,0.2,2x16,514,default,baseline,211.91800485512888,204.23552564722542
architecture,2x16_mutation_0.05,43,24,12,16,0.05,5,0.2,2x16,514,default,baseline,225.32239898646293,211.41401991226746
architecture,2x16_mutation_0.05,43,24,13,16,0.05,5,0.2,2x16,514,default,baseline,231.53972925315566,218.80996538409795
architecture,2x16_mutation_0.05,43,24,14,16,0.05,5,0.2,2x16,514,default,baseline,234.71926552178877,228.51073503606827
architecture,2x16_mutation_0.05,43,24,15,16,0.05,5,0.2,2x16,514,default,baseline,237.10765180682012,230.5535268214934
architecture,2x16_mutation_0.05,43,24,16,16,0.05,5,0.2,2x16,514,default,baseline,240.15800616917568,232.29857336715344
architecture,2x16_mutation_0.05,43,24,17,16,0.05,5,0.2,2x16,514,default,baseline,240.57587519856628,234.46720836547743
architecture,2x16_mutation_0.05,43,24,18,16,0.05,5,0.2,2x16,514,default,baseline,245.40465691138837,237.95668622255852
architecture,2x16_mutation_0.05,43,24,19,16,0.05,5,0.2,2x16,514,default,baseline,247.97842707321615,242.10949234518043
architecture,2x16_mutation_0.05,43,24,20,16,0.05,5,0.2,2x16,514,default,baseline,247.97842707321615,243.35304545779235
architecture,2x16_mutation_0.05,43,24,21,16,0.05,5,0.2,2x16,514,default,baseline,248.28476889718797,245.35119201588245
architecture,2x16_mutation_0.05,43,24,22,16,0.05,5,0.2,2x16,514,default,baseline,252.66557366167416,246.9828960434181
architecture,2x16_mutation_0.05,43,24,23,16,0.05,5,0.2,2x16,514,default,baseline,252.66557366167416,248.66781139762497
architecture,2x16_mutation_0.05,43,24,24,16,0.05,5,0.2,2x16,514,default,baseline,253.13655406905116,250.46283517280816
architecture,2x16_mutation_0.05,44,24,0,16,0.05,5,0.2,2x16,514,default,baseline,168.86214083212775,115.05571842509896
architecture,2x16_mutation_0.05,44,24,1,16,0.05,5,0.2,2x16,514,default,baseline,172.2543680183814,154.05988600588017
architecture,2x16_mutation_0.05,44,24,2,16,0.05,5,0.2,2x16,514,default,baseline,172.8443560087765,152.63622827678057
architecture,2x16_mutation_0.05,44,24,3,16,0.05,5,0.2,2x16,514,default,baseline,183.97798317211604,149.22414826054165
architecture,2x16_mutation_0.05,44,24,4,16,0.05,5,0.2,2x16,514,default,baseline,185.17359215453308,153.49555896345714
architecture,2x16_mutation_0.05,44,24,5,16,0.05,5,0.2,2x16,514,default,baseline,198.17622135926428,173.48764788049468
architecture,2x16_mutation_0.05,44,24,6,16,0.05,5,0.2,2x16,514,default,baseline,204.11357292171704,179.66433474560762
architecture,2x16_mutation_0.05,44,24,7,16,0.05,5,0.2,2x16,514,default,baseline,206.74567864985198,194.61964414610026
architecture,2x16_mutation_0.05,44,24,8,16,0.05,5,0.2,2x16,514,default,baseline,207.2669742856936,197.0191257719177
architecture,2x16_mutation_0.05,44,24,9,16,0.05,5,0.2,2x16,514,default,baseline,219.19848801667695,201.78523403012906
architecture,2x16_mutation_0.05,44,24,10,16,0.05,5,0.2,2x16,514,default,baseline,230.95609747632722,207.51942190041186
architecture,2x16_mutation_0.05,44,24,11,16,0.05,5,0.2,2x16,514,default,baseline,233.60424832222662,220.0964700218866
architecture,2x16_mutation_0.05,44,24,12,16,0.05,5,0.2,2x16,514,default,baseline,240.76297444076113,229.50416243221025
architecture,2x16_mutation_0.05,44,24,13,16,0.05,5,0.2,2x16,514,default,baseline,241.9034941189168,234.68571924117003
architecture,2x16_mutation_0.05,44,24,14,16,0.05,5,0.2,2x16,514,default,baseline,247.26550505240985,237.2563989656108
architecture,2x16_mutation_0.05,44,24,15,16,0.05,5,0.2,2x16,514,default,baseline,249.0593814875504,238.8989523238862
architecture,2x16_mutation_0.05,44,24,16,16,0.05,5,0.2,2x16,514,default,baseline,249.0593814875504,240.45098453839717
architecture,2x16_mutation_0.05,44,24,17,16,0.05,5,0.2,2x16,514,default,baseline,249.75588574819102,242.8605191290972
architecture,2x16_mutation_0.05,44,24,18,16,0.05,5,0.2,2x16,514,default,baseline,250.49502818681538,246.54098427040182
architecture,2x16_mutation_0.05,44,24,19,16,0.05,5,0.2,2x16,514,default,baseline,254.3903128154122,250.19737227577627
architecture,2x16_mutation_0.05,44,24,20,16,0.05,5,0.2,2x16,514,default,baseline,255.97795959679826,251.4120170390929
architecture,2x16_mutation_0.05,44,24,21,16,0.05,5,0.2,2x16,514,default,baseline,257.5383412048708,253.47614982416374
architecture,2x16_mutation_0.05,44,24,22,16,0.05,5,0.2,2x16,514,default,baseline,259.33803754134414,254.76733575791118
architecture,2x16_mutation_0.05,44,24,23,16,0.05,5,0.2,2x16,514,default,baseline,259.33803754134414,255.26863273375653
architecture,2x16_mutation_0.05,44,24,24,16,0.05,5,0.2,2x16,514,default,baseline,260.07355468705373,256.87456932391353
architecture,2x16_mutation_0.05,45,24,0,16,0.05,5,0.2,2x16,514,default,baseline,157.56878386413828,109.2411155058873
architecture,2x16_mutation_0.05,45,24,1,16,0.05,5,0.2,2x16,514,default,baseline,172.78167720017007,143.14209383078793
architecture,2x16_mutation_0.05,45,24,2,16,0.05,5,0.2,2x16,514,default,baseline,175.2438453577284,157.34135897167283
architecture,2x16_mutation_0.05,45,24,3,16,0.05,5,0.2,2x16,514,default,baseline,183.05147172445487,167.068958566556
architecture,2x16_mutation_0.05,45,24,4,16,0.05,5,0.2,2x16,514,default,baseline,203.46145200365032,178.0486854437632
architecture,2x16_mutation_0.05,45,24,5,16,0.05,5,0.2,2x16,514,default,baseline,207.35939543512706,189.28661202874082
architecture,2x16_mutation_0.05,45,24,6,16,0.05,5,0.2,2x16,514,default,baseline,211.99764721083625,201.6448393798504
architecture,2x16_mutation_0.05,45,24,7,16,0.05,5,0.2,2x16,514,default,baseline,220.46964436399844,205.24019083936
architecture,2x16_mutation_0.05,45,24,8,16,0.05,5,0.2,2x16,514,default,baseline,226.49782223457703,213.4659155688202
architecture,2x16_mutation_0.05,45,24,9,16,0.05,5,0.2,2x16,514,default,baseline,230.06155498960536,220.08312670804423
architecture,2x16_mutation_0.05,45,24,10,16,0.05,5,0.2,2x16,514,default,baseline,236.86280000715462,225.48816513545404
architecture,2x16_mutation_0.05,45,24,11,16,0.05,5,0.2,2x16,514,default,baseline,238.1865766130927,230.50167496130996
architecture,2x16_mutation_0.05,45,24,12,16,0.05,5,0.2,2x16,514,default,baseline,245.0672595348629,237.26011727871014
architecture,2x16_mutation_0.05,45,24,13,16,0.05,5,0.2,2x16,514,default,baseline,247.6707957687206,241.17261574005136
architecture,2x16_mutation_0.05,45,24,14,16,0.05,5,0.2,2x16,514,default,baseline,247.6707957687206,244.70983540184503
architecture,2x16_mutation_0.05,45,24,15,16,0.05,5,0.2,2x16,514,default,baseline,248.6131434123697,245.34484379253865
architecture,2x16_mutation_0.05,45,24,16,16,0.05,5,0.2,2x16,514,default,baseline,248.6131434123697,246.711586566096
architecture,2x16_mutation_0.05,45,24,17,16,0.05,5,0.2,2x16,514,default,baseline,248.8185159668574,246.76493260750556
architecture,2x16_mutation_0.05,45,24,18,16,0.05,5,0.2,2x16,514,default,baseline,250.40477785634084,247.77966426824204
architecture,2x16_mutation_0.05,45,24,19,16,0.05,5,0.2,2x16,514,default,baseline,250.81895427761205,249.06296019503736
architecture,2x16_mutation_0.05,45,24,20,16,0.05,5,0.2,2x16,514,default,baseline,252.10209900945478,249.81264847537662
architecture,2x16_mutation_0.05,45,24,21,16,0.05,5,0.2,2x16,514,default,baseline,253.64281495908688,251.175704433364
architecture,2x16_mutation_0.05,45,24,22,16,0.05,5,0.2,2x16,514,default,baseline,254.37226101263866,252.4151189722054
architecture,2x16_mutation_0.05,45,24,23,16,0.05,5,0.2,2x16,514,default,baseline,255.20934826578508,253.25876708294183
architecture,2x16_mutation_0.05,45,24,24,16,0.05,5,0.2,2x16,514,default,baseline,256.1046672493658,254.01596505676503
architecture,2x16_mutation_0.05,46,24,0,16,0.05,5,0.2,2x16,514,default,baseline,164.32314144568758,118.97422185671634
architecture,2x16_mutation_0.05,46,24,1,16,0.05,5,0.2,2x16,514,default,baseline,176.57013521926422,128.3703009926962
architecture,2x16_mutation_0.05,46,24,2,16,0.05,5,0.2,2x16,514,default,baseline,178.04500821272472,151.95150053968604
architecture,2x16_mutation_0.05,46,24,3,16,0.05,5,0.2,2x16,514,default,baseline,183.69523965897736,145.37015475028423
architecture,2x16_mutation_0.05,46,24,4,16,0.05,5,0.2,2x16,514,default,baseline,183.69523965897736,164.01521001238498
architecture,2x16_mutation_0.05,46,24,5,16,0.05,5,0.2,2x16,514,default,baseline,190.5796190084121,174.94918990338732
architecture,2x16_mutation_0.05,46,24,6,16,0.05,5,0.2,2x16,514,default,baseline,198.30354768921964,190.32645112802857
architecture,2x16_mutation_0.05,46,24,7,16,0.05,5,0.2,2x16,514,default,baseline,203.5207789792295,194.8682747511363
architecture,2x16_mutation_0.05,46,24,8,16,0.05,5,0.2,2x16,514,default,baseline,203.59074174600715,198.61984128963178
architecture,2x16_mutation_0.05,46,24,9,16,0.05,5,0.2,2x16,514,default,baseline,212.851707013224,199.4356822227131
architecture,2x16_mutation_0.05,46,24,10,16,0.05,5,0.2,2x16,514,default,baseline,215.49785372667196,208.0290022013295
architecture,2x16_mutation_0.05,46,24,11,16,0.05,5,0.2,2x16,514,default,baseline,226.65756159357318,213.18277654565188
architecture,2x16_mutation_0.05,46,24,12,16,0.05,5,0.2,2x16,514,default,baseline,226.702639681765,217.2414676695526
architecture,2x16_mutation_0.05,46,24,13,16,0.05,5,0.2,2x16,514,default,baseline,235.31714445768063,222.67885709510443
architecture,2x16_mutation_0.05,46,24,14,16,0.05,5,0.2,2x16,514,default,baseline,237.02625397991721,228.50062902540915
architecture,2x16_mutation_0.05,46,24,15,16,0.05,5,0.2,2x16,514,default,baseline,240.97577974012304,234.58294345667593
architecture,2x16_mutation_0.05,46,24,16,16,0.05,5,0.2,2x16,514,default,baseline,243.17463108441592,237.56265620903037
architecture,2x16_mutation_0.05,46,24,17,16,0.05,5,0.2,2x16,514,default,baseline,245.7167710581632,241.7502821276973
architecture,2x16_mutation_0.05,46,24,18,16,0.05,5,0.2,2x16,514,default,baseline,248.5108055608959,243.5322684009028
architecture,2x16_mutation_0.05,46,24,19,16,0.05,5,0.2,2x16,514,default,baseline,249.83327283983544,246.21531740918746
architecture,2x16_mutation_0.05,46,24,20,16,0.05,5,0.2,2x16,514,default,baseline,249.97288181212892,248.42527123832375
architecture,2x16_mutation_0.05,46,24,21,16,0.05,5,0.2,2x16,514,default,baseline,253.65906371309995,249.0770066017639
architecture,2x16_mutation_0.05,46,24,22,16,0.05,5,0.2,2x16,514,default,baseline,254.54693671606313,250.7645621741145
architecture,2x16_mutation_0.05,46,24,23,16,0.05,5,0.2,2x16,514,default,baseline,257.06368488882174,251.88879656497093
architecture,2x16_mutation_0.05,46,24,24,16,0.05,5,0.2,2x16,514,default,baseline,258.7756429478725,255.33208446989212
architecture,2x16_mutation_0.20,42,24,0,16,0.2,5,0.2,2x16,514,default,baseline,165.48580233056106,116.50066394022312
architecture,2x16_mutation_0.20,42,24,1,16,0.2,5,0.2,2x16,514,default,baseline,168.91152769504015,142.28486250802086
architecture,2x16_mutation_0.20,42,24,2,16,0.2,5,0.2,2x16,514,default,baseline,173.72163139304226,152.8779570896048
architecture,2x16_mutation_0.20,42,24,3,16,0.2,5,0.2,2x16,514,default,baseline,178.7357958482242,162.03497400860167
architecture,2x16_mutation_0.20,42,24,4,16,0.2,5,0.2,2x16,514,default,baseline,195.71705784579734,173.09205332689066
architecture,2x16_mutation_0.20,42,24,5,16,0.2,5,0.2,2x16,514,default,baseline,205.4644747330176,171.9320459311867
architecture,2x16_mutation_0.20,42,24,6,16,0.2,5,0.2,2x16,514,default,baseline,228.90362698117372,187.57581021122053
architecture,2x16_mutation_0.20,42,24,7,16,0.2,5,0.2,2x16,514,default,baseline,240.7130390490986,193.07279402048385
architecture,2x16_mutation_0.20,42,24,8,16,0.2,5,0.2,2x16,514,default,baseline,248.1002276008208,220.30985274729795
architecture,2x16_mutation_0.20,42,24,9,16,0.2,5,0.2,2x16,514,default,baseline,252.5473412839049,237.2478942234178
architecture,2x16_mutation_0.20,42,24,10,16,0.2,5,0.2,2x16,514,default,baseline,252.5473412839049,233.93359706085312
architecture,2x16_mutation_0.20,42,24,11,16,0.2,5,0.2,2x16,514,default,baseline,256.937242572981,247.96252786739268
architecture,2x16_mutation_0.20,42,24,12,16,0.2,5,0.2,2x16,514,default,baseline,259.4514092859454,248.39439537884112
architecture,2x16_mutation_0.20,42,24,13,16,0.2,5,0.2,2x16,514,default,baseline,259.4514092859454,253.87991524405106
architecture,2x16_mutation_0.20,42,24,14,16,0.2,5,0.2,2x16,514,default,baseline,260.55350217497585,254.9651947675046
architecture,2x16_mutation_0.20,42,24,15,16,0.2,5,0.2,2x16,514,default,baseline,261.51003137558234,253.69992223375144
architecture,2x16_mutation_0.20,42,24,16,16,0.2,5,0.2,2x16,514,default,baseline,262.0668328664117,256.82126774601835
architecture,2x16_mutation_0.20,42,24,17,16,0.2,5,0.2,2x16,514,default,baseline,263.2724179863883,258.946406801198
architecture,2x16_mutation_0.20,42,24,18,16,0.2,5,0.2,2x16,514,default,baseline,263.2724179863883,258.9621941108611
architecture,2x16_mutation_0.20,42,24,19,16,0.2,5,0.2,2x16,514,default,baseline,263.2724179863883,260.29925252526095
architecture,2x16_mutation_0.20,42,24,20,16,0.2,5,0.2,2x16,514,default,baseline,263.2724179863883,259.59470188610936
architecture,2x16_mutation_0.20,42,24,21,16,0.2,5,0.2,2x16,514,default,baseline,263.2724179863883,260.7936745219861
architecture,2x16_mutation_0.20,42,24,22,16,0.2,5,0.2,2x16,514,default,baseline,263.2724179863883,259.8992265329139
architecture,2x16_mutation_0.20,42,24,23,16,0.2,5,0.2,2x16,514,default,baseline,264.0073179995184,260.04764682897155
architecture,2x16_mutation_0.20,42,24,24,16,0.2,5,0.2,2x16,514,default,baseline,264.0073179995184,260.4729800063314
architecture,2x16_mutation_0.20,43,24,0,16,0.2,5,0.2,2x16,514,default,baseline,175.13828505370748,117.66676625009404
architecture,2x16_mutation_0.20,43,24,1,16,0.2,5,0.2,2x16,514,default,baseline,175.13828505370748,156.6454701916989
architecture,2x16_mutation_0.20,43,24,2,16,0.2,5,0.2,2x16,514,default,baseline,184.7926268651026,157.3989674709378
architecture,2x16_mutation_0.20,43,24,3,16,0.2,5,0.2,2x16,514,default,baseline,191.5145527636338,157.49986551964042
architecture,2x16_mutation_0.20,43,24,4,16,0.2,5,0.2,2x16,514,default,baseline,191.5145527636338,159.87152101342716
architecture,2x16_mutation_0.20,43,24,5,16,0.2,5,0.2,2x16,514,default,baseline,209.899725364369,159.38334778122334
architecture,2x16_mutation_0.20,43,24,6,16,0.2,5,0.2,2x16,514,default,baseline,209.899725364369,179.14689952425272
architecture,2x16_mutation_0.20,43,24,7,16,0.2,5,0.2,2x16,514,default,baseline,216.29234781399092,186.91808412669508
architecture,2x16_mutation_0.20,43,24,8,16,0.2,5,0.2,2x16,514,default,baseline,228.54431208112942,202.6132770264208
architecture,2x16_mutation_0.20,43,24,9,16,0.2,5,0.2,2x16,514,default,baseline,242.6179938636031,221.698319442816
architecture,2x16_mutation_0.20,43,24,10,16,0.2,5,0.2,2x16,514,default,baseline,242.6179938636031,229.9330710024995
architecture,2x16_mutation_0.20,43,24,11,16,0.2,5,0.2,2x16,514,default,baseline,245.93465732240824,236.28820658377126
architecture,2x16_mutation_0.20,43,24,12,16,0.2,5,0.2,2x16,514,default,baseline,248.74874701630623,241.4288798160751
architecture,2x16_mutation_0.20,43,24,13,16,0.2,5,0.2,2x16,514,default,baseline,250.22699061841453,245.14612856408462
architecture,2x16_mutation_0.20,43,24,14,16,0.2,5,0.2,2x16,514,default,baseline,251.83637136387478,244.32308881315026
architecture,2x16_mutation_0.20,43,24,15,16,0.2,5,0.2,2x16,514,default,baseline,253.62105419335546,248.4353664736774
architecture,2x16_mutation_0.20,43,24,16,16,0.2,5,0.2,2x16,514,default,baseline,253.62105419335546,250.81852619736543
architecture,2x16_mutation_0.20,43,24,17,16,0.2,5,0.2,2x16,514,default,baseline,259.6285002369663,252.12713836618593
architecture,2x16_mutation_0.20,43,24,18,16,0.2,5,0.2,2x16,514,default,baseline,259.6285002369663,253.13875385007503
architecture,2x16_mutation_0.20,43,24,19,16,0.2,5,0.2,2x16,514,default,baseline,259.6600435504931,256.29599597043114
architecture,2x16_mutation_0.20,43,24,20,16,0.2,5,0.2,2x16,514,default,baseline,260.4083872668947,257.0429882943379
architecture,2x16_mutation_0.20,43,24,21,16,0.2,5,0.2,2x16,514,default,baseline,260.68414592073015,256.59155078517017
architecture,2x16_mutation_0.20,43,24,22,16,0.2,5,0.2,2x16,514,default,baseline,260.68414592073015,256.74833842221847
architecture,2x16_mutation_0.20,43,24,23,16,0.2,5,0.2,2x16,514,default,baseline,261.5896603622572,257.822267291066
architecture,2x16_mutation_0.20,43,24,24,16,0.2,5,0.2,2x16,514,default,baseline,261.8173731288128,258.89260371136055
architecture,2x16_mutation_0.20,44,24,0,16,0.2,5,0.2,2x16,514,default,baseline,168.86214083212775,115.05571842509896
architecture,2x16_mutation_0.20,44,24,1,16,0.2,5,0.2,2x16,514,default,baseline,172.76785225847803,155.29356169406788
architecture,2x16_mutation_0.20,44,24,2,16,0.2,5,0.2,2x16,514,default,baseline,173.64162636661638,153.56999399011056
architecture,2x16_mutation_0.20,44,24,3,16,0.2,5,0.2,2x16,514,default,baseline,183.94163257401038,154.18550826199638
architecture,2x16_mutation_0.20,44,24,4,16,0.2,5,0.2,2x16,514,default,baseline,200.40002085512572,178.47740795896217
architecture,2x16_mutation_0.20,44,24,5,16,0.2,5,0.2,2x16,514,default,baseline,200.4961335881831,186.9025666513285
architecture,2x16_mutation_0.20,44,24,6,16,0.2,5,0.2,2x16,514,default,baseline,212.16844381232497,200.61154782062314
architecture,2x16_mutation_0.20,44,24,7,16,0.2,5,0.2,2x16,514,default,baseline,216.4335552099265,206.42883664963242
architecture,2x16_mutation_0.20,44,24,8,16,0.2,5,0.2,2x16,514,default,baseline,219.8441636964095,210.53560149120221
architecture,2x16_mutation_0.20,44,24,9,16,0.2,5,0.2,2x16,514,default,baseline,227.85068183020928,215.22141776459046
architecture,2x16_mutation_0.20,44,24,10,16,0.2,5,0.2,2x16,514,default,baseline,231.65740656780468,223.29396916148863
architecture,2x16_mutation_0.20,44,24,11,16,0.2,5,0.2,2x16,514,default,baseline,240.21626751719387,229.1217147551944
architecture,2x16_mutation_0.20,44,24,12,16,0.2,5,0.2,2x16,514,default,baseline,240.21626751719387,230.64984462862654
architecture,2x16_mutation_0.20,44,24,13,16,0.2,5,0.2,2x16,514,default,baseline,245.09316104391922,232.37704672095526
architecture,2x16_mutation_0.20,44,24,14,16,0.2,5,0.2,2x16,514,default,baseline,248.14150939786182,239.87745465798827
architecture,2x16_mutation_0.20,44,24,15,16,0.2,5,0.2,2x16,514,default,baseline,254.01302867888023,244.229861482358
architecture,2x16_mutation_0.20,44,24,16,16,0.2,5,0.2,2x16,514,default,baseline,257.9767225965884,248.00145137869475
architecture,2x16_mutation_0.20,44,24,17,16,0.2,5,0.2,2x16,514,default,baseline,257.9767225965884,248.25119195392125
architecture,2x16_mutation_0.20,44,24,18,16,0.2,5,0.2,2x16,514,default,baseline,259.23408526683545,253.79506642927547
architecture,2x16_mutation_0.20,44,24,19,16,0.2,5,0.2,2x16,514,default,baseline,259.3747783233668,255.7003119786773
architecture,2x16_mutation_0.20,44,24,20,16,0.2,5,0.2,2x16,514,default,baseline,259.3747783233668,255.1227829824713
architecture,2x16_mutation_0.20,44,24,21,16,0.2,5,0.2,2x16,514,default,baseline,259.54199978203275,256.320288205163
architecture,2x16_mutation_0.20,44,24,22,16,0.2,5,0.2,2x16,514,default,baseline,261.0708052512259,255.68499129212069
architecture,2x16_mutation_0.20,44,24,23,16,0.2,5,0.2,2x16,514,default,baseline,261.9822155841333,256.6748268624387
architecture,2x16_mutation_0.20,44,24,24,16,0.2,5,0.2,2x16,514,default,baseline,262.3493142296976,257.62603495896013
architecture,2x16_mutation_0.20,45,24,0,16,0.2,5,0.2,2x16,514,default,baseline,157.56878386413828,109.2411155058873
architecture,2x16_mutation_0.20,45,24,1,16,0.2,5,0.2,2x16,514,default,baseline,167.5964582691609,140.76698671197403
architecture,2x16_mutation_0.20,45,24,2,16,0.2,5,0.2,2x16,514,default,baseline,173.58450361822128,150.57495831647594
architecture,2x16_mutation_0.20,45,24,3,16,0.2,5,0.2,2x16,514,default,baseline,178.65193247687472,167.55664374526464
architecture,2x16_mutation_0.20,45,24,4,16,0.2,5,0.2,2x16,514,default,baseline,192.63827004875296,172.17032297870304
architecture,2x16_mutation_0.20,45,24,5,16,0.2,5,0.2,2x16,514,default,baseline,199.0344704117062,180.32310441820067
architecture,2x16_mutation_0.20,45,24,6,16,0.2,5,0.2,2x16,514,default,baseline,211.58813255271912,188.02508461332835
architecture,2x16_mutation_0.20,45,24,7,16,0.2,5,0.2,2x16,514,default,baseline,237.76611900127807,197.02830621669972
architecture,2x16_mutation_0.20,45,24,8,16,0.2,5,0.2,2x16,514,default,baseline,242.8560171645806,217.90742435675634
architecture,2x16_mutation_0.20,45,24,9,16,0.2,5,0.2,2x16,514,default,baseline,243.2132374521715,229.60811241700577
architecture,2x16_mutation_0.20,45,24,10,16,0.2,5,0.2,2x16,514,default,baseline,250.66701957961868,237.99482913813404
architecture,2x16_mutation_0.20,45,24,11,16,0.2,5,0.2,2x16,514,default,baseline,253.949376429721,246.8590917725868
architecture,2x16_mutation_0.20,45,24,12,16,0.2,5,0.2,2x16,514,default,baseline,256.02820558533233,249.83980534034436
architecture,2x16_mutation_0.20,45,24,13,16,0.2,5,0.2,2x16,514,default,baseline,256.02820558533233,248.71352054086316
architecture,2x16_mutation_0.20,45,24,14,16,0.2,5,0.2,2x16,514,default,baseline,256.3660711858614,251.7090964518962
architecture,2x16_mutation_0.20,45,24,15,16,0.2,5,0.2,2x16,514,default,baseline,256.3660711858614,252.71535442412906
architecture,2x16_mutation_0.20,45,24,16,16,0.2,5,0.2,2x16,514,default,baseline,257.90809139472617,253.20370643658273
architecture,2x16_mutation_0.20,45,24,17,16,0.2,5,0.2,2x16,514,default,baseline,259.12947173364466,252.13122079403365
architecture,2x16_mutation_0.20,45,24,18,16,0.2,5,0.2,2x16,514,default,baseline,259.43912671728424,256.62098510671933
architecture,2x16_mutation_0.20,45,24,19,16,0.2,5,0.2,2x16,514,default,baseline,259.43912671728424,255.50798496649938
architecture,2x16_mutation_0.20,45,24,20,16,0.2,5,0.2,2x16,514,default,baseline,261.80534450022776,257.6860010413427
architecture,2x16_mutation_0.20,45,24,21,16,0.2,5,0.2,2x16,514,default,baseline,261.80534450022776,258.10573437870835
architecture,2x16_mutation_0.20,45,24,22,16,0.2,5,0.2,2x16,514,default,baseline,261.80534450022776,258.52900529460953
architecture,2x16_mutation_0.20,45,24,23,16,0.2,5,0.2,2x16,514,default,baseline,262.45338927233803,259.18021425300424
architecture,2x16_mutation_0.20,45,24,24,16,0.2,5,0.2,2x16,514,default,baseline,263.48403665771474,259.8479505787499
architecture,2x16_mutation_0.20,46,24,0,16,0.2,5,0.2,2x16,514,default,baseline,164.32314144568758,118.97422185671634
architecture,2x16_mutation_0.20,46,24,1,16,0.2,5,0.2,2x16,514,default,baseline,178.8995236761083,129.59592465539538
architecture,2x16_mutation_0.20,46,24,2,16,0.2,5,0.2,2x16,514,default,baseline,183.7325942299744,152.15120231844
architecture,2x16_mutation_0.20,46,24,3,16,0.2,5,0.2,2x16,514,default,baseline,192.9307182052707,148.11804669291513
architecture,2x16_mutation_0.20,46,24,4,16,0.2,5,0.2,2x16,514,default,baseline,192.9307182052707,164.67795923935546
architecture,2x16_mutation_0.20,46,24,5,16,0.2,5,0.2,2x16,514,default,baseline,207.36406346293055,179.46857578304946
architecture,2x16_mutation_0.20,46,24,6,16,0.2,5,0.2,2x16,514,default,baseline,210.31695174336264,194.64981451162046
architecture,2x16_mutation_0.20,46,24,7,16,0.2,5,0.2,2x16,514,default,baseline,214.4294181696608,201.15985819430688
architecture,2x16_mutation_0.20,46,24,8,16,0.2,5,0.2,2x16,514,default,baseline,230.31319608645072,210.79021686731653
architecture,2x16_mutation_0.20,46,24,9,16,0.2,5,0.2,2x16,514,default,baseline,232.6437298251523,211.729897313586
architecture,2x16_mutation_0.20,46,24,10,16,0.2,5,0.2,2x16,514,default,baseline,234.68261333172183,221.40441055454113
architecture,2x16_mutation_0.20,46,24,11,16,0.2,5,0.2,2x16,514,default,baseline,244.29170764268576,225.23513843497778
architecture,2x16_mutation_0.20,46,24,12,16,0.2,5,0.2,2x16,514,default,baseline,246.67066984301533,232.74898408513525
architecture,2x16_mutation_0.20,46,24,13,16,0.2,5,0.2,2x16,514,default,baseline,249.3595039490655,241.3418265025771
architecture,2x16_mutation_0.20,46,24,14,16,0.2,5,0.2,2x16,514,default,baseline,255.73046854546692,243.32206624902778
architecture,2x16_mutation_0.20,46,24,15,16,0.2,5,0.2,2x16,514,default,baseline,256.4241654470268,248.1771088102708
architecture,2x16_mutation_0.20,46,24,16,16,0.2,5,0.2,2x16,514,default,baseline,257.23586919583,253.60826736030512
architecture,2x16_mutation_0.20,46,24,17,16,0.2,5,0.2,2x16,514,default,baseline,257.23586919583,253.92087911205203
architecture,2x16_mutation_0.20,46,24,18,16,0.2,5,0.2,2x16,514,default,baseline,257.3928259958008,255.62726366343452
architecture,2x16_mutation_0.20,46,24,19,16,0.2,5,0.2,2x16,514,default,baseline,261.0029639558438,255.22339429470964
architecture,2x16_mutation_0.20,46,24,20,16,0.2,5,0.2,2x16,514,default,baseline,261.0029639558438,257.4513259622474
architecture,2x16_mutation_0.20,46,24,21,16,0.2,5,0.2,2x16,514,default,baseline,261.0029639558438,258.5297735443113
architecture,2x16_mutation_0.20,46,24,22,16,0.2,5,0.2,2x16,514,default,baseline,261.0029639558438,258.0719934985268
architecture,2x16_mutation_0.20,46,24,23,16,0.2,5,0.2,2x16,514,default,baseline,261.60382062837914,259.1846935617708
architecture,2x16_mutation_0.20,46,24,24,16,0.2,5,0.2,2x16,514,default,baseline,261.60382062837914,257.47205249582817
architecture,32x16_mutation_0.05,42,24,0,16,0.05,5,0.2,32x16,978,default,baseline,166.20975805620873,127.8965923867911
architecture,32x16_mutation_0.05,42,24,1,16,0.05,5,0.2,32x16,978,default,baseline,168.72781191617818,139.8642575520542
architecture,32x16_mutation_0.05,42,24,2,16,0.05,5,0.2,32x16,978,default,baseline,173.24360108959732,161.47550393612767
architecture,32x16_mutation_0.05,42,24,3,16,0.05,5,0.2,32x16,978,default,baseline,175.17788012174628,171.40487336353777
architecture,32x16_mutation_0.05,42,24,4,16,0.05,5,0.2,32x16,978,default,baseline,180.03574105827047,175.48985864203385
architecture,32x16_mutation_0.05,42,24,5,16,0.05,5,0.2,32x16,978,default,baseline,191.92482424797248,180.79123517246796
architecture,32x16_mutation_0.05,42,24,6,16,0.05,5,0.2,32x16,978,default,baseline,194.9242429872714,185.57738441236506
architecture,32x16_mutation_0.05,42,24,7,16,0.05,5,0.2,32x16,978,default,baseline,207.38422504206972,190.29010584914565
architecture,32x16_mutation_0.05,42,24,8,16,0.05,5,0.2,32x16,978,default,baseline,211.78252732363853,198.97773086454293
architecture,32x16_mutation_0.05,42,24,9,16,0.05,5,0.2,32x16,978,default,baseline,216.90039891687002,206.3364723906016
architecture,32x16_mutation_0.05,42,24,10,16,0.05,5,0.2,32x16,978,default,baseline,223.71990297098887,215.5678710749805
architecture,32x16_mutation_0.05,42,24,11,16,0.05,5,0.2,32x16,978,default,baseline,230.43528419747827,221.2797087056446
architecture,32x16_mutation_0.05,42,24,12,16,0.05,5,0.2,32x16,978,default,baseline,235.20702433996885,225.91028092619965
architecture,32x16_mutation_0.05,42,24,13,16,0.05,5,0.2,32x16,978,default,baseline,236.1403375779384,230.10891019625902
architecture,32x16_mutation_0.05,42,24,14,16,0.05,5,0.2,32x16,978,default,baseline,236.97443044514443,232.0765048534772
architecture,32x16_mutation_0.05,42,24,15,16,0.05,5,0.2,32x16,978,default,baseline,239.006053891319,233.8072018435559
architecture,32x16_mutation_0.05,42,24,16,16,0.05,5,0.2,32x16,978,default,baseline,241.95723361679217,236.79362692441788
architecture,32x16_mutation_0.05,42,24,17,16,0.05,5,0.2,32x16,978,default,baseline,244.2159266178011,239.6543762512493
architecture,32x16_mutation_0.05,42,24,18,16,0.05,5,0.2,32x16,978,default,baseline,246.0819714903043,243.3338958011521
architecture,32x16_mutation_0.05,42,24,19,16,0.05,5,0.2,32x16,978,default,baseline,246.84200594712718,244.2586900665174
architecture,32x16_mutation_0.05,42,24,20,16,0.05,5,0.2,32x16,978,default,baseline,247.9892764690861,244.87986435661117
architecture,32x16_mutation_0.05,42,24,21,16,0.05,5,0.2,32x16,978,default,baseline,248.76074116849304,245.94605189032856
architecture,32x16_mutation_0.05,42,24,22,16,0.05,5,0.2,32x16,978,default,baseline,250.36510759834437,247.53305189877153
architecture,32x16_mutation_0.05,42,24,23,16,0.05,5,0.2,32x16,978,default,baseline,250.36510759834437,247.20252884900773
architecture,32x16_mutation_0.05,42,24,24,16,0.05,5,0.2,32x16,978,default,baseline,251.6622590248963,248.8635849129297
architecture,32x16_mutation_0.05,43,24,0,16,0.05,5,0.2,32x16,978,default,baseline,168.161304165385,128.38293416854202
architecture,32x16_mutation_0.05,43,24,1,16,0.05,5,0.2,32x16,978,default,baseline,170.95714081777606,147.6567834450513
architecture,32x16_mutation_0.05,43,24,2,16,0.05,5,0.2,32x16,978,default,baseline,181.67747263123215,158.97710728498996
architecture,32x16_mutation_0.05,43,24,3,16,0.05,5,0.2,32x16,978,default,baseline,181.67747263123215,161.66010373950422
architecture,32x16_mutation_0.05,43,24,4,16,0.05,5,0.2,32x16,978,default,baseline,185.61701247414555,160.02497803313616
architecture,32x16_mutation_0.05,43,24,5,16,0.05,5,0.2,32x16,978,default,baseline,187.0101288200375,172.91192571381532
architecture,32x16_mutation_0.05,43,24,6,16,0.05,5,0.2,32x16,978,default,baseline,195.51740411701914,172.77740995318257
architecture,32x16_mutation_0.05,43,24,7,16,0.05,5,0.2,32x16,978,default,baseline,195.51740411701914,174.01508211175147
architecture,32x16_mutation_0.05,43,24,8,16,0.05,5,0.2,32x16,978,default,baseline,197.54657407559176,192.46253801343303
architecture,32x16_mutation_0.05,43,24,9,16,0.05,5,0.2,32x16,978,default,baseline,204.65783934815272,196.97775665363244
architecture,32x16_mutation_0.05,43,24,10,16,0.05,5,0.2,32x16,978,default,baseline,209.28501882781774,199.28958255363438
architecture,32x16_mutation_0.05,43,24,11,16,0.05,5,0.2,32x16,978,default,baseline,221.20547217026527,207.83282870321642
architecture,32x16_mutation_0.05,43,24,12,16,0.05,5,0.2,32x16,978,default,baseline,224.1318912229309,213.36846176475598
architecture,32x16_mutation_0.05,43,24,13,16,0.05,5,0.2,32x16,978,default,baseline,232.4327175817506,222.99735933429054
architecture,32x16_mutation_0.05,43,24,14,16,0.05,5,0.2,32x16,978,default,baseline,236.78464681788412,229.30285141336594
architecture,32x16_mutation_0.05,43,24,15,16,0.05,5,0.2,32x16,978,default,baseline,237.55197036033718,232.27131008076117
architecture,32x16_mutation_0.05,43,24,16,16,0.05,5,0.2,32x16,978,default,baseline,245.65042938184445,235.47152627722937
architecture,32x16_mutation_0.05,43,24,17,16,0.05,5,0.2,32x16,978,default,baseline,245.65042938184445,238.42451431554042
architecture,32x16_mutation_0.05,43,24,18,16,0.05,5,0.2,32x16,978,default,baseline,248.88580113471727,242.4986795623211
architecture,32x16_mutation_0.05,43,24,19,16,0.05,5,0.2,32x16,978,default,baseline,250.5489672987327,245.66647192251742
architecture,32x16_mutation_0.05,43,24,20,16,0.05,5,0.2,32x16,978,default,baseline,253.50905183502184,248.8872090534988
architecture,32x16_mutation_0.05,43,24,21,16,0.05,5,0.2,32x16,978,default,baseline,253.70480259809213,249.77140636361182
architecture,32x16_mutation_0.05,43,24,22,16,0.05,5,0.2,32x16,978,default,baseline,255.70592808690827,250.4314969895466
architecture,32x16_mutation_0.05,43,24,23,16,0.05,5,0.2,32x16,978,default,baseline,257.9633704772749,254.13259748330375
architecture,32x16_mutation_0.05,43,24,24,16,0.05,5,0.2,32x16,978,default,baseline,259.1567695491524,255.44067691673254
architecture,32x16_mutation_0.05,44,24,0,16,0.05,5,0.2,32x16,978,default,baseline,171.36847028402897,128.82955951013267
architecture,32x16_mutation_0.05,44,24,1,16,0.05,5,0.2,32x16,978,default,baseline,171.41055808628914,148.2741190574318
architecture,32x16_mutation_0.05,44,24,2,16,0.05,5,0.2,32x16,978,default,baseline,171.64467930492847,157.06920657903075
architecture,32x16_mutation_0.05,44,24,3,16,0.05,5,0.2,32x16,978,default,baseline,173.91996817527843,169.62516976447793
architecture,32x16_mutation_0.05,44,24,4,16,0.05,5,0.2,32x16,978,default,baseline,178.7529075440453,173.0004838450482
architecture,32x16_mutation_0.05,44,24,5,16,0.05,5,0.2,32x16,978,default,baseline,181.3819357802084,176.17477450295226
architecture,32x16_mutation_0.05,44,24,6,16,0.05,5,0.2,32x16,978,default,baseline,182.03296294403964,179.4220291402014
architecture,32x16_mutation_0.05,44,24,7,16,0.05,5,0.2,32x16,978,default,baseline,188.4578204074188,181.9959691946375
architecture,32x16_mutation_0.05,44,24,8,16,0.05,5,0.2,32x16,978,default,baseline,192.29252677235303,185.75651786309496
architecture,32x16_mutation_0.05,44,24,9,16,0.05,5,0.2,32x16,978,default,baseline,195.84251691950274,188.63066489796768
architecture,32x16_mutation_0.05,44,24,10,16,0.05,5,0.2,32x16,978,default,baseline,203.45691115244028,192.6458272525797
architecture,32x16_mutation_0.05,44,24,11,16,0.05,5,0.2,32x16,978,default,baseline,210.03111755724683,198.2368538749275
architecture,32x16_mutation_0.05,44,24,12,16,0.05,5,0.2,32x16,978,default,baseline,213.7738999566645,205.6090760493659
architecture,32x16_mutation_0.05,44,24,13,16,0.05,5,0.2,32x16,978,default,baseline,218.97368514291296,210.79756770871762
architecture,32x16_mutation_0.05,44,24,14,16,0.05,5,0.2,32x16,978,default,baseline,223.35798181266352,216.88189884937853
architecture,32x16_mutation_0.05,44,24,15,16,0.05,5,0.2,32x16,978,default,baseline,225.64053302615736,219.50856036613908
architecture,32x16_mutation_0.05,44,24,16,16,0.05,5,0.2,32x16,978,default,baseline,229.43244277703437,224.625592290074
architecture,32x16_mutation_0.05,44,24,17,16,0.05,5,0.2,32x16,978,default,baseline,231.0381810261283,227.7874332693404
architecture,32x16_mutation_0.05,44,24,18,16,0.05,5,0.2,32x16,978,default,baseline,233.03788381724337,229.35968347334182
architecture,32x16_mutation_0.05,44,24,19,16,0.05,5,0.2,32x16,978,default,baseline,236.5666088493315,231.50241637659528
architecture,32x16_mutation_0.05,44,24,20,16,0.05,5,0.2,32x16,978,default,baseline,239.09244585194952,233.7704210446427
architecture,32x16_mutation_0.05,44,24,21,16,0.05,5,0.2,32x16,978,default,baseline,239.09244585194952,235.88933082004758
architecture,32x16_mutation_0.05,44,24,22,16,0.05,5,0.2,32x16,978,default,baseline,241.96513194394686,237.6256634891589
architecture,32x16_mutation_0.05,44,24,23,16,0.05,5,0.2,32x16,978,default,baseline,244.1275043279318,239.33241846405815
architecture,32x16_mutation_0.05,44,24,24,16,0.05,5,0.2,32x16,978,default,baseline,245.12482568336333,241.03562807756506
architecture,32x16_mutation_0.05,45,24,0,16,0.05,5,0.2,32x16,978,default,baseline,161.07260769504893,111.04179227749884
architecture,32x16_mutation_0.05,45,24,1,16,0.05,5,0.2,32x16,978,default,baseline,171.19503677392095,142.99300536734634
architecture,32x16_mutation_0.05,45,24,2,16,0.05,5,0.2,32x16,978,default,baseline,172.80411422074147,136.91063216938457
architecture,32x16_mutation_0.05,45,24,3,16,0.05,5,0.2,32x16,978,default,baseline,173.22717914030056,169.9372155355985
architecture,32x16_mutation_0.05,45,24,4,16,0.05,5,0.2,32x16,978,default,baseline,173.91625579170238,172.0177565212913
architecture,32x16_mutation_0.05,45,24,5,16,0.05,5,0.2,32x16,978,default,baseline,175.40212872828516,173.68725048919384
architecture,32x16_mutation_0.05,45,24,6,16,0.05,5,0.2,32x16,978,default,baseline,176.8379042828687,174.58205246806588
architecture,32x16_mutation_0.05,45,24,7,16,0.05,5,0.2,32x16,978,default,baseline,177.29093618383047,175.35965596642188
architecture,32x16_mutation_0.05,45,24,8,16,0.05,5,0.2,32x16,978,default,baseline,177.9495888595813,176.39144625794793
architecture,32x16_mutation_0.05,45,24,9,16,0.05,5,0.2,32x16,978,default,baseline,177.9495888595813,176.0785662466049
architecture,32x16_mutation_0.05,45,24,10,16,0.05,5,0.2,32x16,978,default,baseline,177.9495888595813,175.96387964364544
architecture,32x16_mutation_0.05,45,24,11,16,0.05,5,0.2,32x16,978,default,baseline,178.8492561320414,176.626171056394
architecture,32x16_mutation_0.05,45,24,12,16,0.05,5,0.2,32x16,978,default,baseline,180.76579836275937,177.14022202297994
architecture,32x16_mutation_0.05,45,24,13,16,0.05,5,0.2,32x16,978,default,baseline,186.6261959009684,178.86430735426273
architecture,32x16_mutation_0.05,45,24,14,16,0.05,5,0.2,32x16,978,default,baseline,188.33823721693952,181.44359571587495
architecture,32x16_mutation_0.05,45,24,15,16,0.05,5,0.2,32x16,978,default,baseline,189.09514478105336,184.27088718866133
architecture,32x16_mutation_0.05,45,24,16,16,0.05,5,0.2,32x16,978,default,baseline,195.53738587882881,187.4055308695788
architecture,32x16_mutation_0.05,45,24,17,16,0.05,5,0.2,32x16,978,default,baseline,209.79736058827362,193.23255578474217
architecture,32x16_mutation_0.05,45,24,18,16,0.05,5,0.2,32x16,978,default,baseline,217.27992628111838,202.1759107436144
architecture,32x16_mutation_0.05,45,24,19,16,0.05,5,0.2,32x16,978,default,baseline,223.518976758595,212.02314218898462
architecture,32x16_mutation_0.05,45,24,20,16,0.05,5,0.2,32x16,978,default,baseline,226.78819924535506,219.05152962149444
architecture,32x16_mutation_0.05,45,24,21,16,0.05,5,0.2,32x16,978,default,baseline,235.26865579031818,227.0589227980056
architecture,32x16_mutation_0.05,45,24,22,16,0.05,5,0.2,32x16,978,default,baseline,245.1313858064616,232.30424772902217
architecture,32x16_mutation_0.05,45,24,23,16,0.05,5,0.2,32x16,978,default,baseline,247.35651784569794,241.67237462360833
architecture,32x16_mutation_0.05,45,24,24,16,0.05,5,0.2,32x16,978,default,baseline,250.41700838336897,245.11115448452838
architecture,32x16_mutation_0.05,46,24,0,16,0.05,5,0.2,32x16,978,default,baseline,168.9051796864794,127.23887619260353
architecture,32x16_mutation_0.05,46,24,1,16,0.05,5,0.2,32x16,978,default,baseline,171.66143757693288,138.6432863132486
architecture,32x16_mutation_0.05,46,24,2,16,0.05,5,0.2,32x16,978,default,baseline,178.44152686223208,150.67152047844212
architecture,32x16_mutation_0.05,46,24,3,16,0.05,5,0.2,32x16,978,default,baseline,182.98964684349403,172.60891749735123
architecture,32x16_mutation_0.05,46,24,4,16,0.05,5,0.2,32x16,978,default,baseline,191.10333575095146,178.3241403635446
architecture,32x16_mutation_0.05,46,24,5,16,0.05,5,0.2,32x16,978,default,baseline,215.59272121112218,183.3712246868373
architecture,32x16_mutation_0.05,46,24,6,16,0.05,5,0.2,32x16,978,default,baseline,215.59272121112218,196.25362982471808
architecture,32x16_mutation_0.05,46,24,7,16,0.05,5,0.2,32x16,978,default,baseline,215.59272121112218,200.39511668492426
architecture,32x16_mutation_0.05,46,24,8,16,0.05,5,0.2,32x16,978,default,baseline,223.76854023397362,204.82988138221089
architecture,32x16_mutation_0.05,46,24,9,16,0.05,5,0.2,32x16,978,default,baseline,225.02197471187827,213.7708525237086
architecture,32x16_mutation_0.05,46,24,10,16,0.05,5,0.2,32x16,978,default,baseline,225.72612178402755,217.4600026946148
architecture,32x16_mutation_0.05,46,24,11,16,0.05,5,0.2,32x16,978,default,baseline,229.60160748585542,221.96575372155496
architecture,32x16_mutation_0.05,46,24,12,16,0.05,5,0.2,32x16,978,default,baseline,233.42348049168396,226.51218103584173
architecture,32x16_mutation_0.05,46,24,13,16,0.05,5,0.2,32x16,978,default,baseline,239.67769975530865,231.2503631561234
architecture,32x16_mutation_0.05,46,24,14,16,0.05,5,0.2,32x16,978,default,baseline,245.3569687421794,235.75747779374012
architecture,32x16_mutation_0.05,46,24,15,16,0.05,5,0.2,32x16,978,default,baseline,245.3569687421794,238.03496014458275
architecture,32x16_mutation_0.05,46,24,16,16,0.05,5,0.2,32x16,978,default,baseline,248.97953763492737,240.16176204122624
architecture,32x16_mutation_0.05,46,24,17,16,0.05,5,0.2,32x16,978,default,baseline,248.97953763492737,244.8677578393611
architecture,32x16_mutation_0.05,46,24,18,16,0.05,5,0.2,32x16,978,default,baseline,250.2684429111897,247.37241351537176
architecture,32x16_mutation_0.05,46,24,19,16,0.05,5,0.2,32x16,978,default,baseline,250.9705237043504,249.14444697884414
architecture,32x16_mutation_0.05,46,24,20,16,0.05,5,0.2,32x16,978,default,baseline,251.1300436917178,249.03424306131532
architecture,32x16_mutation_0.05,46,24,21,16,0.05,5,0.2,32x16,978,default,baseline,251.84230889078077,250.31354368824867
architecture,32x16_mutation_0.05,46,24,22,16,0.05,5,0.2,32x16,978,default,baseline,252.67077537452337,250.99267826377277
architecture,32x16_mutation_0.05,46,24,23,16,0.05,5,0.2,32x16,978,default,baseline,254.9421361769929,251.60482651598085
architecture,32x16_mutation_0.05,46,24,24,16,0.05,5,0.2,32x16,978,default,baseline,255.3210898338854,253.49639135257888
architecture,32x16_mutation_0.20,42,24,0,16,0.2,5,0.2,32x16,978,default,baseline,166.20975805620873,127.8965923867911
architecture,32x16_mutation_0.20,42,24,1,16,0.2,5,0.2,32x16,978,default,baseline,172.38089511847033,139.77356819327488
architecture,32x16_mutation_0.20,42,24,2,16,0.2,5,0.2,32x16,978,default,baseline,175.52227469521858,149.29328343099542
architecture,32x16_mutation_0.20,42,24,3,16,0.2,5,0.2,32x16,978,default,baseline,185.4784909143205,161.6097026745341
architecture,32x16_mutation_0.20,42,24,4,16,0.2,5,0.2,32x16,978,default,baseline,192.45643016525338,179.87832413203208
architecture,32x16_mutation_0.20,42,24,5,16,0.2,5,0.2,32x16,978,default,baseline,204.82697815807066,182.99486728155412
architecture,32x16_mutation_0.20,42,24,6,16,0.2,5,0.2,32x16,978,default,baseline,212.60692585655613,189.70874388412258
architecture,32x16_mutation_0.20,42,24,7,16,0.2,5,0.2,32x16,978,default,baseline,230.25064016596693,186.14185934383013
architecture,32x16_mutation_0.20,42,24,8,16,0.2,5,0.2,32x16,978,default,baseline,235.34894529383087,207.23435749205052
architecture,32x16_mutation_0.20,42,24,9,16,0.2,5,0.2,32x16,978,default,baseline,235.47803995361534,219.92036317221994
architecture,32x16_mutation_0.20,42,24,10,16,0.2,5,0.2,32x16,978,default,baseline,247.68342251123897,228.728924183276
architecture,32x16_mutation_0.20,42,24,11,16,0.2,5,0.2,32x16,978,default,baseline,248.02617718425847,236.04903619030185
architecture,32x16_mutation_0.20,42,24,12,16,0.2,5,0.2,32x16,978,default,baseline,250.26071557627654,237.92552911685902
architecture,32x16_mutation_0.20,42,24,13,16,0.2,5,0.2,32x16,978,default,baseline,251.66023868104065,240.7600648890883
architecture,32x16_mutation_0.20,42,24,14,16,0.2,5,0.2,32x16,978,default,baseline,252.62650314156807,237.4865669660941
architecture,32x16_mutation_0.20,42,24,15,16,0.2,5,0.2,32x16,978,default,baseline,255.10260290565304,247.38629206836882
architecture,32x16_mutation_0.20,42,24,16,16,0.2,5,0.2,32x16,978,default,baseline,255.10260290565304,247.38961619550543
architecture,32x16_mutation_0.20,42,24,17,16,0.2,5,0.2,32x16,978,default,baseline,258.1042992885354,251.7027349485026
architecture,32x16_mutation_0.20,42,24,18,16,0.2,5,0.2,32x16,978,default,baseline,258.1042992885354,252.8147106498975
architecture,32x16_mutation_0.20,42,24,19,16,0.2,5,0.2,32x16,978,default,baseline,259.36434172540334,253.7013432400142
architecture,32x16_mutation_0.20,42,24,20,16,0.2,5,0.2,32x16,978,default,baseline,259.46744481372735,255.89016951716275
architecture,32x16_mutation_0.20,42,24,21,16,0.2,5,0.2,32x16,978,default,baseline,260.24246811613534,256.86322963536264
architecture,32x16_mutation_0.20,42,24,22,16,0.2,5,0.2,32x16,978,default,baseline,260.25087351568095,256.2527908119105
architecture,32x16_mutation_0.20,42,24,23,16,0.2,5,0.2,32x16,978,default,baseline,260.9777687093442,256.5702092925653
architecture,32x16_mutation_0.20,42,24,24,16,0.2,5,0.2,32x16,978,default,baseline,264.0268714498619,259.0114282982523
architecture,32x16_mutation_0.20,43,24,0,16,0.2,5,0.2,32x16,978,default,baseline,168.161304165385,128.38293416854202
architecture,32x16_mutation_0.20,43,24,1,16,0.2,5,0.2,32x16,978,default,baseline,172.32649027129463,143.44854094427498
architecture,32x16_mutation_0.20,43,24,2,16,0.2,5,0.2,32x16,978,default,baseline,176.52200321964062,154.8099183861824
architecture,32x16_mutation_0.20,43,24,3,16,0.2,5,0.2,32x16,978,default,baseline,183.5466819961924,169.68066419725426
architecture,32x16_mutation_0.20,43,24,4,16,0.2,5,0.2,32x16,978,default,baseline,194.9280688791085,172.6035885859243
architecture,32x16_mutation_0.20,43,24,5,16,0.2,5,0.2,32x16,978,default,baseline,210.7241358082751,181.48749494616675
architecture,32x16_mutation_0.20,43,24,6,16,0.2,5,0.2,32x16,978,default,baseline,234.79690539969587,193.60656067417614
architecture,32x16_mutation_0.20,43,24,7,16,0.2,5,0.2,32x16,978,default,baseline,238.43872081820035,201.1614140574465
architecture,32x16_mutation_0.20,43,24,8,16,0.2,5,0.2,32x16,978,default,baseline,239.82566385931108,218.81333364685383
architecture,32x16_mutation_0.20,43,24,9,16,0.2,5,0.2,32x16,978,default,baseline,246.5963925022685,237.06856333665593
architecture,32x16_mutation_0.20,43,24,10,16,0.2,5,0.2,32x16,978,default,baseline,246.5963925022685,225.15765225362668
architecture,32x16_mutation_0.20,43,24,11,16,0.2,5,0.2,32x16,978,default,baseline,252.62912412380194,235.81108272662013
architecture,32x16_mutation_0.20,43,24,12,16,0.2,5,0.2,32x16,978,default,baseline,253.7734601202962,238.29773574553758
architecture,32x16_mutation_0.20,43,24,13,16,0.2,5,0.2,32x16,978,default,baseline,258.85395756513964,248.34973583446748
architecture,32x16_mutation_0.20,43,24,14,16,0.2,5,0.2,32x16,978,default,baseline,259.1190285860926,251.1343976053416
architecture,32x16_mutation_0.20,43,24,15,16,0.2,5,0.2,32x16,978,default,baseline,259.1190285860926,255.32200310887256
architecture,32x16_mutation_0.20,43,24,16,16,0.2,5,0.2,32x16,978,default,baseline,259.1190285860926,256.1927322410295
architecture,32x16_mutation_0.20,43,24,17,16,0.2,5,0.2,32x16,978,default,baseline,261.2371191706111,255.91610892517198
architecture,32x16_mutation_0.20,43,24,18,16,0.2,5,0.2,32x16,978,default,baseline,262.36227373111643,257.6653242046817
architecture,32x16_mutation_0.20,43,24,19,16,0.2,5,0.2,32x16,978,default,baseline,263.7371280583471,258.2880575003212
architecture,32x16_mutation_0.20,43,24,20,16,0.2,5,0.2,32x16,978,default,baseline,263.7371280583471,259.07516757297867
architecture,32x16_mutation_0.20,43,24,21,16,0.2,5,0.2,32x16,978,default,baseline,263.7371280583471,258.9286447399408
architecture,32x16_mutation_0.20,43,24,22,16,0.2,5,0.2,32x16,978,default,baseline,263.7371280583471,259.34489046763804
architecture,32x16_mutation_0.20,43,24,23,16,0.2,5,0.2,32x16,978,default,baseline,263.7371280583471,257.97414623330405
architecture,32x16_mutation_0.20,43,24,24,16,0.2,5,0.2,32x16,978,default,baseline,263.7371280583471,257.6916570344046
architecture,32x16_mutation_0.20,44,24,0,16,0.2,5,0.2,32x16,978,default,baseline,171.36847028402897,128.82955951013267
architecture,32x16_mutation_0.20,44,24,1,16,0.2,5,0.2,32x16,978,default,baseline,171.36847028402897,149.47785663793712
architecture,32x16_mutation_0.20,44,24,2,16,0.2,5,0.2,32x16,978,default,baseline,173.91385729050918,158.02069394477223
architecture,32x16_mutation_0.20,44,24,3,16,0.2,5,0.2,32x16,978,default,baseline,181.8759874957438,169.6638131195621
architecture,32x16_mutation_0.20,44,24,4,16,0.2,5,0.2,32x16,978,default,baseline,181.8759874957438,156.42067941706983
architecture,32x16_mutation_0.20,44,24,5,16,0.2,5,0.2,32x16,978,default,baseline,183.85729807898383,176.08586034902703
architecture,32x16_mutation_0.20,44,24,6,16,0.2,5,0.2,32x16,978,default,baseline,196.50458574664208,183.1314514099527
architecture,32x16_mutation_0.20,44,24,7,16,0.2,5,0.2,32x16,978,default,baseline,211.1988667343025,192.06344937183297
architecture,32x16_mutation_0.20,44,24,8,16,0.2,5,0.2,32x16,978,default,baseline,211.1988667343025,197.97240660182808
architecture,32x16_mutation_0.20,44,24,9,16,0.2,5,0.2,32x16,978,default,baseline,218.74899473974068,208.5096792814852
architecture,32x16_mutation_0.20,44,24,10,16,0.2,5,0.2,32x16,978,default,baseline,235.86190781200446,209.74071720288043
architecture,32x16_mutation_0.20,44,24,11,16,0.2,5,0.2,32x16,978,default,baseline,235.86190781200446,218.56246028630807
architecture,32x16_mutation_0.20,44,24,12,16,0.2,5,0.2,32x16,978,default,baseline,248.42400400306786,227.92512792407695
architecture,32x16_mutation_0.20,44,24,13,16,0.2,5,0.2,32x16,978,default,baseline,248.42400400306786,234.88559992418067
architecture,32x16_mutation_0.20,44,24,14,16,0.2,5,0.2,32x16,978,default,baseline,252.04381728295806,240.4527813727894
architecture,32x16_mutation_0.20,44,24,15,16,0.2,5,0.2,32x16,978,default,baseline,255.921835073846,248.13618702576946
architecture,32x16_mutation_0.20,44,24,16,16,0.2,5,0.2,32x16,978,default,baseline,255.921835073846,246.73860589559445
architecture,32x16_mutation_0.20,44,24,17,16,0.2,5,0.2,32x16,978,default,baseline,255.921835073846,249.83773321028275
architecture,32x16_mutation_0.20,44,24,18,16,0.2,5,0.2,32x16,978,default,baseline,257.57606311869813,249.27112643870691
architecture,32x16_mutation_0.20,44,24,19,16,0.2,5,0.2,32x16,978,default,baseline,257.57606311869813,253.4018973390518
architecture,32x16_mutation_0.20,44,24,20,16,0.2,5,0.2,32x16,978,default,baseline,260.40533822611343,256.21518848317754
architecture,32x16_mutation_0.20,44,24,21,16,0.2,5,0.2,32x16,978,default,baseline,260.40533822611343,256.2649473562478
architecture,32x16_mutation_0.20,44,24,22,16,0.2,5,0.2,32x16,978,default,baseline,260.40533822611343,256.6642210707797
architecture,32x16_mutation_0.20,44,24,23,16,0.2,5,0.2,32x16,978,default,baseline,260.40533822611343,252.52035988011676
architecture,32x16_mutation_0.20,44,24,24,16,0.2,5,0.2,32x16,978,default,baseline,260.40533822611343,256.9515258359417
architecture,32x16_mutation_0.20,45,24,0,16,0.2,5,0.2,32x16,978,default,baseline,161.07260769504893,111.04179227749884
architecture,32x16_mutation_0.20,45,24,1,16,0.2,5,0.2,32x16,978,default,baseline,172.34572590127132,142.2550799159785
architecture,32x16_mutation_0.20,45,24,2,16,0.2,5,0.2,32x16,978,default,baseline,172.34572590127132,144.90308315041108
architecture,32x16_mutation_0.20,45,24,3,16,0.2,5,0.2,32x16,978,default,baseline,172.34572590127132,159.1931238966584
architecture,32x16_mutation_0.20,45,24,4,16,0.2,5,0.2,32x16,978,default,baseline,185.66415726663462,164.23126740965046
architecture,32x16_mutation_0.20,45,24,5,16,0.2,5,0.2,32x16,978,default,baseline,205.72836443542062,167.76562718582528
architecture,32x16_mutation_0.20,45,24,6,16,0.2,5,0.2,32x16,978,default,baseline,223.88236204284476,187.2537551621292
architecture,32x16_mutation_0.20,45,24,7,16,0.2,5,0.2,32x16,978,default,baseline,240.43891395062755,201.44455720956017
architecture,32x16_mutation_0.20,45,24,8,16,0.2,5,0.2,32x16,978,default,baseline,240.43891395062755,224.67659917156433
architecture,32x16_mutation_0.20,45,24,9,16,0.2,5,0.2,32x16,978,default,baseline,243.53286848175514,227.5006122231708
architecture,32x16_mutation_0.20,45,24,10,16,0.2,5,0.2,32x16,978,default,baseline,244.80657540316673,237.42354041413068
architecture,32x16_mutation_0.20,45,24,11,16,0.2,5,0.2,32x16,978,default,baseline,244.80657540316673,233.4409309860205
architecture,32x16_mutation_0.20,45,24,12,16,0.2,5,0.2,32x16,978,default,baseline,244.80657540316673,235.46733244975093
architecture,32x16_mutation_0.20,45,24,13,16,0.2,5,0.2,32x16,978,default,baseline,248.53243572081556,241.68216744976928
architecture,32x16_mutation_0.20,45,24,14,16,0.2,5,0.2,32x16,978,default,baseline,249.08376117508817,240.7655392668786
architecture,32x16_mutation_0.20,45,24,15,16,0.2,5,0.2,32x16,978,default,baseline,249.08376117508817,245.29544735924696
architecture,32x16_mutation_0.20,45,24,16,16,0.2,5,0.2,32x16,978,default,baseline,251.42380960607875,245.94089511706926
architecture,32x16_mutation_0.20,45,24,17,16,0.2,5,0.2,32x16,978,default,baseline,251.42380960607875,248.1156794933081
architecture,32x16_mutation_0.20,45,24,18,16,0.2,5,0.2,32x16,978,default,baseline,251.42380960607875,249.2747218810067
architecture,32x16_mutation_0.20,45,24,19,16,0.2,5,0.2,32x16,978,default,baseline,251.79883548224132,249.11415126411157
architecture,32x16_mutation_0.20,45,24,20,16,0.2,5,0.2,32x16,978,default,baseline,251.79883548224132,249.93963173808567
architecture,32x16_mutation_0.20,45,24,21,16,0.2,5,0.2,32x16,978,default,baseline,252.24458747956294,250.26245975804062
architecture,32x16_mutation_0.20,45,24,22,16,0.2,5,0.2,32x16,978,default,baseline,252.8685041819855,249.48602158854175
architecture,32x16_mutation_0.20,45,24,23,16,0.2,5,0.2,32x16,978,default,baseline,252.8685041819855,250.26920070223028
architecture,32x16_mutation_0.20,45,24,24,16,0.2,5,0.2,32x16,978,default,baseline,253.0944529776387,251.51964977933898
architecture,32x16_mutation_0.20,46,24,0,16,0.2,5,0.2,32x16,978,default,baseline,168.9051796864794,127.23887619260353
architecture,32x16_mutation_0.20,46,24,1,16,0.2,5,0.2,32x16,978,default,baseline,176.52617845014325,138.05883517734512
architecture,32x16_mutation_0.20,46,24,2,16,0.2,5,0.2,32x16,978,default,baseline,179.14603607203776,155.1151252163583
architecture,32x16_mutation_0.20,46,24,3,16,0.2,5,0.2,32x16,978,default,baseline,194.89620229204235,153.72359176573696
architecture,32x16_mutation_0.20,46,24,4,16,0.2,5,0.2,32x16,978,default,baseline,196.63327152570395,185.77315895504017
architecture,32x16_mutation_0.20,46,24,5,16,0.2,5,0.2,32x16,978,default,baseline,206.21817284454403,191.68241098399213
architecture,32x16_mutation_0.20,46,24,6,16,0.2,5,0.2,32x16,978,default,baseline,210.9092822989634,197.86905761611766
architecture,32x16_mutation_0.20,46,24,7,16,0.2,5,0.2,32x16,978,default,baseline,223.58061693167963,203.98125153691
architecture,32x16_mutation_0.20,46,24,8,16,0.2,5,0.2,32x16,978,default,baseline,236.94969182935762,210.47868874328745
architecture,32x16_mutation_0.20,46,24,9,16,0.2,5,0.2,32x16,978,default,baseline,239.2260581476337,223.07970877444254
architecture,32x16_mutation_0.20,46,24,10,16,0.2,5,0.2,32x16,978,default,baseline,243.3174635535584,233.94410839819415
architecture,32x16_mutation_0.20,46,24,11,16,0.2,5,0.2,32x16,978,default,baseline,248.88232957987407,237.362449836395
architecture,32x16_mutation_0.20,46,24,12,16,0.2,5,0.2,32x16,978,default,baseline,251.84112089569467,242.82051099085209
architecture,32x16_mutation_0.20,46,24,13,16,0.2,5,0.2,32x16,978,default,baseline,251.84112089569467,247.73912800883443
architecture,32x16_mutation_0.20,46,24,14,16,0.2,5,0.2,32x16,978,default,baseline,252.2142346323907,249.260734384407
architecture,32x16_mutation_0.20,46,24,15,16,0.2,5,0.2,32x16,978,default,baseline,254.29973225073599,250.77063169243613
architecture,32x16_mutation_0.20,46,24,16,16,0.2,5,0.2,32x16,978,default,baseline,255.348899981931,249.93302313529364
architecture,32x16_mutation_0.20,46,24,17,16,0.2,5,0.2,32x16,978,default,baseline,255.9155787727837,252.84667661495257
architecture,32x16_mutation_0.20,46,24,18,16,0.2,5,0.2,32x16,978,default,baseline,258.23337348602246,252.95624212934996
architecture,32x16_mutation_0.20,46,24,19,16,0.2,5,0.2,32x16,978,default,baseline,258.23337348602246,253.31800909679464
architecture,32x16_mutation_0.20,46,24,20,16,0.2,5,0.2,32x16,978,default,baseline,258.23337348602246,254.9365155206804
architecture,32x16_mutation_0.20,46,24,21,16,0.2,5,0.2,32x16,978,default,baseline,258.23337348602246,254.66797112261614
architecture,32x16_mutation_0.20,46,24,22,16,0.2,5,0.2,32x16,978,default,baseline,258.23337348602246,254.62903880716706
architecture,32x16_mutation_0.20,46,24,23,16,0.2,5,0.2,32x16,978,default,baseline,258.23337348602246,255.31946713620005
architecture,32x16_mutation_0.20,46,24,24,16,0.2,5,0.2,32x16,978,default,baseline,258.9429872757466,256.21435945341983
architecture,2x32_mutation_0.05,42,24,0,16,0.05,5,0.2,2x32,1538,default,baseline,171.23796519147865,133.00874865204665
architecture,2x32_mutation_0.05,42,24,1,16,0.05,5,0.2,2x32,1538,default,baseline,173.33277644838932,150.25201539293263
architecture,2x32_mutation_0.05,42,24,2,16,0.05,5,0.2,2x32,1538,default,baseline,173.33277644838932,159.0056855349414
architecture,2x32_mutation_0.05,42,24,3,16,0.05,5,0.2,2x32,1538,default,baseline,177.3166640047906,150.59588665953422
architecture,2x32_mutation_0.05,42,24,4,16,0.05,5,0.2,2x32,1538,default,baseline,181.16928692943037,159.8156649714369
architecture,2x32_mutation_0.05,42,24,5,16,0.05,5,0.2,2x32,1538,default,baseline,183.9562447960608,169.32712825139782
architecture,2x32_mutation_0.05,42,24,6,16,0.05,5,0.2,2x32,1538,default,baseline,187.30578961889418,168.49290054826992
architecture,2x32_mutation_0.05,42,24,7,16,0.05,5,0.2,2x32,1538,default,baseline,202.54420333415834,182.8967466681642
architecture,2x32_mutation_0.05,42,24,8,16,0.05,5,0.2,2x32,1538,default,baseline,203.85073346821883,182.0287588553752
architecture,2x32_mutation_0.05,42,24,9,16,0.05,5,0.2,2x32,1538,default,baseline,210.665105266667,198.53348548812625
architecture,2x32_mutation_0.05,42,24,10,16,0.05,5,0.2,2x32,1538,default,baseline,224.47779954234616,203.85595612440892
architecture,2x32_mutation_0.05,42,24,11,16,0.05,5,0.2,2x32,1538,default,baseline,227.50073520744905,218.75890355303483
architecture,2x32_mutation_0.05,42,24,12,16,0.05,5,0.2,2x32,1538,default,baseline,235.6037424939691,224.68157627882363
architecture,2x32_mutation_0.05,42,24,13,16,0.05,5,0.2,2x32,1538,default,baseline,239.44651457093903,229.1324033666014
architecture,2x32_mutation_0.05,42,24,14,16,0.05,5,0.2,2x32,1538,default,baseline,243.86066112075898,236.06044663882165
architecture,2x32_mutation_0.05,42,24,15,16,0.05,5,0.2,2x32,1538,default,baseline,250.30864632360556,241.26790427845972
architecture,2x32_mutation_0.05,42,24,16,16,0.05,5,0.2,2x32,1538,default,baseline,252.03288666406837,245.64901609589413
architecture,2x32_mutation_0.05,42,24,17,16,0.05,5,0.2,2x32,1538,default,baseline,252.03288666406837,247.89980768860866
architecture,2x32_mutation_0.05,42,24,18,16,0.05,5,0.2,2x32,1538,default,baseline,253.80793141010878,249.55763219623614
architecture,2x32_mutation_0.05,42,24,19,16,0.05,5,0.2,2x32,1538,default,baseline,253.80793141010878,249.41352176927452
architecture,2x32_mutation_0.05,42,24,20,16,0.05,5,0.2,2x32,1538,default,baseline,257.63283876541175,251.98644061067043
architecture,2x32_mutation_0.05,42,24,21,16,0.05,5,0.2,2x32,1538,default,baseline,257.63283876541175,253.95605804231525
architecture,2x32_mutation_0.05,42,24,22,16,0.05,5,0.2,2x32,1538,default,baseline,258.5530867496003,253.97421500049984
architecture,2x32_mutation_0.05,42,24,23,16,0.05,5,0.2,2x32,1538,default,baseline,260.28744043757126,255.8447227643405
architecture,2x32_mutation_0.05,42,24,24,16,0.05,5,0.2,2x32,1538,default,baseline,260.28744043757126,256.97829699245256
architecture,2x32_mutation_0.05,43,24,0,16,0.05,5,0.2,2x32,1538,default,baseline,172.8679776049345,110.83360841569596
architecture,2x32_mutation_0.05,43,24,1,16,0.05,5,0.2,2x32,1538,default,baseline,177.17518336262862,133.92806703591077
architecture,2x32_mutation_0.05,43,24,2,16,0.05,5,0.2,2x32,1538,default,baseline,177.3243072168991,146.93930015097686
architecture,2x32_mutation_0.05,43,24,3,16,0.05,5,0.2,2x32,1538,default,baseline,180.2808762152778,171.19190404459118
architecture,2x32_mutation_0.05,43,24,4,16,0.05,5,0.2,2x32,1538,default,baseline,183.95490404509553,177.29620700137394
architecture,2x32_mutation_0.05,43,24,5,16,0.05,5,0.2,2x32,1538,default,baseline,187.75340224770378,179.14098275635214
architecture,2x32_mutation_0.05,43,24,6,16,0.05,5,0.2,2x32,1538,default,baseline,191.72831917597574,182.64387034796775
architecture,2x32_mutation_0.05,43,24,7,16,0.05,5,0.2,2x32,1538,default,baseline,199.12128335054217,189.136752719831
architecture,2x32_mutation_0.05,43,24,8,16,0.05,5,0.2,2x32,1538,default,baseline,207.29097825734655,195.5613686946723
architecture,2x32_mutation_0.05,43,24,9,16,0.05,5,0.2,2x32,1538,default,baseline,210.00815969196066,202.42043430288362
architecture,2x32_mutation_0.05,43,24,10,16,0.05,5,0.2,2x32,1538,default,baseline,214.74789956888907,206.9213968713807
architecture,2x32_mutation_0.05,43,24,11,16,0.05,5,0.2,2x32,1538,default,baseline,222.7693916177212,210.38986737178524
architecture,2x32_mutation_0.05,43,24,12,16,0.05,5,0.2,2x32,1538,default,baseline,236.7581464986983,217.5640694123646
architecture,2x32_mutation_0.05,43,24,13,16,0.05,5,0.2,2x32,1538,default,baseline,237.98420542827637,226.07144557482587
architecture,2x32_mutation_0.05,43,24,14,16,0.05,5,0.2,2x32,1538,default,baseline,241.37487083605805,233.0265801454895
architecture,2x32_mutation_0.05,43,24,15,16,0.05,5,0.2,2x32,1538,default,baseline,242.59477219101132,237.5696435336932
architecture,2x32_mutation_0.05,43,24,16,16,0.05,5,0.2,2x32,1538,default,baseline,243.24182099824455,238.849711007638
architecture,2x32_mutation_0.05,43,24,17,16,0.05,5,0.2,2x32,1538,default,baseline,248.00969205307757,239.8391428949812
architecture,2x32_mutation_0.05,43,24,18,16,0.05,5,0.2,2x32,1538,default,baseline,248.00969205307757,242.09648756556942
architecture,2x32_mutation_0.05,43,24,19,16,0.05,5,0.2,2x32,1538,default,baseline,249.6304189747536,241.57010033311116
architecture,2x32_mutation_0.05,43,24,20,16,0.05,5,0.2,2x32,1538,default,baseline,252.04961882220633,245.4438371204049
architecture,2x32_mutation_0.05,43,24,21,16,0.05,5,0.2,2x32,1538,default,baseline,254.30039825877805,247.78201424810078
architecture,2x32_mutation_0.05,43,24,22,16,0.05,5,0.2,2x32,1538,default,baseline,254.30039825877805,250.07700921220354
architecture,2x32_mutation_0.05,43,24,23,16,0.05,5,0.2,2x32,1538,default,baseline,254.9405409681741,251.35815403138696
architecture,2x32_mutation_0.05,43,24,24,16,0.05,5,0.2,2x32,1538,default,baseline,255.27569305429967,250.50327536869827
architecture,2x32_mutation_0.05,44,24,0,16,0.05,5,0.2,2x32,1538,default,baseline,164.445992538678,132.12690212832217
architecture,2x32_mutation_0.05,44,24,1,16,0.05,5,0.2,2x32,1538,default,baseline,171.57758165760768,134.94413473936856
architecture,2x32_mutation_0.05,44,24,2,16,0.05,5,0.2,2x32,1538,default,baseline,173.67451263475905,151.67999473709853
architecture,2x32_mutation_0.05,44,24,3,16,0.05,5,0.2,2x32,1538,default,baseline,173.67451263475905,159.02820338589345
architecture,2x32_mutation_0.05,44,24,4,16,0.05,5,0.2,2x32,1538,default,baseline,175.8049758254478,168.44010766828535
architecture,2x32_mutation_0.05,44,24,5,16,0.05,5,0.2,2x32,1538,default,baseline,186.91749698907074,173.93719651188945
architecture,2x32_mutation_0.05,44,24,6,16,0.05,5,0.2,2x32,1538,default,baseline,194.03025038740864,181.77595944434557
architecture,2x32_mutation_0.05,44,24,7,16,0.05,5,0.2,2x32,1538,default,baseline,198.7864941292906,188.89683182099327
architecture,2x32_mutation_0.05,44,24,8,16,0.05,5,0.2,2x32,1538,default,baseline,215.0392757926256,198.62530557857633
architecture,2x32_mutation_0.05,44,24,9,16,0.05,5,0.2,2x32,1538,default,baseline,224.71694053191595,210.0859799804602
architecture,2x32_mutation_0.05,44,24,10,16,0.05,5,0.2,2x32,1538,default,baseline,228.94386878021288,222.55385234465464
architecture,2x32_mutation_0.05,44,24,11,16,0.05,5,0.2,2x32,1538,default,baseline,234.6341521930381,223.66475883939006
architecture,2x32_mutation_0.05,44,24,12,16,0.05,5,0.2,2x32,1538,default,baseline,236.00551444087677,231.25338122815322
architecture,2x32_mutation_0.05,44,24,13,16,0.05,5,0.2,2x32,1538,default,baseline,241.48867309700796,229.3950158139822
architecture,2x32_mutation_0.05,44,24,14,16,0.05,5,0.2,2x32,1538,default,baseline,244.129585759225,237.88353886886557
architecture,2x32_mutation_0.05,44,24,15,16,0.05,5,0.2,2x32,1538,default,baseline,244.69441368382985,238.63477130558408
architecture,2x32_mutation_0.05,44,24,16,16,0.05,5,0.2,2x32,1538,default,baseline,246.12411342524763,241.69203605660618
architecture,2x32_mutation_0.05,44,24,17,16,0.05,5,0.2,2x32,1538,default,baseline,248.79154756609705,243.1318089345754
architecture,2x32_mutation_0.05,44,24,18,16,0.05,5,0.2,2x32,1538,default,baseline,253.55818446160788,247.48425064622373
architecture,2x32_mutation_0.05,44,24,19,16,0.05,5,0.2,2x32,1538,default,baseline,256.35454739626607,251.11704005669282
architecture,2x32_mutation_0.05,44,24,20,16,0.05,5,0.2,2x32,1538,default,baseline,258.2483993707076,253.85546002492788
architecture,2x32_mutation_0.05,44,24,21,16,0.05,5,0.2,2x32,1538,default,baseline,258.2483993707076,255.40742077559074
architecture,2x32_mutation_0.05,44,24,22,16,0.05,5,0.2,2x32,1538,default,baseline,258.7124711165776,256.0028465044729
architecture,2x32_mutation_0.05,44,24,23,16,0.05,5,0.2,2x32,1538,default,baseline,258.7124711165776,256.5610234762785
architecture,2x32_mutation_0.05,44,24,24,16,0.05,5,0.2,2x32,1538,default,baseline,259.5027721020664,256.29089907190513
architecture,2x32_mutation_0.05,45,24,0,16,0.05,5,0.2,2x32,1538,default,baseline,169.04274755788842,128.89039670249124
architecture,2x32_mutation_0.05,45,24,1,16,0.05,5,0.2,2x32,1538,default,baseline,169.04274755788842,133.11006053380893
architecture,2x32_mutation_0.05,45,24,2,16,0.05,5,0.2,2x32,1538,default,baseline,169.11008654973247,142.03117673051915
architecture,2x32_mutation_0.05,45,24,3,16,0.05,5,0.2,2x32,1538,default,baseline,171.44802391533568,149.47582932960322
architecture,2x32_mutation_0.05,45,24,4,16,0.05,5,0.2,2x32,1538,default,baseline,172.23935247159068,158.0652542343469
architecture,2x32_mutation_0.05,45,24,5,16,0.05,5,0.2,2x32,1538,default,baseline,173.15217485241044,168.8823060807253
architecture,2x32_mutation_0.05,45,24,6,16,0.05,5,0.2,2x32,1538,default,baseline,173.81548971625193,171.77797802760796
architecture,2x32_mutation_0.05,45,24,7,16,0.05,5,0.2,2x32,1538,default,baseline,175.38151374910913,172.30107368176655
architecture,2x32_mutation_0.05,45,24,8,16,0.05,5,0.2,2x32,1538,default,baseline,175.38151374910913,172.38527582400758
architecture,2x32_mutation_0.05,45,24,9,16,0.05,5,0.2,2x32,1538,default,baseline,176.17605358788964,172.823255208554
architecture,2x32_mutation_0.05,45,24,10,16,0.05,5,0.2,2x32,1538,default,baseline,176.17605358788964,173.28150796999756
architecture,2x32_mutation_0.05,45,24,11,16,0.05,5,0.2,2x32,1538,default,baseline,178.04900771490617,174.93537692786475
architecture,2x32_mutation_0.05,45,24,12,16,0.05,5,0.2,2x32,1538,default,baseline,178.04900771490617,175.02015755958485
architecture,2x32_mutation_0.05,45,24,13,16,0.05,5,0.2,2x32,1538,default,baseline,178.04900771490617,173.85392033647753
architecture,2x32_mutation_0.05,45,24,14,16,0.05,5,0.2,2x32,1538,default,baseline,178.04900771490617,174.6682531399707
architecture,2x32_mutation_0.05,45,24,15,16,0.05,5,0.2,2x32,1538,default,baseline,178.04900771490617,173.34407052424626
architecture,2x32_mutation_0.05,45,24,16,16,0.05,5,0.2,2x32,1538,default,baseline,178.04900771490617,174.85386780483373
architecture,2x32_mutation_0.05,45,24,17,16,0.05,5,0.2,2x32,1538,default,baseline,178.04900771490617,175.17514726213795
architecture,2x32_mutation_0.05,45,24,18,16,0.05,5,0.2,2x32,1538,default,baseline,178.04900771490617,174.94719015826962
architecture,2x32_mutation_0.05,45,24,19,16,0.05,5,0.2,2x32,1538,default,baseline,178.04900771490617,175.09444564519293
architecture,2x32_mutation_0.05,45,24,20,16,0.05,5,0.2,2x32,1538,default,baseline,178.04900771490617,175.20243683528307
architecture,2x32_mutation_0.05,45,24,21,16,0.05,5,0.2,2x32,1538,default,baseline,178.1635387945177,175.72786153285637
architecture,2x32_mutation_0.05,45,24,22,16,0.05,5,0.2,2x32,1538,default,baseline,178.1635387945177,174.68610722239163
architecture,2x32_mutation_0.05,45,24,23,16,0.05,5,0.2,2x32,1538,default,baseline,178.1635387945177,174.4325445158242
architecture,2x32_mutation_0.05,45,24,24,16,0.05,5,0.2,2x32,1538,default,baseline,178.1635387945177,174.60415658346238
architecture,2x32_mutation_0.05,46,24,0,16,0.05,5,0.2,2x32,1538,default,baseline,161.7144168211553,113.0765710212699
architecture,2x32_mutation_0.05,46,24,1,16,0.05,5,0.2,2x32,1538,default,baseline,174.75437649773062,147.1885896698052
architecture,2x32_mutation_0.05,46,24,2,16,0.05,5,0.2,2x32,1538,default,baseline,174.75437649773062,147.56013198368157
architecture,2x32_mutation_0.05,46,24,3,16,0.05,5,0.2,2x32,1538,default,baseline,180.07664261040787,162.55093017832291
architecture,2x32_mutation_0.05,46,24,4,16,0.05,5,0.2,2x32,1538,default,baseline,183.51374112967812,160.89905891325174
architecture,2x32_mutation_0.05,46,24,5,16,0.05,5,0.2,2x32,1538,default,baseline,184.78771065789914,168.52400756731345
architecture,2x32_mutation_0.05,46,24,6,16,0.05,5,0.2,2x32,1538,default,baseline,192.34896276995602,182.2686581681723
architecture,2x32_mutation_0.05,46,24,7,16,0.05,5,0.2,2x32,1538,default,baseline,201.96893587458368,188.42507110567675
architecture,2x32_mutation_0.05,46,24,8,16,0.05,5,0.2,2x32,1538,default,baseline,207.57228978367849,192.09544574903467
architecture,2x32_mutation_0.05,46,24,9,16,0.05,5,0.2,2x32,1538,default,baseline,209.81592201994,200.44189215255025
architecture,2x32_mutation_0.05,46,24,10,16,0.05,5,0.2,2x32,1538,default,baseline,223.36248299206142,209.98204399376226
architecture,2x32_mutation_0.05,46,24,11,16,0.05,5,0.2,2x32,1538,default,baseline,227.07050512512748,215.77932805727323
architecture,2x32_mutation_0.05,46,24,12,16,0.05,5,0.2,2x32,1538,default,baseline,233.9935881265576,222.7833818824595
architecture,2x32_mutation_0.05,46,24,13,16,0.05,5,0.2,2x32,1538,default,baseline,239.52857977133505,226.64413897109634
architecture,2x32_mutation_0.05,46,24,14,16,0.05,5,0.2,2x32,1538,default,baseline,239.75809761499258,233.69561905464082
architecture,2x32_mutation_0.05,46,24,15,16,0.05,5,0.2,2x32,1538,default,baseline,241.58464253091503,238.19538844741749
architecture,2x32_mutation_0.05,46,24,16,16,0.05,5,0.2,2x32,1538,default,baseline,244.74417901497202,237.46251938956667
architecture,2x32_mutation_0.05,46,24,17,16,0.05,5,0.2,2x32,1538,default,baseline,244.74417901497202,238.8727634728892
architecture,2x32_mutation_0.05,46,24,18,16,0.05,5,0.2,2x32,1538,default,baseline,247.49821021377295,241.0583142134854
architecture,2x32_mutation_0.05,46,24,19,16,0.05,5,0.2,2x32,1538,default,baseline,247.73143994550838,243.38204024904002
architecture,2x32_mutation_0.05,46,24,20,16,0.05,5,0.2,2x32,1538,default,baseline,250.25384835779786,245.53472392023014
architecture,2x32_mutation_0.05,46,24,21,16,0.05,5,0.2,2x32,1538,default,baseline,250.25384835779786,244.90866371053843
architecture,2x32_mutation_0.05,46,24,22,16,0.05,5,0.2,2x32,1538,default,baseline,250.3566647361961,247.08124249471928
architecture,2x32_mutation_0.05,46,24,23,16,0.05,5,0.2,2x32,1538,default,baseline,252.33158456185595,248.30309529189816
architecture,2x32_mutation_0.05,46,24,24,16,0.05,5,0.2,2x32,1538,default,baseline,255.08033141072127,250.08047896549
architecture,2x32_mutation_0.20,42,24,0,16,0.2,5,0.2,2x32,1538,default,baseline,171.23796519147865,133.00874865204665
architecture,2x32_mutation_0.20,42,24,1,16,0.2,5,0.2,2x32,1538,default,baseline,172.5084403107339,147.39671221556094
architecture,2x32_mutation_0.20,42,24,2,16,0.2,5,0.2,2x32,1538,default,baseline,179.14405470744896,160.17070143397052
architecture,2x32_mutation_0.20,42,24,3,16,0.2,5,0.2,2x32,1538,default,baseline,179.14405470744896,144.4364575582913
architecture,2x32_mutation_0.20,42,24,4,16,0.2,5,0.2,2x32,1538,default,baseline,209.70260996012465,162.86812585306814
architecture,2x32_mutation_0.20,42,24,5,16,0.2,5,0.2,2x32,1538,default,baseline,209.70260996012465,171.99020353052376
architecture,2x32_mutation_0.20,42,24,6,16,0.2,5,0.2,2x32,1538,default,baseline,231.42055941542148,189.93682481155503
architecture,2x32_mutation_0.20,42,24,7,16,0.2,5,0.2,2x32,1538,default,baseline,231.42055941542148,204.19403318645175
architecture,2x32_mutation_0.20,42,24,8,16,0.2,5,0.2,2x32,1538,default,baseline,234.10977974869587,216.06001061330818
architecture,2x32_mutation_0.20,42,24,9,16,0.2,5,0.2,2x32,1538,default,baseline,242.24969765374075,220.9814750043006
architecture,2x32_mutation_0.20,42,24,10,16,0.2,5,0.2,2x32,1538,default,baseline,242.24969765374075,225.56718049483214
architecture,2x32_mutation_0.20,42,24,11,16,0.2,5,0.2,2x32,1538,default,baseline,246.72902568844637,228.62613204176995
architecture,2x32_mutation_0.20,42,24,12,16,0.2,5,0.2,2x32,1538,default,baseline,246.72902568844637,235.50331139290887
architecture,2x32_mutation_0.20,42,24,13,16,0.2,5,0.2,2x32,1538,default,baseline,249.3807583618001,241.66985617761227
architecture,2x32_mutation_0.20,42,24,14,16,0.2,5,0.2,2x32,1538,default,baseline,250.99171403472334,242.63151903263673
architecture,2x32_mutation_0.20,42,24,15,16,0.2,5,0.2,2x32,1538,default,baseline,250.99171403472334,245.2149179564026
architecture,2x32_mutation_0.20,42,24,16,16,0.2,5,0.2,2x32,1538,default,baseline,251.3484171987524,245.99982845875823
architecture,2x32_mutation_0.20,42,24,17,16,0.2,5,0.2,2x32,1538,default,baseline,252.6205601942836,248.86302990050825
architecture,2x32_mutation_0.20,42,24,18,16,0.2,5,0.2,2x32,1538,default,baseline,253.28888420273637,246.83905335670454
architecture,2x32_mutation_0.20,42,24,19,16,0.2,5,0.2,2x32,1538,default,baseline,253.8295138529234,249.2746377941014
architecture,2x32_mutation_0.20,42,24,20,16,0.2,5,0.2,2x32,1538,default,baseline,254.87914060414244,249.61651907059866
architecture,2x32_mutation_0.20,42,24,21,16,0.2,5,0.2,2x32,1538,default,baseline,254.87914060414244,247.36177470605057
architecture,2x32_mutation_0.20,42,24,22,16,0.2,5,0.2,2x32,1538,default,baseline,254.92991819365577,250.1782330622072
architecture,2x32_mutation_0.20,42,24,23,16,0.2,5,0.2,2x32,1538,default,baseline,254.92991819365577,250.94091042854254
architecture,2x32_mutation_0.20,42,24,24,16,0.2,5,0.2,2x32,1538,default,baseline,255.39343810950547,252.6925393768929
architecture,2x32_mutation_0.20,43,24,0,16,0.2,5,0.2,2x32,1538,default,baseline,172.8679776049345,110.83360841569596
architecture,2x32_mutation_0.20,43,24,1,16,0.2,5,0.2,2x32,1538,default,baseline,175.6691955842239,135.04677761699574
architecture,2x32_mutation_0.20,43,24,2,16,0.2,5,0.2,2x32,1538,default,baseline,186.7241873221264,149.77807438951413
architecture,2x32_mutation_0.20,43,24,3,16,0.2,5,0.2,2x32,1538,default,baseline,195.8001387484704,169.16261495444317
architecture,2x32_mutation_0.20,43,24,4,16,0.2,5,0.2,2x32,1538,default,baseline,199.89810254280022,165.53867595672932
architecture,2x32_mutation_0.20,43,24,5,16,0.2,5,0.2,2x32,1538,default,baseline,208.0853752546517,192.4104988723465
architecture,2x32_mutation_0.20,43,24,6,16,0.2,5,0.2,2x32,1538,default,baseline,218.6047264428837,201.13818136196372
architecture,2x32_mutation_0.20,43,24,7,16,0.2,5,0.2,2x32,1538,default,baseline,224.95610412764407,206.1035652371882
architecture,2x32_mutation_0.20,43,24,8,16,0.2,5,0.2,2x32,1538,default,baseline,226.05088764198902,212.1282199706066
architecture,2x32_mutation_0.20,43,24,9,16,0.2,5,0.2,2x32,1538,default,baseline,232.01215792858613,217.36059313209523
architecture,2x32_mutation_0.20,43,24,10,16,0.2,5,0.2,2x32,1538,default,baseline,233.23691721492784,212.90665920424905
architecture,2x32_mutation_0.20,43,24,11,16,0.2,5,0.2,2x32,1538,default,baseline,240.7785200568589,226.92659532773672
architecture,2x32_mutation_0.20,43,24,12,16,0.2,5,0.2,2x32,1538,default,baseline,245.58800413865822,230.75350990040204
architecture,2x32_mutation_0.20,43,24,13,16,0.2,5,0.2,2x32,1538,default,baseline,246.29669235159048,227.14487198822286
architecture,2x32_mutation_0.20,43,24,14,16,0.2,5,0.2,2x32,1538,default,baseline,246.91311921230783,231.76422443122038
architecture,2x32_mutation_0.20,43,24,15,16,0.2,5,0.2,2x32,1538,default,baseline,246.91311921230783,239.12856557011887
architecture,2x32_mutation_0.20,43,24,16,16,0.2,5,0.2,2x32,1538,default,baseline,252.8053091506025,237.83329138210422
architecture,2x32_mutation_0.20,43,24,17,16,0.2,5,0.2,2x32,1538,default,baseline,252.8053091506025,244.25392344035035
architecture,2x32_mutation_0.20,43,24,18,16,0.2,5,0.2,2x32,1538,default,baseline,258.6253119987563,242.84437049900097
architecture,2x32_mutation_0.20,43,24,19,16,0.2,5,0.2,2x32,1538,default,baseline,258.6253119987563,251.40880257528957
architecture,2x32_mutation_0.20,43,24,20,16,0.2,5,0.2,2x32,1538,default,baseline,258.6253119987563,254.16337731812644
architecture,2x32_mutation_0.20,43,24,21,16,0.2,5,0.2,2x32,1538,default,baseline,259.61131515259285,254.79379521144145
architecture,2x32_mutation_0.20,43,24,22,16,0.2,5,0.2,2x32,1538,default,baseline,259.61131515259285,255.13603479645025
architecture,2x32_mutation_0.20,43,24,23,16,0.2,5,0.2,2x32,1538,default,baseline,260.44158221739235,255.5375873354472
architecture,2x32_mutation_0.20,43,24,24,16,0.2,5,0.2,2x32,1538,default,baseline,262.11989613432104,254.84028563836614
architecture,2x32_mutation_0.20,44,24,0,16,0.2,5,0.2,2x32,1538,default,baseline,164.445992538678,132.12690212832217
architecture,2x32_mutation_0.20,44,24,1,16,0.2,5,0.2,2x32,1538,default,baseline,174.38712205226747,134.7902864069601
architecture,2x32_mutation_0.20,44,24,2,16,0.2,5,0.2,2x32,1538,default,baseline,175.96681825355844,154.43625636228393
architecture,2x32_mutation_0.20,44,24,3,16,0.2,5,0.2,2x32,1538,default,baseline,193.08487949070616,164.44319751901358
architecture,2x32_mutation_0.20,44,24,4,16,0.2,5,0.2,2x32,1538,default,baseline,193.1110343699026,178.1420231352319
architecture,2x32_mutation_0.20,44,24,5,16,0.2,5,0.2,2x32,1538,default,baseline,217.21517142134397,193.32293590393294
architecture,2x32_mutation_0.20,44,24,6,16,0.2,5,0.2,2x32,1538,default,baseline,226.62419381387016,207.078749989653
architecture,2x32_mutation_0.20,44,24,7,16,0.2,5,0.2,2x32,1538,default,baseline,237.3900279306639,209.54491856326788
architecture,2x32_mutation_0.20,44,24,8,16,0.2,5,0.2,2x32,1538,default,baseline,247.23634841137948,217.1639510536181
architecture,2x32_mutation_0.20,44,24,9,16,0.2,5,0.2,2x32,1538,default,baseline,252.9609138613927,235.26381424768186
architecture,2x32_mutation_0.20,44,24,10,16,0.2,5,0.2,2x32,1538,default,baseline,253.28981631764367,244.92636563018695
architecture,2x32_mutation_0.20,44,24,11,16,0.2,5,0.2,2x32,1538,default,baseline,258.0442137438598,242.78856604947416
architecture,2x32_mutation_0.20,44,24,12,16,0.2,5,0.2,2x32,1538,default,baseline,258.0442137438598,245.94567470395359
architecture,2x32_mutation_0.20,44,24,13,16,0.2,5,0.2,2x32,1538,default,baseline,258.0442137438598,250.30519043297298
architecture,2x32_mutation_0.20,44,24,14,16,0.2,5,0.2,2x32,1538,default,baseline,258.0442137438598,250.88530457993173
architecture,2x32_mutation_0.20,44,24,15,16,0.2,5,0.2,2x32,1538,default,baseline,258.0442137438598,250.98366154493849
architecture,2x32_mutation_0.20,44,24,16,16,0.2,5,0.2,2x32,1538,default,baseline,259.9937420587743,246.72048033018945
architecture,2x32_mutation_0.20,44,24,17,16,0.2,5,0.2,2x32,1538,default,baseline,259.9937420587743,252.24959587321166
architecture,2x32_mutation_0.20,44,24,18,16,0.2,5,0.2,2x32,1538,default,baseline,259.9937420587743,251.73747580169018
architecture,2x32_mutation_0.20,44,24,19,16,0.2,5,0.2,2x32,1538,default,baseline,259.9937420587743,250.3293293498608
architecture,2x32_mutation_0.20,44,24,20,16,0.2,5,0.2,2x32,1538,default,baseline,259.9937420587743,251.07657405175127
architecture,2x32_mutation_0.20,44,24,21,16,0.2,5,0.2,2x32,1538,default,baseline,260.2590057078602,251.79828002349092
architecture,2x32_mutation_0.20,44,24,22,16,0.2,5,0.2,2x32,1538,default,baseline,260.2590057078602,254.67527178082187
architecture,2x32_mutation_0.20,44,24,23,16,0.2,5,0.2,2x32,1538,default,baseline,260.3567097985814,255.7959161869474
architecture,2x32_mutation_0.20,44,24,24,16,0.2,5,0.2,2x32,1538,default,baseline,260.3567097985814,257.27003264991276
architecture,2x32_mutation_0.20,45,24,0,16,0.2,5,0.2,2x32,1538,default,baseline,169.04274755788842,128.89039670249124
architecture,2x32_mutation_0.20,45,24,1,16,0.2,5,0.2,2x32,1538,default,baseline,169.04274755788842,135.3830740013846
architecture,2x32_mutation_0.20,45,24,2,16,0.2,5,0.2,2x32,1538,default,baseline,183.7692722847728,143.96212498476586
architecture,2x32_mutation_0.20,45,24,3,16,0.2,5,0.2,2x32,1538,default,baseline,211.02475331826983,160.79160681532383
architecture,2x32_mutation_0.20,45,24,4,16,0.2,5,0.2,2x32,1538,default,baseline,222.41542054631964,172.55008939811367
architecture,2x32_mutation_0.20,45,24,5,16,0.2,5,0.2,2x32,1538,default,baseline,237.53671968324733,200.77655700354325
architecture,2x32_mutation_0.20,45,24,6,16,0.2,5,0.2,2x32,1538,default,baseline,237.53671968324733,199.77698109009373
architecture,2x32_mutation_0.20,45,24,7,16,0.2,5,0.2,2x32,1538,default,baseline,243.94894302238075,218.56913262991503
architecture,2x32_mutation_0.20,45,24,8,16,0.2,5,0.2,2x32,1538,default,baseline,244.49809676933037,221.03139885929983
architecture,2x32_mutation_0.20,45,24,9,16,0.2,5,0.2,2x32,1538,default,baseline,249.47521465234848,235.39957661168873
architecture,2x32_mutation_0.20,45,24,10,16,0.2,5,0.2,2x32,1538,default,baseline,253.55028125387636,243.64682205575218
architecture,2x32_mutation_0.20,45,24,11,16,0.2,5,0.2,2x32,1538,default,baseline,253.55028125387636,244.75264782401774
architecture,2x32_mutation_0.20,45,24,12,16,0.2,5,0.2,2x32,1538,default,baseline,256.5181245555676,248.92839094027056
architecture,2x32_mutation_0.20,45,24,13,16,0.2,5,0.2,2x32,1538,default,baseline,256.5181245555676,252.67453870289933
architecture,2x32_mutation_0.20,45,24,14,16,0.2,5,0.2,2x32,1538,default,baseline,257.10092975043034,252.0691266410414
architecture,2x32_mutation_0.20,45,24,15,16,0.2,5,0.2,2x32,1538,default,baseline,257.10092975043034,252.54507778452984
architecture,2x32_mutation_0.20,45,24,16,16,0.2,5,0.2,2x32,1538,default,baseline,258.2541338546715,252.31732920876988
architecture,2x32_mutation_0.20,45,24,17,16,0.2,5,0.2,2x32,1538,default,baseline,258.5190919771627,251.182453823074
architecture,2x32_mutation_0.20,45,24,18,16,0.2,5,0.2,2x32,1538,default,baseline,259.767344116425,253.16694289775293
architecture,2x32_mutation_0.20,45,24,19,16,0.2,5,0.2,2x32,1538,default,baseline,259.8857030558231,254.70886275390276
architecture,2x32_mutation_0.20,45,24,20,16,0.2,5,0.2,2x32,1538,default,baseline,259.8857030558231,254.58875543834546
architecture,2x32_mutation_0.20,45,24,21,16,0.2,5,0.2,2x32,1538,default,baseline,261.43821021033983,254.9081787229208
architecture,2x32_mutation_0.20,45,24,22,16,0.2,5,0.2,2x32,1538,default,baseline,261.43821021033983,254.75566644037625
architecture,2x32_mutation_0.20,45,24,23,16,0.2,5,0.2,2x32,1538,default,baseline,261.43821021033983,254.9646578482772
architecture,2x32_mutation_0.20,45,24,24,16,0.2,5,0.2,2x32,1538,default,baseline,261.43821021033983,254.99540856720455
architecture,2x32_mutation_0.20,46,24,0,16,0.2,5,0.2,2x32,1538,default,baseline,161.7144168211553,113.0765710212699
architecture,2x32_mutation_0.20,46,24,1,16,0.2,5,0.2,2x32,1538,default,baseline,180.40840932890038,147.9274802060516
architecture,2x32_mutation_0.20,46,24,2,16,0.2,5,0.2,2x32,1538,default,baseline,195.95007731668633,135.43123120634533
architecture,2x32_mutation_0.20,46,24,3,16,0.2,5,0.2,2x32,1538,default,baseline,195.95007731668633,149.19954004397138
architecture,2x32_mutation_0.20,46,24,4,16,0.2,5,0.2,2x32,1538,default,baseline,195.95007731668633,169.18110016954168
architecture,2x32_mutation_0.20,46,24,5,16,0.2,5,0.2,2x32,1538,default,baseline,217.41982103791915,191.231394257432
architecture,2x32_mutation_0.20,46,24,6,16,0.2,5,0.2,2x32,1538,default,baseline,221.44470886995734,199.2789647983274
architecture,2x32_mutation_0.20,46,24,7,16,0.2,5,0.2,2x32,1538,default,baseline,230.98862684571455,208.22969008333862
architecture,2x32_mutation_0.20,46,24,8,16,0.2,5,0.2,2x32,1538,default,baseline,237.9576919398267,218.20012773214665
architecture,2x32_mutation_0.20,46,24,9,16,0.2,5,0.2,2x32,1538,default,baseline,243.33650801867472,225.47165695087406
architecture,2x32_mutation_0.20,46,24,10,16,0.2,5,0.2,2x32,1538,default,baseline,247.20810973333423,237.35456910252395
architecture,2x32_mutation_0.20,46,24,11,16,0.2,5,0.2,2x32,1538,default,baseline,250.03889106617441,237.37815175223238
architecture,2x32_mutation_0.20,46,24,12,16,0.2,5,0.2,2x32,1538,default,baseline,250.03889106617441,238.2273923361213
architecture,2x32_mutation_0.20,46,24,13,16,0.2,5,0.2,2x32,1538,default,baseline,250.03889106617441,243.34202269759584
architecture,2x32_mutation_0.20,46,24,14,16,0.2,5,0.2,2x32,1538,default,baseline,250.03889106617441,244.36164279158515
architecture,2x32_mutation_0.20,46,24,15,16,0.2,5,0.2,2x32,1538,default,baseline,251.9662479544761,244.6501083373073
architecture,2x32_mutation_0.20,46,24,16,16,0.2,5,0.2,2x32,1538,default,baseline,251.9662479544761,246.1836349158517
architecture,2x32_mutation_0.20,46,24,17,16,0.2,5,0.2,2x32,1538,default,baseline,251.9662479544761,246.54590436252107
architecture,2x32_mutation_0.20,46,24,18,16,0.2,5,0.2,2x32,1538,default,baseline,252.43340346797683,248.84426044552225
architecture,2x32_mutation_0.20,46,24,19,16,0.2,5,0.2,2x32,1538,default,baseline,252.43340346797683,249.63348066938892
architecture,2x32_mutation_0.20,46,24,20,16,0.2,5,0.2,2x32,1538,default,baseline,253.21839003319974,248.07950155778974
architecture,2x32_mutation_0.20,46,24,21,16,0.2,5,0.2,2x32,1538,default,baseline,253.21839003319974,250.41321829488334
architecture,2x32_mutation_0.20,46,24,22,16,0.2,5,0.2,2x32,1538,default,baseline,253.39851048878774,249.1913737473157
architecture,2x32_mutation_0.20,46,24,23,16,0.2,5,0.2,2x32,1538,default,baseline,255.04193618766044,251.05254199133793
architecture,2x32_mutation_0.20,46,24,24,16,0.2,5,0.2,2x32,1538,default,baseline,256.8196101109862,250.12165975080416
input_pattern,default,42,24,0,16,0.2,5,0.2,1x16,242,default,baseline,174.64691605755775,123.93725940568496
input_pattern,default,42,24,1,16,0.2,5,0.2,1x16,242,default,baseline,174.64691605755775,143.06426926603922
input_pattern,default,42,24,2,16,0.2,5,0.2,1x16,242,default,baseline,178.9474375016876,166.54738463789363
input_pattern,default,42,24,3,16,0.2,5,0.2,1x16,242,default,baseline,188.94087692695587,173.46737204221944
input_pattern,default,42,24,4,16,0.2,5,0.2,1x16,242,default,baseline,194.11362691733444,180.49337880519576
input_pattern,default,42,24,5,16,0.2,5,0.2,1x16,242,default,baseline,202.01973464856437,189.11958249784135
input_pattern,default,42,24,6,16,0.2,5,0.2,1x16,242,default,baseline,202.39452677303717,190.9196168381185
input_pattern,default,42,24,7,16,0.2,5,0.2,1x16,242,default,baseline,223.57172190586513,197.02741676941744
input_pattern,default,42,24,8,16,0.2,5,0.2,1x16,242,default,baseline,225.71356264381217,209.728685048481
input_pattern,default,42,24,9,16,0.2,5,0.2,1x16,242,default,baseline,231.46607825798435,219.30997420296532
input_pattern,default,42,24,10,16,0.2,5,0.2,1x16,242,default,baseline,234.05622387295222,224.7941175620453
input_pattern,default,42,24,11,16,0.2,5,0.2,1x16,242,default,baseline,242.66807642129731,227.8193339105415
input_pattern,default,42,24,12,16,0.2,5,0.2,1x16,242,default,baseline,243.15967294142737,237.27806150414068
input_pattern,default,42,24,13,16,0.2,5,0.2,1x16,242,default,baseline,245.05779914309412,240.54307131347042
input_pattern,default,42,24,14,16,0.2,5,0.2,1x16,242,default,baseline,245.05779914309412,241.64640253598228
input_pattern,default,42,24,15,16,0.2,5,0.2,1x16,242,default,baseline,248.67581212137156,243.58203429336973
input_pattern,default,42,24,16,16,0.2,5,0.2,1x16,242,default,baseline,255.603935540985,247.78879906212137
input_pattern,default,42,24,17,16,0.2,5,0.2,1x16,242,default,baseline,255.603935540985,250.64566993686907
input_pattern,default,42,24,18,16,0.2,5,0.2,1x16,242,default,baseline,255.86449488359804,253.60391137565466
input_pattern,default,42,24,19,16,0.2,5,0.2,1x16,242,default,baseline,257.1471868408097,254.17448857559114
input_pattern,default,42,24,20,16,0.2,5,0.2,1x16,242,default,baseline,257.1471868408097,254.6818966916717
input_pattern,default,42,24,21,16,0.2,5,0.2,1x16,242,default,baseline,257.6149716600046,255.41857567909477
input_pattern,default,42,24,22,16,0.2,5,0.2,1x16,242,default,baseline,258.6648096537491,255.87962613839304
input_pattern,default,42,24,23,16,0.2,5,0.2,1x16,242,default,baseline,260.6576240430328,256.9576131006578
input_pattern,default,42,24,24,16,0.2,5,0.2,1x16,242,default,baseline,260.6576240430328,258.089552421786
input_pattern,default,43,24,0,16,0.2,5,0.2,1x16,242,default,baseline,173.15606138289232,124.72290905134332
input_pattern,default,43,24,1,16,0.2,5,0.2,1x16,242,default,baseline,174.46661892111462,155.17287648197288
input_pattern,default,43,24,2,16,0.2,5,0.2,1x16,242,default,baseline,174.46661892111462,168.7378950380152
input_pattern,default,43,24,3,16,0.2,5,0.2,1x16,242,default,baseline,176.08781215000224,171.05913587904092
input_pattern,default,43,24,4,16,0.2,5,0.2,1x16,242,default,baseline,176.43678841498877,171.62161071970937
input_pattern,default,43,24,5,16,0.2,5,0.2,1x16,242,default,baseline,186.47726341018813,172.955216518761
input_pattern,default,43,24,6,16,0.2,5,0.2,1x16,242,default,baseline,198.4481839979593,178.97703302482546
input_pattern,default,43,24,7,16,0.2,5,0.2,1x16,242,default,baseline,204.0163301882029,185.56241899039372
input_pattern,default,43,24,8,16,0.2,5,0.2,1x16,242,default,baseline,210.9846907921556,195.98070623100904
input_pattern,default,43,24,9,16,0.2,5,0.2,1x16,242,default,baseline,210.9846907921556,203.67127132625197
input_pattern,default,43,24,10,16,0.2,5,0.2,1x16,242,default,baseline,213.27146063138173,206.98641309300325
input_pattern,default,43,24,11,16,0.2,5,0.2,1x16,242,default,baseline,218.34317669531666,210.28355533833604
input_pattern,default,43,24,12,16,0.2,5,0.2,1x16,242,default,baseline,223.41502831588008,211.17064423524025
input_pattern,default,43,24,13,16,0.2,5,0.2,1x16,242,default,baseline,231.75767691130184,217.43367264710102
input_pattern,default,43,24,14,16,0.2,5,0.2,1x16,242,default,baseline,238.71370919869116,227.39027566599714
input_pattern,default,43,24,15,16,0.2,5,0.2,1x16,242,default,baseline,239.58447083315843,231.87242082172133
input_pattern,default,43,24,16,16,0.2,5,0.2,1x16,242,default,baseline,246.44842604258628,236.81504640094246
input_pattern,default,43,24,17,16,0.2,5,0.2,1x16,242,default,baseline,249.949679259721,240.66786334188953
input_pattern,default,43,24,18,16,0.2,5,0.2,1x16,242,default,baseline,249.949679259721,243.65965173420466
input_pattern,default,43,24,19,16,0.2,5,0.2,1x16,242,default,baseline,249.949679259721,245.56056936887762
input_pattern,default,43,24,20,16,0.2,5,0.2,1x16,242,default,baseline,249.949679259721,246.4294575744829
input_pattern,default,43,24,21,16,0.2,5,0.2,1x16,242,default,baseline,255.00271652761535,247.03266492341697
input_pattern,default,43,24,22,16,0.2,5,0.2,1x16,242,default,baseline,259.1051882963696,250.0807298231397
input_pattern,default,43,24,23,16,0.2,5,0.2,1x16,242,default,baseline,259.1051882963696,253.2022233491883
input_pattern,default,43,24,24,16,0.2,5,0.2,1x16,242,default,baseline,259.1051882963696,256.4680480296111
input_pattern,default,44,24,0,16,0.2,5,0.2,1x16,242,default,baseline,175.29002860123632,118.06396367334293
input_pattern,default,44,24,1,16,0.2,5,0.2,1x16,242,default,baseline,175.29002860123632,151.04762006075674
input_pattern,default,44,24,2,16,0.2,5,0.2,1x16,242,default,baseline,178.57348754481683,163.35558727470894
input_pattern,default,44,24,3,16,0.2,5,0.2,1x16,242,default,baseline,181.57107558256598,168.7975550878852
input_pattern,default,44,24,4,16,0.2,5,0.2,1x16,242,default,baseline,184.87153009413623,177.94501924734436
input_pattern,default,44,24,5,16,0.2,5,0.2,1x16,242,default,baseline,192.50220935880253,181.35937871724468
input_pattern,default,44,24,6,16,0.2,5,0.2,1x16,242,default,baseline,205.26103338431483,185.37904369844023
input_pattern,default,44,24,7,16,0.2,5,0.2,1x16,242,default,baseline,207.5357034862875,192.85172033137138
input_pattern,default,44,24,8,16,0.2,5,0.2,1x16,242,default,baseline,210.17737082993955,199.29779073457334
input_pattern,default,44,24,9,16,0.2,5,0.2,1x16,242,default,baseline,223.02226619926768,208.27560564138432
input_pattern,default,44,24,10,16,0.2,5,0.2,1x16,242,default,baseline,223.02226619926768,214.34979826375385
input_pattern,default,44,24,11,16,0.2,5,0.2,1x16,242,default,baseline,230.80174124536364,215.00153353789733
input_pattern,default,44,24,12,16,0.2,5,0.2,1x16,242,default,baseline,233.38902461327223,222.78509664135817
input_pattern,default,44,24,13,16,0.2,5,0.2,1x16,242,default,baseline,238.44950549791577,230.23745515854938
input_pattern,default,44,24,14,16,0.2,5,0.2,1x16,242,default,baseline,240.28671473201672,233.35563792048248
input_pattern,default,44,24,15,16,0.2,5,0.2,1x16,242,default,baseline,242.94032534067537,233.85362597019522
input_pattern,default,44,24,16,16,0.2,5,0.2,1x16,242,default,baseline,244.9188294097308,240.3398617142887
input_pattern,default,44,24,17,16,0.2,5,0.2,1x16,242,default,baseline,248.94378384478904,243.34153212700133
input_pattern,default,44,24,18,16,0.2,5,0.2,1x16,242,default,baseline,251.29216340526347,246.69716226910577
input_pattern,default,44,24,19,16,0.2,5,0.2,1x16,242,default,baseline,252.89108154654906,247.80085640414296
input_pattern,default,44,24,20,16,0.2,5,0.2,1x16,242,default,baseline,252.89108154654906,248.87982025957297
input_pattern,default,44,24,21,16,0.2,5,0.2,1x16,242,default,baseline,255.34390528688812,250.18329774021456
input_pattern,default,44,24,22,16,0.2,5,0.2,1x16,242,default,baseline,255.34390528688812,250.1482334697469
input_pattern,default,44,24,23,16,0.2,5,0.2,1x16,242,default,baseline,257.37512002234195,253.09881987652267
input_pattern,default,44,24,24,16,0.2,5,0.2,1x16,242,default,baseline,257.37512002234195,253.48506399185416
input_pattern,default,45,24,0,16,0.2,5,0.2,1x16,242,default,baseline,176.01205572940387,142.46705767544887
input_pattern,default,45,24,1,16,0.2,5,0.2,1x16,242,default,baseline,176.01205572940387,143.2882752278867
input_pattern,default,45,24,2,16,0.2,5,0.2,1x16,242,default,baseline,176.90116497251313,166.23421962905803
input_pattern,default,45,24,3,16,0.2,5,0.2,1x16,242,default,baseline,178.27912999645343,175.64894050687388
input_pattern,default,45,24,4,16,0.2,5,0.2,1x16,242,default,baseline,178.53263423517558,176.1669604352556
input_pattern,default,45,24,5,16,0.2,5,0.2,1x16,242,default,baseline,180.7758926243834,176.5525854637374
input_pattern,default,45,24,6,16,0.2,5,0.2,1x16,242,default,baseline,180.7758926243834,177.71427444600084
input_pattern,default,45,24,7,16,0.2,5,0.2,1x16,242,default,baseline,184.40908051414402,178.45559709117296
input_pattern,default,45,24,8,16,0.2,5,0.2,1x16,242,default,baseline,188.8656932748435,180.81548639360676
input_pattern,default,45,24,9,16,0.2,5,0.2,1x16,242,default,baseline,202.78194426933797,185.24816369941877
input_pattern,default,45,24,10,16,0.2,5,0.2,1x16,242,default,baseline,231.07146511613465,198.10300681912003
input_pattern,default,45,24,11,16,0.2,5,0.2,1x16,242,default,baseline,235.77096666951914,218.64211206255126
input_pattern,default,45,24,12,16,0.2,5,0.2,1x16,242,default,baseline,244.6942460443103,228.52442882637098
input_pattern,default,45,24,13,16,0.2,5,0.2,1x16,242,default,baseline,248.68878106303902,239.83278161381855
input_pattern,default,45,24,14,16,0.2,5,0.2,1x16,242,default,baseline,255.64619586642903,244.49264463414465
input_pattern,default,45,24,15,16,0.2,5,0.2,1x16,242,default,baseline,257.1859336099143,251.0133165321209
input_pattern,default,45,24,16,16,0.2,5,0.2,1x16,242,default,baseline,258.6415602944952,251.74457356843197
input_pattern,default,45,24,17,16,0.2,5,0.2,1x16,242,default,baseline,258.6415602944952,253.01190227946998
input_pattern,default,45,24,18,16,0.2,5,0.2,1x16,242,default,baseline,260.61212640563343,256.35342851618776
input_pattern,default,45,24,19,16,0.2,5,0.2,1x16,242,default,baseline,261.64194507877227,257.480867842381
input_pattern,default,45,24,20,16,0.2,5,0.2,1x16,242,default,baseline,263.54823377676064,258.8011258500462
input_pattern,default,45,24,21,16,0.2,5,0.2,1x16,242,default,baseline,263.54823377676064,258.0336519727552
input_pattern,default,45,24,22,16,0.2,5,0.2,1x16,242,default,baseline,263.54823377676064,259.8164997585045
input_pattern,default,45,24,23,16,0.2,5,0.2,1x16,242,default,baseline,263.54823377676064,261.26318586858815
input_pattern,default,45,24,24,16,0.2,5,0.2,1x16,242,default,baseline,263.54823377676064,260.44236842263666
input_pattern,default,46,24,0,16,0.2,5,0.2,1x16,242,default,baseline,164.28817654436307,118.77169150605076
input_pattern,default,46,24,1,16,0.2,5,0.2,1x16,242,default,baseline,166.8268949154229,147.74582748515232
input_pattern,default,46,24,2,16,0.2,5,0.2,1x16,242,default,baseline,179.5078916552671,160.2636704029175
input_pattern,default,46,24,3,16,0.2,5,0.2,1x16,242,default,baseline,185.99843017652137,173.9345468529723
input_pattern,default,46,24,4,16,0.2,5,0.2,1x16,242,default,baseline,193.85370016908925,175.44579869379643
input_pattern,default,46,24,5,16,0.2,5,0.2,1x16,242,default,baseline,206.96233241707108,183.05905919688115
input_pattern,default,46,24,6,16,0.2,5,0.2,1x16,242,default,baseline,211.09013810239998,199.13701040622152
input_pattern,default,46,24,7,16,0.2,5,0.2,1x16,242,default,baseline,218.91695779096202,206.87542180984337
input_pattern,default,46,24,8,16,0.2,5,0.2,1x16,242,default,baseline,224.3890722534631,212.59249090202496
input_pattern,default,46,24,9,16,0.2,5,0.2,1x16,242,default,baseline,230.13508114740176,217.81304013349853
input_pattern,default,46,24,10,16,0.2,5,0.2,1x16,242,default,baseline,234.06157075384832,225.05855412324047
input_pattern,default,46,24,11,16,0.2,5,0.2,1x16,242,default,baseline,237.03590203499917,230.04282828736154
input_pattern,default,46,24,12,16,0.2,5,0.2,1x16,242,default,baseline,244.3639001204516,235.1504993911878
input_pattern,default,46,24,13,16,0.2,5,0.2,1x16,242,default,baseline,247.18526383405336,240.46860987115957
input_pattern,default,46,24,14,16,0.2,5,0.2,1x16,242,default,baseline,247.34055398936238,243.86101751283962
input_pattern,default,46,24,15,16,0.2,5,0.2,1x16,242,default,baseline,249.41354095074365,245.47805017214918
input_pattern,default,46,24,16,16,0.2,5,0.2,1x16,242,default,baseline,252.1713815586668,246.3110646969114
input_pattern,default,46,24,17,16,0.2,5,0.2,1x16,242,default,baseline,252.26398226385675,249.07489797628503
input_pattern,default,46,24,18,16,0.2,5,0.2,1x16,242,default,baseline,254.90151655665653,251.1441157712228
input_pattern,default,46,24,19,16,0.2,5,0.2,1x16,242,default,baseline,256.00273771720595,252.48450796506376
input_pattern,default,46,24,20,16,0.2,5,0.2,1x16,242,default,baseline,256.00273771720595,253.73738064359287
input_pattern,default,46,24,21,16,0.2,5,0.2,1x16,242,default,baseline,256.00273771720595,253.6148709886811
input_pattern,default,46,24,22,16,0.2,5,0.2,1x16,242,default,baseline,256.2887695477716,254.79910636753132
input_pattern,default,46,24,23,16,0.2,5,0.2,1x16,242,default,baseline,257.41025139546076,254.59415176798757
input_pattern,default,46,24,24,16,0.2,5,0.2,1x16,242,default,baseline,257.7308945303985,255.06526958469084
input_pattern,tower_pressure,42,24,0,16,0.2,5,0.2,1x16,242,tower_pressure,baseline,220.6308488929297,118.27290521188317
input_pattern,tower_pressure,42,24,1,16,0.2,5,0.2,1x16,242,tower_pressure,baseline,249.49679120596997,190.04629109346826
input_pattern,tower_pressure,42,24,2,16,0.2,5,0.2,1x16,242,tower_pressure,baseline,254.30633215256472,221.17735136532642
input_pattern,tower_pressure,42,24,3,16,0.2,5,0.2,1x16,242,tower_pressure,baseline,254.30633215256472,243.47274594274177
input_pattern,tower_pressure,42,24,4,16,0.2,5,0.2,1x16,242,tower_pressure,baseline,260.04135059525026,240.36860774263945
input_pattern,tower_pressure,42,24,5,16,0.2,5,0.2,1x16,242,tower_pressure,baseline,261.4914396513375,244.24480247012013
input_pattern,tower_pressure,42,24,6,16,0.2,5,0.2,1x16,242,tower_pressure,baseline,261.4914396513375,252.44295755192474
input_pattern,tower_pressure,42,24,7,16,0.2,5,0.2,1x16,242,tower_pressure,baseline,261.9855179422824,256.810297087775
input_pattern,tower_pressure,42,24,8,16,0.2,5,0.2,1x16,242,tower_pressure,baseline,262.51821646570346,260.54755642096444
input_pattern,tower_pressure,42,24,9,16,0.2,5,0.2,1x16,242,tower_pressure,baseline,262.51821646570346,260.7446848363593
input_pattern,tower_pressure,42,24,10,16,0.2,5,0.2,1x16,242,tower_pressure,baseline,264.0809835222353,262.0974346782984
input_pattern,tower_pressure,42,24,11,16,0.2,5,0.2,1x16,242,tower_pressure,baseline,264.0809835222353,261.64512291041257
input_pattern,tower_pressure,42,24,12,16,0.2,5,0.2,1x16,242,tower_pressure,baseline,264.9573785118466,261.90808285799017
input_pattern,tower_pressure,42,24,13,16,0.2,5,0.2,1x16,242,tower_pressure,baseline,264.9573785118466,263.1135366599194
input_pattern,tower_pressure,42,24,14,16,0.2,5,0.2,1x16,242,tower_pressure,baseline,264.9573785118466,262.65879679146786
input_pattern,tower_pressure,42,24,15,16,0.2,5,0.2,1x16,242,tower_pressure,baseline,264.9573785118466,264.0435041016631
input_pattern,tower_pressure,42,24,16,16,0.2,5,0.2,1x16,242,tower_pressure,baseline,264.9573785118466,262.97993071858156
input_pattern,tower_pressure,42,24,17,16,0.2,5,0.2,1x16,242,tower_pressure,baseline,264.9573785118466,263.31169448903495
input_pattern,tower_pressure,42,24,18,16,0.2,5,0.2,1x16,242,tower_pressure,baseline,264.9573785118466,263.07443477574066
input_pattern,tower_pressure,42,24,19,16,0.2,5,0.2,1x16,242,tower_pressure,baseline,265.50402710764433,263.65136697544335
input_pattern,tower_pressure,42,24,20,16,0.2,5,0.2,1x16,242,tower_pressure,baseline,265.50402710764433,263.3755636085989
input_pattern,tower_pressure,42,24,21,16,0.2,5,0.2,1x16,242,tower_pressure,baseline,265.50402710764433,263.18766950805923
input_pattern,tower_pressure,42,24,22,16,0.2,5,0.2,1x16,242,tower_pressure,baseline,265.50402710764433,263.63778174789854
input_pattern,tower_pressure,42,24,23,16,0.2,5,0.2,1x16,242,tower_pressure,baseline,265.50402710764433,263.1825160693578
input_pattern,tower_pressure,42,24,24,16,0.2,5,0.2,1x16,242,tower_pressure,baseline,265.50402710764433,263.4463114715064
input_pattern,tower_pressure,43,24,0,16,0.2,5,0.2,1x16,242,tower_pressure,baseline,217.00443385608958,138.6849189767898
input_pattern,tower_pressure,43,24,1,16,0.2,5,0.2,1x16,242,tower_pressure,baseline,231.73103694210866,191.07527282395066
input_pattern,tower_pressure,43,24,2,16,0.2,5,0.2,1x16,242,tower_pressure,baseline,255.736323973828,215.90305588357876
input_pattern,tower_pressure,43,24,3,16,0.2,5,0.2,1x16,242,tower_pressure,baseline,256.83474911345195,223.7309679451263
input_pattern,tower_pressure,43,24,4,16,0.2,5,0.2,1x16,242,tower_pressure,baseline,261.44189768446404,252.30635324414033
input_pattern,tower_pressure,43,24,5,16,0.2,5,0.2,1x16,242,tower_pressure,baseline,261.44189768446404,255.97729294086446
input_pattern,tower_pressure,43,24,6,16,0.2,5,0.2,1x16,242,tower_pressure,baseline,261.44189768446404,258.7077976542552
input_pattern,tower_pressure,43,24,7,16,0.2,5,0.2,1x16,242,tower_pressure,baseline,263.66378693473723,261.0618120117024
input_pattern,tower_pressure,43,24,8,16,0.2,5,0.2,1x16,242,tower_pressure,baseline,263.80079061329843,261.22453736380106
input_pattern,tower_pressure,43,24,9,16,0.2,5,0.2,1x16,242,tower_pressure,baseline,264.27695857309004,262.34529847001625
input_pattern,tower_pressure,43,24,10,16,0.2,5,0.2,1x16,242,tower_pressure,baseline,264.27695857309004,262.8797557600843
input_pattern,tower_pressure,43,24,11,16,0.2,5,0.2,1x16,242,tower_pressure,baseline,264.6263250567175,262.90446621158077
input_pattern,tower_pressure,43,24,12,16,0.2,5,0.2,1x16,242,tower_pressure,baseline,264.7283164294321,262.8550737245716
input_pattern,tower_pressure,43,24,13,16,0.2,5,0.2,1x16,242,tower_pressure,baseline,264.7283164294321,263.28442135435057
input_pattern,tower_pressure,43,24,14,16,0.2,5,0.2,1x16,242,tower_pressure,baseline,264.7283164294321,263.3844432094462
input_pattern,tower_pressure,43,24,15,16,0.2,5,0.2,1x16,242,tower_pressure,baseline,264.9939441049706,263.8244229602858
input_pattern,tower_pressure,43,24,16,16,0.2,5,0.2,1x16,242,tower_pressure,baseline,265.32042640699717,263.16464066704737
input_pattern,tower_pressure,43,24,17,16,0.2,5,0.2,1x16,242,tower_pressure,baseline,265.32042640699717,263.73678980096656
input_pattern,tower_pressure,43,24,18,16,0.2,5,0.2,1x16,242,tower_pressure,baseline,265.3396676776963,263.49054501464553
input_pattern,tower_pressure,43,24,19,16,0.2,5,0.2,1x16,242,tower_pressure,baseline,265.3396676776963,263.344397861388
input_pattern,tower_pressure,43,24,20,16,0.2,5,0.2,1x16,242,tower_pressure,baseline,265.3396676776963,263.3477436053717
input_pattern,tower_pressure,43,24,21,16,0.2,5,0.2,1x16,242,tower_pressure,baseline,265.3396676776963,263.0394722577685
input_pattern,tower_pressure,43,24,22,16,0.2,5,0.2,1x16,242,tower_pressure,baseline,265.3396676776963,263.8553866595911
input_pattern,tower_pressure,43,24,23,16,0.2,5,0.2,1x16,242,tower_pressure,baseline,265.3396676776963,263.7786829925809
input_pattern,tower_pressure,43,24,24,16,0.2,5,0.2,1x16,242,tower_pressure,baseline,265.3396676776963,263.6893490788452
input_pattern,tower_pressure,44,24,0,16,0.2,5,0.2,1x16,242,tower_pressure,baseline,247.57228496789395,118.69610102048146
input_pattern,tower_pressure,44,24,1,16,0.2,5,0.2,1x16,242,tower_pressure,baseline,250.60032373558988,165.71547041949376
input_pattern,tower_pressure,44,24,2,16,0.2,5,0.2,1x16,242,tower_pressure,baseline,251.9145969044438,221.61217060362875
input_pattern,tower_pressure,44,24,3,16,0.2,5,0.2,1x16,242,tower_pressure,baseline,255.24180150885036,239.4242393328405
input_pattern,tower_pressure,44,24,4,16,0.2,5,0.2,1x16,242,tower_pressure,baseline,256.98361458773434,230.39931357570458
input_pattern,tower_pressure,44,24,5,16,0.2,5,0.2,1x16,242,tower_pressure,baseline,259.0005602067663,253.3679985421681
input_pattern,tower_pressure,44,24,6,16,0.2,5,0.2,1x16,242,tower_pressure,baseline,259.0005602067663,257.0335237605973
input_pattern,tower_pressure,44,24,7,16,0.2,5,0.2,1x16,242,tower_pressure,baseline,259.70295542127786,257.6826287570315
input_pattern,tower_pressure,44,24,8,16,0.2,5,0.2,1x16,242,tower_pressure,baseline,259.9660277965381,258.90230918114634
input_pattern,tower_pressure,44,24,9,16,0.2,5,0.2,1x16,242,tower_pressure,baseline,260.67001805248555,258.8154794188932
input_pattern,tower_pressure,44,24,10,16,0.2,5,0.2,1x16,242,tower_pressure,baseline,261.4506664427863,259.12937642540874
input_pattern,tower_pressure,44,24,11,16,0.2,5,0.2,1x16,242,tower_pressure,baseline,261.6157549718755,259.64277104919546
input_pattern,tower_pressure,44,24,12,16,0.2,5,0.2,1x16,242,tower_pressure,baseline,261.95603844947954,260.0247961635498
input_pattern,tower_pressure,44,24,13,16,0.2,5,0.2,1x16,242,tower_pressure,baseline,261.9670410671021,260.2923725638847
input_pattern,tower_pressure,44,24,14,16,0.2,5,0.2,1x16,242,tower_pressure,baseline,262.99322231957035,261.33830808615664
input_pattern,tower_pressure,44,24,15,16,0.2,5,0.2,1x16,242,tower_pressure,baseline,262.99322231957035,261.77852964359266
input_pattern,tower_pressure,44,24,16,16,0.2,5,0.2,1x16,242,tower_pressure,baseline,263.978857908716,262.18080454832017
input_pattern,tower_pressure,44,24,17,16,0.2,5,0.2,1x16,242,tower_pressure,baseline,264.27309177516145,262.2277166742174
input_pattern,tower_pressure,44,24,18,16,0.2,5,0.2,1x16,242,tower_pressure,baseline,264.82465791929957,261.5278143919104
input_pattern,tower_pressure,44,24,19,16,0.2,5,0.2,1x16,242,tower_pressure,baseline,264.82465791929957,263.4758434355815
input_pattern,tower_pressure,44,24,20,16,0.2,5,0.2,1x16,242,tower_pressure,baseline,265.29572595224954,263.6552698622761
input_pattern,tower_pressure,44,24,21,16,0.2,5,0.2,1x16,242,tower_pressure,baseline,265.29572595224954,263.9059322583263
input_pattern,tower_pressure,44,24,22,16,0.2,5,0.2,1x16,242,tower_pressure,baseline,265.33618255940405,263.6894548985324
input_pattern,tower_pressure,44,24,23,16,0.2,5,0.2,1x16,242,tower_pressure,baseline,265.33618255940405,263.20007012270617
input_pattern,tower_pressure,44,24,24,16,0.2,5,0.2,1x16,242,tower_pressure,baseline,265.33618255940405,263.1951308421465
input_pattern,tower_pressure,45,24,0,16,0.2,5,0.2,1x16,242,tower_pressure,baseline,256.3389700926026,159.097793486347
input_pattern,tower_pressure,45,24,1,16,0.2,5,0.2,1x16,242,tower_pressure,baseline,259.9312049812633,227.1563740106352
input_pattern,tower_pressure,45,24,2,16,0.2,5,0.2,1x16,242,tower_pressure,baseline,259.94257086959726,237.16448478660368
input_pattern,tower_pressure,45,24,3,16,0.2,5,0.2,1x16,242,tower_pressure,baseline,260.938716811544,250.14598629612635
input_pattern,tower_pressure,45,24,4,16,0.2,5,0.2,1x16,242,tower_pressure,baseline,260.938716811544,260.0775977395241
input_pattern,tower_pressure,45,24,5,16,0.2,5,0.2,1x16,242,tower_pressure,baseline,262.18623400709043,259.4969943629652
input_pattern,tower_pressure,45,24,6,16,0.2,5,0.2,1x16,242,tower_pressure,baseline,262.18623400709043,260.57273154617076
input_pattern,tower_pressure,45,24,7,16,0.2,5,0.2,1x16,242,tower_pressure,baseline,264.82938044491914,261.1932056702816
input_pattern,tower_pressure,45,24,8,16,0.2,5,0.2,1x16,242,tower_pressure,baseline,264.82938044491914,262.08103824492633
input_pattern,tower_pressure,45,24,9,16,0.2,5,0.2,1x16,242,tower_pressure,baseline,264.82938044491914,261.88088369437423
input_pattern,tower_pressure,45,24,10,16,0.2,5,0.2,1x16,242,tower_pressure,baseline,264.89815268655195,262.5817585745933
input_pattern,tower_pressure,45,24,11,16,0.2,5,0.2,1x16,242,tower_pressure,baseline,264.89815268655195,263.1142136945882
input_pattern,tower_pressure,45,24,12,16,0.2,5,0.2,1x16,242,tower_pressure,baseline,264.99796878620754,262.8494903159099
input_pattern,tower_pressure,45,24,13,16,0.2,5,0.2,1x16,242,tower_pressure,baseline,265.20283624902055,263.0081740828508
input_pattern,tower_pressure,45,24,14,16,0.2,5,0.2,1x16,242,tower_pressure,baseline,265.20283624902055,263.51478965598926
input_pattern,tower_pressure,45,24,15,16,0.2,5,0.2,1x16,242,tower_pressure,baseline,265.20283624902055,262.6167982667007
input_pattern,tower_pressure,45,24,16,16,0.2,5,0.2,1x16,242,tower_pressure,baseline,265.25394091492933,263.4100030189611
input_pattern,tower_pressure,45,24,17,16,0.2,5,0.2,1x16,242,tower_pressure,baseline,265.36807817662856,263.6286251770667
input_pattern,tower_pressure,45,24,18,16,0.2,5,0.2,1x16,242,tower_pressure,baseline,265.36807817662856,263.53055806327205
input_pattern,tower_pressure,45,24,19,16,0.2,5,0.2,1x16,242,tower_pressure,baseline,265.36807817662856,263.0141772984538
input_pattern,tower_pressure,45,24,20,16,0.2,5,0.2,1x16,242,tower_pressure,baseline,265.4918083684594,262.73342051140554
input_pattern,tower_pressure,45,24,21,16,0.2,5,0.2,1x16,242,tower_pressure,baseline,265.6601877893304,263.2492549459456
input_pattern,tower_pressure,45,24,22,16,0.2,5,0.2,1x16,242,tower_pressure,baseline,265.6601877893304,263.90717525345104
input_pattern,tower_pressure,45,24,23,16,0.2,5,0.2,1x16,242,tower_pressure,baseline,265.6601877893304,263.20709155125394
input_pattern,tower_pressure,45,24,24,16,0.2,5,0.2,1x16,242,tower_pressure,baseline,265.6601877893304,262.8785369893287
input_pattern,tower_pressure,46,24,0,16,0.2,5,0.2,1x16,242,tower_pressure,baseline,229.86930792613578,115.9396032940256
input_pattern,tower_pressure,46,24,1,16,0.2,5,0.2,1x16,242,tower_pressure,baseline,255.8011049189796,205.46120140476796
input_pattern,tower_pressure,46,24,2,16,0.2,5,0.2,1x16,242,tower_pressure,baseline,257.12632068441735,235.67148636373767
input_pattern,tower_pressure,46,24,3,16,0.2,5,0.2,1x16,242,tower_pressure,baseline,257.6311279627601,251.15433125112753
input_pattern,tower_pressure,46,24,4,16,0.2,5,0.2,1x16,242,tower_pressure,baseline,257.9427451675334,256.42332172860233
input_pattern,tower_pressure,46,24,5,16,0.2,5,0.2,1x16,242,tower_pressure,baseline,257.9427451675334,256.1970611416102
input_pattern,tower_pressure,46,24,6,16,0.2,5,0.2,1x16,242,tower_pressure,baseline,258.0086655938619,256.32424855407044
input_pattern,tower_pressure,46,24,7,16,0.2,5,0.2,1x16,242,tower_pressure,baseline,258.62051187795896,256.5452288927978
input_pattern,tower_pressure,46,24,8,16,0.2,5,0.2,1x16,242,tower_pressure,baseline,259.66026228094415,257.4742257289944
input_pattern,tower_pressure,46,24,9,16,0.2,5,0.2,1x16,242,tower_pressure,baseline,259.8623645975272,257.91627120169886
input_pattern,tower_pressure,46,24,10,16,0.2,5,0.2,1x16,242,tower_pressure,baseline,259.8623645975272,258.2836485042754
input_pattern,tower_pressure,46,24,11,16,0.2,5,0.2,1x16,242,tower_pressure,baseline,260.70783648858526,258.1319218484937
input_pattern,tower_pressure,46,24,12,16,0.2,5,0.2,1x16,242,tower_pressure,baseline,261.9081207421044,258.84042262656044
input_pattern,tower_pressure,46,24,13,16,0.2,5,0.2,1x16,242,tower_pressure,baseline,261.9322719380884,259.6991629619761
input_pattern,tower_pressure,46,24,14,16,0.2,5,0.2,1x16,242,tower_pressure,baseline,261.9874867340355,260.07841991748177
input_pattern,tower_pressure,46,24,15,16,0.2,5,0.2,1x16,242,tower_pressure,baseline,263.0917025032744,261.14633672913067
input_pattern,tower_pressure,46,24,16,16,0.2,5,0.2,1x16,242,tower_pressure,baseline,263.15488599315483,261.33512354542347
input_pattern,tower_pressure,46,24,17,16,0.2,5,0.2,1x16,242,tower_pressure,baseline,263.35935025331366,262.04496550743255
input_pattern,tower_pressure,46,24,18,16,0.2,5,0.2,1x16,242,tower_pressure,baseline,264.1490510081603,262.27764382798364
input_pattern,tower_pressure,46,24,19,16,0.2,5,0.2,1x16,242,tower_pressure,baseline,264.1490510081603,262.0448697461486
input_pattern,tower_pressure,46,24,20,16,0.2,5,0.2,1x16,242,tower_pressure,baseline,264.32668039308015,261.99539250996133
input_pattern,tower_pressure,46,24,21,16,0.2,5,0.2,1x16,242,tower_pressure,baseline,264.636777421972,261.8259352945189
input_pattern,tower_pressure,46,24,22,16,0.2,5,0.2,1x16,242,tower_pressure,baseline,264.636777421972,262.28402053657493
input_pattern,tower_pressure,46,24,23,16,0.2,5,0.2,1x16,242,tower_pressure,baseline,264.636777421972,262.8954922204754
input_pattern,tower_pressure,46,24,24,16,0.2,5,0.2,1x16,242,tower_pressure,baseline,264.636777421972,262.55022158576
input_pattern,mixed_positions,42,24,0,16,0.2,5,0.2,1x16,242,mixed_positions,baseline,189.60661932997755,114.32762554830272
input_pattern,mixed_positions,42,24,1,16,0.2,5,0.2,1x16,242,mixed_positions,baseline,227.3221592549261,163.52948649382475
input_pattern,mixed_positions,42,24,2,16,0.2,5,0.2,1x16,242,mixed_positions,baseline,233.06906206568394,170.07970685355366
input_pattern,mixed_positions,42,24,3,16,0.2,5,0.2,1x16,242,mixed_positions,baseline,235.97037381984683,187.10498926760891
input_pattern,mixed_positions,42,24,4,16,0.2,5,0.2,1x16,242,mixed_positions,baseline,242.12233446359036,201.12437323674175
input_pattern,mixed_positions,42,24,5,16,0.2,5,0.2,1x16,242,mixed_positions,baseline,244.44837306050695,237.70162722248716
input_pattern,mixed_positions,42,24,6,16,0.2,5,0.2,1x16,242,mixed_positions,baseline,248.43058804391146,242.49875929648243
input_pattern,mixed_positions,42,24,7,16,0.2,5,0.2,1x16,242,mixed_positions,baseline,251.2582100341927,246.55574397880326
input_pattern,mixed_positions,42,24,8,16,0.2,5,0.2,1x16,242,mixed_positions,baseline,255.59623067419204,249.58416525107438
input_pattern,mixed_positions,42,24,9,16,0.2,5,0.2,1x16,242,mixed_positions,baseline,256.951204988372,253.6158828754254
input_pattern,mixed_positions,42,24,10,16,0.2,5,0.2,1x16,242,mixed_positions,baseline,258.4760724962233,255.43369652930375
input_pattern,mixed_positions,42,24,11,16,0.2,5,0.2,1x16,242,mixed_positions,baseline,258.92924023335854,256.50037754597554
input_pattern,mixed_positions,42,24,12,16,0.2,5,0.2,1x16,242,mixed_positions,baseline,259.5731664710436,257.38835440946275
input_pattern,mixed_positions,42,24,13,16,0.2,5,0.2,1x16,242,mixed_positions,baseline,261.3312924086835,258.98343937862455
input_pattern,mixed_positions,42,24,14,16,0.2,5,0.2,1x16,242,mixed_positions,baseline,261.3312924086835,259.08599663291886
input_pattern,mixed_positions,42,24,15,16,0.2,5,0.2,1x16,242,mixed_positions,baseline,262.621854673198,260.5415868983179
input_pattern,mixed_positions,42,24,16,16,0.2,5,0.2,1x16,242,mixed_positions,baseline,262.621854673198,260.7790112807144
input_pattern,mixed_positions,42,24,17,16,0.2,5,0.2,1x16,242,mixed_positions,baseline,263.86690484584767,261.78634851088503
input_pattern,mixed_positions,42,24,18,16,0.2,5,0.2,1x16,242,mixed_positions,baseline,264.546661414858,261.9101609678047
input_pattern,mixed_positions,42,24,19,16,0.2,5,0.2,1x16,242,mixed_positions,baseline,264.8296538871211,263.0899754439634
input_pattern,mixed_positions,42,24,20,16,0.2,5,0.2,1x16,242,mixed_positions,baseline,264.8296538871211,263.3964053865933
input_pattern,mixed_positions,42,24,21,16,0.2,5,0.2,1x16,242,mixed_positions,baseline,264.8296538871211,263.28629437578593
input_pattern,mixed_positions,42,24,22,16,0.2,5,0.2,1x16,242,mixed_positions,baseline,264.8920239047763,263.18318060920143
input_pattern,mixed_positions,42,24,23,16,0.2,5,0.2,1x16,242,mixed_positions,baseline,264.8920239047763,262.90362035267435
input_pattern,mixed_positions,42,24,24,16,0.2,5,0.2,1x16,242,mixed_positions,baseline,265.082007596912,263.3139218755716
input_pattern,mixed_positions,43,24,0,16,0.2,5,0.2,1x16,242,mixed_positions,baseline,224.98289126617328,152.1626914284136
input_pattern,mixed_positions,43,24,1,16,0.2,5,0.2,1x16,242,mixed_positions,baseline,252.59090134638774,172.17494269032096
input_pattern,mixed_positions,43,24,2,16,0.2,5,0.2,1x16,242,mixed_positions,baseline,252.59090134638774,194.45697264163584
input_pattern,mixed_positions,43,24,3,16,0.2,5,0.2,1x16,242,mixed_positions,baseline,255.43421386601827,233.52436404254155
input_pattern,mixed_positions,43,24,4,16,0.2,5,0.2,1x16,242,mixed_positions,baseline,256.78711760034724,253.20799372139086
input_pattern,mixed_positions,43,24,5,16,0.2,5,0.2,1x16,242,mixed_positions,baseline,259.7252875285665,256.3014483018512
input_pattern,mixed_positions,43,24,6,16,0.2,5,0.2,1x16,242,mixed_positions,baseline,260.11077399910516,257.26503161542297
input_pattern,mixed_positions,43,24,7,16,0.2,5,0.2,1x16,242,mixed_positions,baseline,262.29625267041706,259.74320834783407
input_pattern,mixed_positions,43,24,8,16,0.2,5,0.2,1x16,242,mixed_positions,baseline,262.6844121359629,260.35301396697037
input_pattern,mixed_positions,43,24,9,16,0.2,5,0.2,1x16,242,mixed_positions,baseline,263.8246240548327,261.03891532423086
input_pattern,mixed_positions,43,24,10,16,0.2,5,0.2,1x16,242,mixed_positions,baseline,264.62269156033796,262.1376247687835
input_pattern,mixed_positions,43,24,11,16,0.2,5,0.2,1x16,242,mixed_positions,baseline,265.04196910991027,262.61577344172844
input_pattern,mixed_positions,43,24,12,16,0.2,5,0.2,1x16,242,mixed_positions,baseline,265.384508664211,263.24636347082117
input_pattern,mixed_positions,43,24,13,16,0.2,5,0.2,1x16,242,mixed_positions,baseline,265.384508664211,262.36489635176383
input_pattern,mixed_positions,43,24,14,16,0.2,5,0.2,1x16,242,mixed_positions,baseline,265.384508664211,262.4143757903689
input_pattern,mixed_positions,43,24,15,16,0.2,5,0.2,1x16,242,mixed_positions,baseline,265.384508664211,262.9262622752445
input_pattern,mixed_positions,43,24,16,16,0.2,5,0.2,1x16,242,mixed_positions,baseline,265.384508664211,263.3424834045099
input_pattern,mixed_positions,43,24,17,16,0.2,5,0.2,1x16,242,mixed_positions,baseline,265.384508664211,262.99538987076835
input_pattern,mixed_positions,43,24,18,16,0.2,5,0.2,1x16,242,mixed_positions,baseline,265.384508664211,263.17907084978964
input_pattern,mixed_positions,43,24,19,16,0.2,5,0.2,1x16,242,mixed_positions,baseline,265.384508664211,263.0241270123139
input_pattern,mixed_positions,43,24,20,16,0.2,5,0.2,1x16,242,mixed_positions,baseline,265.384508664211,263.03735681918306
input_pattern,mixed_positions,43,24,21,16,0.2,5,0.2,1x16,242,mixed_positions,baseline,265.384508664211,262.8847183452814
input_pattern,mixed_positions,43,24,22,16,0.2,5,0.2,1x16,242,mixed_positions,baseline,265.384508664211,262.97154681076216
input_pattern,mixed_positions,43,24,23,16,0.2,5,0.2,1x16,242,mixed_positions,baseline,265.384508664211,263.47456684224255
input_pattern,mixed_positions,43,24,24,16,0.2,5,0.2,1x16,242,mixed_positions,baseline,265.384508664211,262.9291740088717
input_pattern,mixed_positions,44,24,0,16,0.2,5,0.2,1x16,242,mixed_positions,baseline,222.53837858232112,125.59427350426724
input_pattern,mixed_positions,44,24,1,16,0.2,5,0.2,1x16,242,mixed_positions,baseline,245.18271127909736,182.70470186067035
input_pattern,mixed_positions,44,24,2,16,0.2,5,0.2,1x16,242,mixed_positions,baseline,245.18271127909736,203.65885691520728
input_pattern,mixed_positions,44,24,3,16,0.2,5,0.2,1x16,242,mixed_positions,baseline,246.71432039668994,225.75526321813754
input_pattern,mixed_positions,44,24,4,16,0.2,5,0.2,1x16,242,mixed_positions,baseline,251.84756536165605,245.33937374992942
input_pattern,mixed_positions,44,24,5,16,0.2,5,0.2,1x16,242,mixed_positions,baseline,257.9236862671965,249.62481561323023
input_pattern,mixed_positions,44,24,6,16,0.2,5,0.2,1x16,242,mixed_positions,baseline,257.9236862671965,251.64125392067666
input_pattern,mixed_positions,44,24,7,16,0.2,5,0.2,1x16,242,mixed_positions,baseline,259.5011662795588,256.00763762713166
input_pattern,mixed_positions,44,24,8,16,0.2,5,0.2,1x16,242,mixed_positions,baseline,260.39797955162635,257.28291594443
input_pattern,mixed_positions,44,24,9,16,0.2,5,0.2,1x16,242,mixed_positions,baseline,260.8151107104075,257.823180550251
input_pattern,mixed_positions,44,24,10,16,0.2,5,0.2,1x16,242,mixed_positions,baseline,261.5934513750278,259.08013230759786
input_pattern,mixed_positions,44,24,11,16,0.2,5,0.2,1x16,242,mixed_positions,baseline,261.72284803959525,260.0448852732277
input_pattern,mixed_positions,44,24,12,16,0.2,5,0.2,1x16,242,mixed_positions,baseline,263.3566224141787,260.09168226575804
input_pattern,mixed_positions,44,24,13,16,0.2,5,0.2,1x16,242,mixed_positions,baseline,263.65606221044004,261.1730620727485
input_pattern,mixed_positions,44,24,14,16,0.2,5,0.2,1x16,242,mixed_positions,baseline,263.72877331313816,261.40999272147474
input_pattern,mixed_positions,44,24,15,16,0.2,5,0.2,1x16,242,mixed_positions,baseline,263.8313535961093,262.12809394486703
input_pattern,mixed_positions,44,24,16,16,0.2,5,0.2,1x16,242,mixed_positions,baseline,263.8313535961093,262.9493053080214
input_pattern,mixed_positions,44,24,17,16,0.2,5,0.2,1x16,242,mixed_positions,baseline,264.5330135096805,263.2974893164803
input_pattern,mixed_positions,44,24,18,16,0.2,5,0.2,1x16,242,mixed_positions,baseline,264.5330135096805,263.11076825661246
input_pattern,mixed_positions,44,24,19,16,0.2,5,0.2,1x16,242,mixed_positions,baseline,265.24400648662663,263.2849256942127
input_pattern,mixed_positions,44,24,20,16,0.2,5,0.2,1x16,242,mixed_positions,baseline,265.24400648662663,263.44031531746873
input_pattern,mixed_positions,44,24,21,16,0.2,5,0.2,1x16,242,mixed_positions,baseline,265.24400648662663,262.86454451110916
input_pattern,mixed_positions,44,24,22,16,0.2,5,0.2,1x16,242,mixed_positions,baseline,265.24400648662663,263.0539685973954
input_pattern,mixed_positions,44,24,23,16,0.2,5,0.2,1x16,242,mixed_positions,baseline,265.24400648662663,263.2808983161673
input_pattern,mixed_positions,44,24,24,16,0.2,5,0.2,1x16,242,mixed_positions,baseline,265.24400648662663,262.98907457498194
input_pattern,mixed_positions,45,24,0,16,0.2,5,0.2,1x16,242,mixed_positions,baseline,249.66883082685504,140.06872471993313
input_pattern,mixed_positions,45,24,1,16,0.2,5,0.2,1x16,242,mixed_positions,baseline,252.52873099461192,210.71419682161104
input_pattern,mixed_positions,45,24,2,16,0.2,5,0.2,1x16,242,mixed_positions,baseline,254.38702261377006,225.18069635858603
input_pattern,mixed_positions,45,24,3,16,0.2,5,0.2,1x16,242,mixed_positions,baseline,256.8059746448831,239.69943418453062
input_pattern,mixed_positions,45,24,4,16,0.2,5,0.2,1x16,242,mixed_positions,baseline,257.17109350663065,254.3056441396816
input_pattern,mixed_positions,45,24,5,16,0.2,5,0.2,1x16,242,mixed_positions,baseline,259.30706221903137,255.3465795934497
input_pattern,mixed_positions,45,24,6,16,0.2,5,0.2,1x16,242,mixed_positions,baseline,261.70619625491923,257.30418584880016
input_pattern,mixed_positions,45,24,7,16,0.2,5,0.2,1x16,242,mixed_positions,baseline,261.70619625491923,258.35906485184387
input_pattern,mixed_positions,45,24,8,16,0.2,5,0.2,1x16,242,mixed_positions,baseline,263.68243302246617,259.6582317604369
input_pattern,mixed_positions,45,24,9,16,0.2,5,0.2,1x16,242,mixed_positions,baseline,263.68243302246617,260.84812046681213
input_pattern,mixed_positions,45,24,10,16,0.2,5,0.2,1x16,242,mixed_positions,baseline,263.70610061729803,261.29951772150457
input_pattern,mixed_positions,45,24,11,16,0.2,5,0.2,1x16,242,mixed_positions,baseline,264.6358142240725,262.36610409921065
input_pattern,mixed_positions,45,24,12,16,0.2,5,0.2,1x16,242,mixed_positions,baseline,264.6358142240725,261.7394838098546
input_pattern,mixed_positions,45,24,13,16,0.2,5,0.2,1x16,242,mixed_positions,baseline,264.6358142240725,262.2258655807752
input_pattern,mixed_positions,45,24,14,16,0.2,5,0.2,1x16,242,mixed_positions,baseline,264.8964335345336,262.6591984687033
input_pattern,mixed_positions,45,24,15,16,0.2,5,0.2,1x16,242,mixed_positions,baseline,264.8964335345336,263.2938508042313
input_pattern,mixed_positions,45,24,16,16,0.2,5,0.2,1x16,242,mixed_positions,baseline,264.8964335345336,263.22344264482007
input_pattern,mixed_positions,45,24,17,16,0.2,5,0.2,1x16,242,mixed_positions,baseline,264.9433716583007,263.4941466292441
input_pattern,mixed_positions,45,24,18,16,0.2,5,0.2,1x16,242,mixed_positions,baseline,264.9433716583007,263.17582848130905
input_pattern,mixed_positions,45,24,19,16,0.2,5,0.2,1x16,242,mixed_positions,baseline,264.9433716583007,263.35645417315527
input_pattern,mixed_positions,45,24,20,16,0.2,5,0.2,1x16,242,mixed_positions,baseline,264.9433716583007,262.6004382221786
input_pattern,mixed_positions,45,24,21,16,0.2,5,0.2,1x16,242,mixed_positions,baseline,265.08188930150726,263.25730712528014
input_pattern,mixed_positions,45,24,22,16,0.2,5,0.2,1x16,242,mixed_positions,baseline,265.08188930150726,263.1290419047674
input_pattern,mixed_positions,45,24,23,16,0.2,5,0.2,1x16,242,mixed_positions,baseline,265.17028378376517,263.0258870716168
input_pattern,mixed_positions,45,24,24,16,0.2,5,0.2,1x16,242,mixed_positions,baseline,265.17028378376517,262.98733730278127
input_pattern,mixed_positions,46,24,0,16,0.2,5,0.2,1x16,242,mixed_positions,baseline,231.50413465182402,124.91642825097702
input_pattern,mixed_positions,46,24,1,16,0.2,5,0.2,1x16,242,mixed_positions,baseline,235.53296587623,170.6243314333322
input_pattern,mixed_positions,46,24,2,16,0.2,5,0.2,1x16,242,mixed_positions,baseline,235.53296587623,205.38201942501473
input_pattern,mixed_positions,46,24,3,16,0.2,5,0.2,1x16,242,mixed_positions,baseline,241.80526972130627,234.54926847675594
input_pattern,mixed_positions,46,24,4,16,0.2,5,0.2,1x16,242,mixed_positions,baseline,244.30390687036464,239.77758438577817
input_pattern,mixed_positions,46,24,5,16,0.2,5,0.2,1x16,242,mixed_positions,baseline,246.66613161855582,241.82701013421246
input_pattern,mixed_positions,46,24,6,16,0.2,5,0.2,1x16,242,mixed_positions,baseline,248.74844689481822,245.07339745848753
input_pattern,mixed_positions,46,24,7,16,0.2,5,0.2,1x16,242,mixed_positions,baseline,252.3072509833707,247.9877071168089
input_pattern,mixed_positions,46,24,8,16,0.2,5,0.2,1x16,242,mixed_positions,baseline,253.43216457359725,250.21582706597536
input_pattern,mixed_positions,46,24,9,16,0.2,5,0.2,1x16,242,mixed_positions,baseline,256.92917847839556,252.68414085302035
input_pattern,mixed_positions,46,24,10,16,0.2,5,0.2,1x16,242,mixed_positions,baseline,257.93638118950355,256.36526724633734
input_pattern,mixed_positions,46,24,11,16,0.2,5,0.2,1x16,242,mixed_positions,baseline,258.85397829991746,257.5183426533585
input_pattern,mixed_positions,46,24,12,16,0.2,5,0.2,1x16,242,mixed_positions,baseline,261.0817075462561,257.54187477724093
input_pattern,mixed_positions,46,24,13,16,0.2,5,0.2,1x16,242,mixed_positions,baseline,261.0817075462561,257.81637371769233
input_pattern,mixed_positions,46,24,14,16,0.2,5,0.2,1x16,242,mixed_positions,baseline,261.0817075462561,258.7062153749519
input_pattern,mixed_positions,46,24,15,16,0.2,5,0.2,1x16,242,mixed_positions,baseline,261.0817075462561,258.84039087791416
input_pattern,mixed_positions,46,24,16,16,0.2,5,0.2,1x16,242,mixed_positions,baseline,261.82132670569956,259.9565248201767
input_pattern,mixed_positions,46,24,17,16,0.2,5,0.2,1x16,242,mixed_positions,baseline,262.0385689008201,260.4670760487744
input_pattern,mixed_positions,46,24,18,16,0.2,5,0.2,1x16,242,mixed_positions,baseline,262.1772156456593,261.0092133673506
input_pattern,mixed_positions,46,24,19,16,0.2,5,0.2,1x16,242,mixed_positions,baseline,263.2756273374057,261.1297713993566
input_pattern,mixed_positions,46,24,20,16,0.2,5,0.2,1x16,242,mixed_positions,baseline,263.42401026335574,262.01971276703955
input_pattern,mixed_positions,46,24,21,16,0.2,5,0.2,1x16,242,mixed_positions,baseline,263.62874756585245,262.00266890961393
input_pattern,mixed_positions,46,24,22,16,0.2,5,0.2,1x16,242,mixed_positions,baseline,263.643785965681,262.4932258337525
input_pattern,mixed_positions,46,24,23,16,0.2,5,0.2,1x16,242,mixed_positions,baseline,264.03806047706644,262.38229850894913
input_pattern,mixed_positions,46,24,24,16,0.2,5,0.2,1x16,242,mixed_positions,baseline,264.36865831853146,262.37330560426653
